<?xml version="1.0" encoding="utf-8" ?>
<kml xmlns="http://www.opengis.net/kml/2.2">
<Document id="root_doc">
<Schema name="india_acs_map__ac" id="india_acs_map__ac">
	<SimpleField name="id" type="string"></SimpleField>
	<SimpleField name="timestamp" type="string"></SimpleField>
	<SimpleField name="begin" type="string"></SimpleField>
	<SimpleField name="end" type="string"></SimpleField>
	<SimpleField name="altitudeMode" type="string"></SimpleField>
	<SimpleField name="tessellate" type="int"></SimpleField>
	<SimpleField name="extrude" type="int"></SimpleField>
	<SimpleField name="visibility" type="int"></SimpleField>
	<SimpleField name="drawOrder" type="int"></SimpleField>
	<SimpleField name="icon" type="string"></SimpleField>
	<SimpleField name="OBJECTID_1" type="float"></SimpleField>
	<SimpleField name="OBJECTID" type="float"></SimpleField>
	<SimpleField name="st_code" type="string"></SimpleField>
	<SimpleField name="st_name" type="string"></SimpleField>
	<SimpleField name="dt_code" type="string"></SimpleField>
	<SimpleField name="dist_name" type="string"></SimpleField>
	<SimpleField name="ac_no" type="float"></SimpleField>
	<SimpleField name="ac_name" type="string"></SimpleField>
	<SimpleField name="pc_no" type="float"></SimpleField>
	<SimpleField name="pc_name" type="string"></SimpleField>
	<SimpleField name="pc_id" type="float"></SimpleField>
	<SimpleField name="status" type="string"></SimpleField>
	<SimpleField name="State_LGD" type="float"></SimpleField>
	<SimpleField name="Dist_LGD" type="float"></SimpleField>
	<SimpleField name="SHAPE_Leng" type="float"></SimpleField>
	<SimpleField name="Type" type="string"></SimpleField>
	<SimpleField name="Phase" type="string"></SimpleField>
	<SimpleField name="DOP" type="string"></SimpleField>
	<SimpleField name="Poll_Day" type="string"></SimpleField>
	<SimpleField name="DOA" type="string"></SimpleField>
	<SimpleField name="DOIN" type="string"></SimpleField>
	<SimpleField name="LDFN" type="string"></SimpleField>
	<SimpleField name="DSN" type="string"></SimpleField>
	<SimpleField name="LDWC" type="string"></SimpleField>
	<SimpleField name="DOCV" type="string"></SimpleField>
	<SimpleField name="Shape_Le_1" type="float"></SimpleField>
	<SimpleField name="Shape_Ar_1" type="float"></SimpleField>
	<SimpleField name="Shape_Length" type="float"></SimpleField>
	<SimpleField name="Shape_Area" type="float"></SimpleField>
</Schema>
<Folder><name>india_acs_map__ac</name>
  <Placemark id="india_acs_map__ac.1">
	<Style><LineStyle><color>ff0000ff</color></LineStyle><PolyStyle><fill>0</fill></PolyStyle></Style>
	<ExtendedData><SchemaData schemaUrl="#india_acs_map__ac">
		<SimpleData name="id">ac.2335</SimpleData>
		<SimpleData name="tessellate">-1</SimpleData>
		<SimpleData name="extrude">0</SimpleData>
		<SimpleData name="visibility">-1</SimpleData>
		<SimpleData name="OBJECTID_1">2335</SimpleData>
		<SimpleData name="OBJECTID">2335</SimpleData>
		<SimpleData name="st_code">22</SimpleData>
		<SimpleData name="st_name">TAMIL NADU</SimpleData>
		<SimpleData name="dt_code">602</SimpleData>
		<SimpleData name="dist_name">Thiruvallur</SimpleData>
		<SimpleData name="ac_no">2</SimpleData>
		<SimpleData name="ac_name">Ponneri</SimpleData>
		<SimpleData name="pc_no">1</SimpleData>
		<SimpleData name="pc_name">Thiruvallur</SimpleData>
		<SimpleData name="pc_id">331</SimpleData>
		<SimpleData name="status"></SimpleData>
		<SimpleData name="State_LGD">33</SimpleData>
		<SimpleData name="Dist_LGD">589</SimpleData>
		<SimpleData name="SHAPE_Leng">0</SimpleData>
		<SimpleData name="Type"></SimpleData>
		<SimpleData name="Phase"></SimpleData>
		<SimpleData name="Poll_Day"></SimpleData>
		<SimpleData name="DOA"></SimpleData>
		<SimpleData name="DOIN"></SimpleData>
		<SimpleData name="LDFN"></SimpleData>
		<SimpleData name="DSN"></SimpleData>
		<SimpleData name="LDWC"></SimpleData>
		<SimpleData name="DOCV"></SimpleData>
		<SimpleData name="Shape_Le_1">174430.770167</SimpleData>
		<SimpleData name="Shape_Ar_1">625849950.415</SimpleData>
		<SimpleData name="Shape_Length">174430.770166766</SimpleData>
		<SimpleData name="Shape_Area">625849950.415164</SimpleData>
	</SchemaData></ExtendedData>
      <MultiGeometry><Polygon><outerBoundaryIs><LinearRing><coordinates>80.3036375813188,13.4731271343992 80.3058278419665,13.4686219185899 80.3064238364283,13.4677136731413 80.3071860416755,13.4668461539716 80.3106965113804,13.4635705783953 80.3112600533042,13.4629651735747 80.3117033907616,13.4626353281766 80.3132692710828,13.4611895259808 80.3134585559946,13.4611082305858 80.3135325358515,13.4609636200458 80.3137079965894,13.4608732876652 80.3159066951126,13.4584785978817 80.3162623947274,13.4579182482212 80.3170891412328,13.456964871229 80.3173248429937,13.45644069167 80.3250343931712,13.4444072487917 80.3252606662148,13.4440321674011 80.3260184975649,13.4416821907558 80.3261204159255,13.4399512785749 80.3263702787285,13.437908492314 80.3272576291762,13.433895433132 80.3275118092825,13.4323924021969 80.3275146353824,13.4323756927619 80.3276321098688,13.4316810321839 80.3276692004085,13.430989493239 80.3277338180235,13.4308945955899 80.327687724568,13.430713812013 80.3279605501063,13.4288021361385 80.3280716959614,13.4271887759064 80.3282150275549,13.4262622628947 80.328275528191,13.4243460140681 80.3283679226129,13.4240523106546 80.3283546095804,13.4215123539471 80.3284287160998,13.420260514922 80.3285119000951,13.4198718162508 80.328531348621,13.4155964563437 80.3285913156578,13.4154970411642 80.3286331780483,13.4142812922429 80.3289293436143,13.4110182884262 80.329179558557,13.4067384411132 80.3293964379177,13.4051773578699 80.3294106753166,13.4050748834319 80.3295864172272,13.4038098973913 80.3300716027021,13.401934427807 80.3311486081676,13.3951056846079 80.3319526317879,13.3917388978839 80.332223510677,13.3902300102922 80.3322488566427,13.3900888264083 80.3324840436689,13.3887787356049 80.3330661879056,13.3861710522382 80.3337039477399,13.3825149858361 80.3338240480018,13.3822844396133 80.334013550306,13.3811863274272 80.3351776456416,13.3766805576267 80.3373668822098,13.3698701174231 80.3377825910823,13.3682251452249 80.337898072207,13.3680443853278 80.3382677253532,13.3658162682318 80.3386233602893,13.364338526302 80.3387203630686,13.3641757598085 80.3389698467826,13.3629465691949 80.3392147266308,13.3610845538604 80.3393209452266,13.360867648655 80.3392886687584,13.3607681881467 80.3394180019048,13.360234947708 80.3397458762037,13.3594938316242 80.3400557922818,13.3553087712607 80.3407672058845,13.3516210267559 80.3410232032826,13.3506691169531 80.3410523715799,13.3505606540128 80.3419910778142,13.3470700536421 80.3428872506163,13.3420265199569 80.3441487475833,13.3324679301552 80.3441164980646,13.3319662952153 80.3441857078674,13.3318803828155 80.3441709790899,13.3316805681441 80.3441664731405,13.3316194383336 80.3441627208775,13.3315685329428 80.3442366207844,13.3314330270182 80.344980737555,13.3237092692246 80.3453600565736,13.3176034711803 80.3456602843214,13.3164420298358 80.3457663520002,13.3164058841038 80.3457571945742,13.3161844735663 80.3458680053578,13.3160081897823 80.3463712020541,13.3143315310401 80.3464636979856,13.3134547459484 80.346546728369,13.3132739957725 80.3465379778798,13.310132964043 80.3463722027773,13.3072630688427 80.3457178510597,13.3008769009447 80.3455292641389,13.2968589909683 80.3456269792822,13.2953339036913 80.3456327258051,13.295244221689 80.3456679694087,13.2946941553796 80.3457007076109,13.2920050953143 80.3455763933519,13.2902018127664 80.3455214505925,13.2869703021219 80.3453602344401,13.2853206630204 80.3453608093618,13.2813028581663 80.3452686655699,13.279892706595 80.3450705223711,13.2786453097775 80.3448860209881,13.2779357657395 80.3438021317326,13.2749662857458 80.342958038759,13.2733572015987 80.3417171347716,13.2714091165675 80.3406055217098,13.2690090490694 80.3402826770782,13.2681232159925 80.3390930147912,13.2638565651798 80.3382443907153,13.2620079085967 80.3380230898468,13.2608644822088 80.3379939592787,13.260543250866 80.3379893572096,13.260492506297 80.3379034090981,13.2595447396167 80.337470081568,13.2573753288507 80.3366354676173,13.2545233930691 80.3362897393021,13.2528330143458 80.3361961348495,13.2513463199027 80.3363841163059,13.2503909207941 80.3362781501366,13.2496451779415 80.3362412590229,13.2493468507805 80.3360523253523,13.2485288061655 80.335669773297,13.2465582569924 80.3354209489464,13.2448000912351 80.3351490495712,13.2429063320438 80.3350661350705,13.2421244872897 80.3349510671708,13.2410125948482 80.3348497147488,13.2399098273336 80.3347392102908,13.2390782120408 80.3346238962527,13.238630829406 80.3344809787826,13.2382827346629 80.3342272954447,13.2379165908808 80.3340290255834,13.2376680324237 80.3336092554275,13.237202410598 80.3333924712882,13.2369854286134 80.3331433675616,13.2367910850444 80.3328666226737,13.2366418393056 80.3324606704036,13.2364203070571 80.332086987415,13.2362711013159 80.3318840831452,13.2361716159053 80.3318819253919,13.2354405115755 80.3313629219398,13.2353851673909 80.3307585803325,13.2352087576094 80.3301265499531,13.23509565825 80.3295406399787,13.2350457915744 80.3289271660981,13.234760928016 80.3283597955545,13.2344128872056 80.3273311661637,13.2337211842631 80.3262057001819,13.2329887346517 80.3250570756321,13.2323557339949 80.3244620226047,13.2321070579323 80.3230689098722,13.2315372956275 80.3213943774191,13.2310216992681 80.3207947717299,13.2307594255762 80.3201351298336,13.230533259402 80.31959082084,13.2302619798685 80.3189265077042,13.2300539393115 80.3183315058809,13.2298594284358 80.3176873689064,13.2296237261552 80.3176764669521,13.2296197368019 80.3176753763973,13.2295678988138 80.3176627730339,13.2289688810681 80.3175939279472,13.2276988879553 80.3175756607059,13.2270300135984 80.3174650978573,13.2264469725974 80.3167733349014,13.2253439939901 80.3159986188172,13.2244037554102 80.3152284760562,13.2234364134236 80.3147949697613,13.2229030091273 80.3136975384029,13.2212033160818 80.3126738479495,13.2195444219885 80.3112858987333,13.2175237742469 80.3108616163397,13.2169225712202 80.3102076302365,13.2160767460751 80.3101160496882,13.2160299739455 80.3101109876816,13.2160273888543 80.3058246915748,13.2138382825706 80.3033474865675,13.2128474296686 80.3007499001257,13.2126666763785 80.298742294823,13.2126611807978 80.2973518186459,13.213262480029 80.2966139442681,13.2135815672884 80.2947793185566,13.2150237487632 80.293001719696,13.2171607440526 80.2905767292646,13.218543370937 80.2881557417261,13.2185366432979 80.2861470835981,13.2188783787988 80.2846680029912,13.219858362413 80.2838961462445,13.2213034302494 80.2837729791343,13.2230397588296 80.2837682486059,13.224660641197 80.2838000498653,13.2254283088021 80.2838234105543,13.2259922446847 80.2842723085832,13.2283390976725 80.2842887190069,13.2284248901924 80.2828080492802,13.2299258552045 80.2807395615576,13.230498932026 80.2777281185693,13.2304325491371 80.2753102706428,13.2293258125787 80.2731308769151,13.2274671755974 80.2711295265819,13.2253195843499 80.2707574704423,13.2242483806276 80.2706977818833,13.2240765311441 80.2704854857271,13.2234653006756 80.2705628684023,13.222988898006 80.270786238091,13.2216137112367 80.2717356594299,13.2200534138439 80.2726827415559,13.2180583481674 80.2723974653677,13.2163777034346 80.2716547032565,13.2120018851164 80.2708071841084,13.20632836089 80.2707945241512,13.2062436109436 80.2713182832843,13.2043748630384 80.2713242759456,13.2043534807943 80.2713182518433,13.2043466688057 80.270872455697,13.2038425723769 80.2704391039124,13.2032683825766 80.2697610627224,13.203268103589 80.2691475106885,13.2032361695706 80.2684832352819,13.2032765414316 80.2672101401663,13.2032941106492 80.2665597500191,13.2032937643198 80.2652957943632,13.2033519826231 80.2638933723895,13.2035908386167 80.261974301448,13.2038927733949 80.2613377309831,13.2040145165711 80.2601566772516,13.2042489536114 80.2594739917716,13.2043390618371 80.258376021424,13.2045464246731 80.2576655609338,13.2047720298585 80.2569828287415,13.2048395654088 80.2565166076006,13.2054720156643 80.2560412757461,13.2058785962104 80.2553447777703,13.2058556293955 80.2540670033304,13.2058053142137 80.2527662203411,13.205714255882 80.2516129910271,13.2058040548472 80.2499891226577,13.2060924522143 80.2498879957129,13.2054461382712 80.2496668583377,13.2048132594125 80.2490580934259,13.2047180780166 80.24899874443,13.2034344509494 80.2490175380841,13.2028243590651 80.249041314693,13.2015859909319 80.2489681765575,13.2003476130218 80.2488814576916,13.1986482587872 80.2488422426362,13.1986470378656 80.2485815641171,13.1986389225852 80.2438118522166,13.198918774975 80.2385490011577,13.1994769412766 80.2388497427417,13.2015648367077 80.2387254742969,13.2021931036158 80.2384535812099,13.2027897969033 80.2380847275643,13.2031786307802 80.2374483196945,13.2035359376074 80.2367795787627,13.2038028679042 80.2358939476904,13.2038619860155 80.2356369953832,13.2067177715872 80.23499594502,13.2070027658532 80.2347560966358,13.2070390214329 80.2342948323987,13.2070708491328 80.234313512865,13.207595099982 80.2317949323541,13.2076543518564 80.2316754142004,13.2085769042477 80.2327325498302,13.2104158986299 80.2327289287213,13.212689193916 80.2323646852297,13.2130915751729 80.2295140236094,13.2133638856425 80.2280472849562,13.2137621747285 80.2276785184472,13.2144040852612 80.228084654872,13.2148829901054 80.2286938473819,13.2155606710145 80.2299581183465,13.2163194436373 80.2303967306654,13.2172141229576 80.2308449576529,13.2190081722603 80.2311680071004,13.2193289249457 80.2324321316396,13.219689970273 80.2340608149789,13.220331065908 80.2341024887233,13.2206880870211 80.2338125538721,13.2222474219001 80.2343018581225,13.2229658147443 80.234883429234,13.2236886881381 80.2336659021053,13.2244439427492 80.2317887420634,13.2253214863658 80.2304048703003,13.2254802228766 80.2303558150992,13.2294438134268 80.2305522811434,13.2357845389296 80.230146310907,13.2357937407933 80.228061294183,13.2362917051242 80.2267979143473,13.2379282402351 80.2263922136054,13.2386063144148 80.2247598498683,13.2405231869025 80.223449598636,13.2404197306667 80.222541020998,13.2410934677146 80.2224211677728,13.2413375630695 80.223993039857,13.2265583357444 80.2195876585845,13.227039010289 80.2152883701437,13.227542171194 80.2118290172734,13.2290483063016 80.2114000600471,13.2292518223039 80.2107035791393,13.2295774498277 80.2096889023815,13.230251174888 80.2090756431983,13.2311371851961 80.2089287542763,13.2333020543845 80.2086015222728,13.2342241276228 80.2083847902358,13.234499882589 80.209566093699,13.2353672480798 80.2100000985589,13.2363930268314 80.2100695553983,13.2371387167132 80.2093086302504,13.2379569823604 80.2087275738735,13.2386305661989 80.2086910618488,13.2398011172131 80.2099556517153,13.2413011770525 80.2099233545859,13.241292149409 80.2087284380528,13.2411840616276 80.206989385901,13.2418218469625 80.2053563421393,13.2421748640573 80.2032571859328,13.2420670206337 80.202405937878,13.2418525945724 80.1986488150505,13.2466420406881 80.1952197452867,13.2513510014221 80.1964186539329,13.2522402060626 80.1962665457991,13.2527328676683 80.1960913671322,13.2532210146757 80.1959854171326,13.2537904962743 80.1959163968744,13.2544367956915 80.1959676251001,13.2560999429617 80.1960463166207,13.2570038153925 80.1954650419532,13.2571937849343 80.1954147201276,13.2587032961767 80.1954245306288,13.2607506078453 80.1955033173708,13.2619843988497 80.1959837579443,13.2640858183245 80.1960762404012,13.2647953477339 80.1958828852228,13.2662823000703 80.1956847842447,13.2673263472096 80.1956344076219,13.2686415202467 80.1958515259345,13.2695589121667 80.195930271354,13.2706254818881 80.1959398545814,13.2718728490803 80.1953259881371,13.2711544187213 80.194721482138,13.2708969673546 80.1934572291398,13.2708295017039 80.1922991013125,13.270771043349 80.1922671365597,13.2719958216768 80.1905645299574,13.2718606610202 80.1878975792025,13.2716534035758 80.186425730932,13.2717350942381 80.1850599925612,13.2717715570141 80.1833297313227,13.2717357805819 80.1834542189565,13.2713561202583 80.1822544685889,13.2708773151212 80.1811700780735,13.2704255965981 80.1802379537953,13.2699828819557 80.1792735180147,13.2694588195929 80.1783367790909,13.2689754239644 80.1774876995692,13.2684468137602 80.1756279866068,13.2670144973348 80.1747188906409,13.2662508770582 80.174128212409,13.2657493236498 80.1738236026793,13.2652748363539 80.1736065939612,13.2644794498709 80.173449529822,13.2634897184292 80.1731263860514,13.2625994418662 80.1724709806099,13.261338626621 80.1720417314312,13.2604664458842 80.1714369523443,13.2584779866157 80.1705695660554,13.2584781317613 80.1696006638512,13.2584104991559 80.1682995736381,13.2583519529999 80.1671968772537,13.2582933709805 80.1662003024473,13.2582664036085 80.1655312947158,13.2581941909836 80.1648162887502,13.2589806812142 80.1642904068981,13.2595321303677 80.1631969371101,13.2595051640074 80.1617343630465,13.2594601655648 80.1587031122063,13.2594650646456 80.157545052651,13.2594561609618 80.1565207971573,13.2594788726558 80.1554411740011,13.2594925486358 80.1543523215537,13.2594791043631 80.153388053758,13.2595831479397 80.1539831472096,13.2588554557765 80.1527789726392,13.2590273148157 80.151833177799,13.2592759738694 80.1506889846385,13.2595020503855 80.1496001483607,13.2596558043303 80.1484236526809,13.2598592763839 80.1473809610626,13.2601305229344 80.1464074693656,13.2603430092866 80.1455031793866,13.2604876946733 80.1444927606432,13.2605465131165 80.1432931854471,13.2607138067859 80.1417060500879,13.2609037122238 80.1406079719425,13.2610167541231 80.1391407886232,13.2611433651849 80.1374336877495,13.2613106523231 80.1364463296578,13.2612745298525 80.1350298849824,13.2611299489831 80.1342132346424,13.2609627491568 80.1334196476491,13.2605831323336 80.1324922592891,13.2600453326586 80.1315879423606,13.2593719462441 80.1309927447044,13.2584771008779 80.1305774903795,13.257604847796 80.1297839123693,13.2568275060934 80.1294332648797,13.256542782569 80.1293324343789,13.2564609084273 80.1293103277381,13.2564429583157 80.1280740869053,13.2565339032608 80.1273820167256,13.2567056362816 80.1267914489865,13.2568547717876 80.1264315659173,13.257207287042 80.1262793005784,13.2576592356095 80.1258225324092,13.257794811622 80.1257671521703,13.25845014227 80.1256333409222,13.2589427668148 80.1251857858746,13.2594896186308 80.1242399092877,13.260917763225 80.124281423132,13.2612974031335 80.1240968615619,13.2615504911217 80.1242175556102,13.2618579036413 80.1242403144279,13.261915868379 80.124281403369,13.2620205255866 80.1243690528896,13.2625357537546 80.1243136573793,13.2636068755778 80.1240875586088,13.2641944083004 80.1240737029939,13.2646870351949 80.1239121912957,13.2654869850835 80.1239721026369,13.2679184848168 80.1239833441544,13.2688382436652 80.1239859124378,13.269048365203 80.1230861814088,13.2689715069515 80.123155369652,13.2696223186519 80.1231737878102,13.2707973929333 80.1233260360812,13.2713216613723 80.1235567180563,13.2720086339963 80.1235889972194,13.2726368468798 80.1235012920033,13.2738661517493 80.1234136047534,13.2744898413769 80.1234274289273,13.2750683406277 80.1235473549161,13.2764196776552 80.1236573994367,13.2771390148297 80.123669609338,13.2772188273914 80.12381492531,13.2781687362365 80.1244654987135,13.2791946824356 80.1249638247443,13.2796059703669 80.1256882504439,13.279913313702 80.1255497958041,13.281156175185 80.1253236673892,13.2824487500072 80.1248575827923,13.2841435563836 80.1245391452954,13.2860372216099 80.1244145399824,13.2867196640964 80.1226795437241,13.2866879770766 80.1221376314356,13.286717264227 80.1211752599836,13.2867692753788 80.1219365965599,13.2876370489092 80.1213966866163,13.2883601497651 80.1216227656238,13.2890290451633 80.1220518872418,13.2895081283584 80.122393335983,13.2900188447407 80.1225977233713,13.2903036348098 80.1227209425839,13.2904753255953 80.1230485527782,13.2909318055909 80.1240729412225,13.2915329306358 80.1239944769757,13.2921837369286 80.1237868098382,13.2927622280995 80.1236345130582,13.2933452386136 80.1233483969453,13.2939418063659 80.1233622220175,13.2945338615661 80.1234268072931,13.2950897620371 80.1236344375997,13.2958671237638 80.1231037515574,13.2963371363797 80.1228683911564,13.2969020670364 80.1229698998851,13.2972500716946 80.1237589854206,13.29742635689 80.1247003506681,13.2975438875676 80.1248334118229,13.2980291259949 80.1250002702937,13.2986376154126 80.1251017808191,13.2990624505898 80.1247464477169,13.2994466004149 80.1249402511546,13.2998443210541 80.1240680615739,13.3008340703642 80.1236665784223,13.3012272559113 80.1221621734092,13.3022034204157 80.1214607284112,13.3027095798916 80.1214468629148,13.3032202815789 80.1213776243659,13.303694827567 80.1212945409819,13.304196489633 80.1187702642538,13.3050234498069 80.1176627187636,13.3053442787211 80.115789109762,13.3059407470056 80.1148384523412,13.306320326981 80.1148383921541,13.3072242265962 80.1142292409667,13.307301019404 80.1139892443604,13.3077303563509 80.1133201099666,13.3076579975903 80.112821687816,13.3080556794001 80.1117971556412,13.3087516063534 80.1108510535772,13.3096373557747 80.1095173760789,13.3096779224043 80.1076529909786,13.3097817066819 80.1072041953577,13.3098174967348 80.1071247223028,13.3098238337093 80.1059547331205,13.3099171285707 80.1033611908941,13.3101609126066 80.1001031091564,13.3104181500871 80.0966327213811,13.3108018623003 80.0958528184245,13.3108107946967 80.0943713276377,13.3117054462216 80.0937113488732,13.3120895078145 80.0932728587251,13.3126137036126 80.0929913437831,13.3126678963956 80.0926867115955,13.3130022937375 80.092359049299,13.3130519582103 80.0910299397339,13.313241571799 80.0901789683601,13.3131839611246 80.0899593051203,13.3131690896781 80.0894147293271,13.313300066249 80.0888101541577,13.3134671889252 80.0883070886155,13.31372923521 80.0878086350239,13.313995800675 80.0872455925634,13.3141493679852 80.0866456320396,13.3142984069982 80.0866371609265,13.3142997208755 80.0865545383783,13.3143125335827 80.0858887708701,13.3144157808822 80.0846611610506,13.3146867304203 80.0837519213543,13.3152424613971 80.0832303819582,13.3155225721381 80.0816058102079,13.316150471244 80.0803412508841,13.3165027430096 80.079787412562,13.3167240876939 80.0792048362356,13.3168015156265 80.079101094295,13.3168153037647 80.0788367120221,13.3168504406542 80.0777014220643,13.3169315557548 80.0769630949357,13.3166557099291 80.0764831619103,13.3165742564355 80.0753017479543,13.3165468838106 80.0740833925788,13.316614405802 80.0733311514447,13.3166503924056 80.0720897219429,13.3167133800944 80.0720339006312,13.3168757353652 80.0719234680383,13.3171969279628 80.071904685164,13.3185301747085 80.0718907145648,13.319045393873 80.072010251583,13.3209164921657 80.0721621719689,13.3224667142447 80.0714375980473,13.3225207789455 80.0714143730039,13.3231354245728 80.0714926818421,13.323736535269 80.0714002559792,13.3242426969361 80.0706063536772,13.3246944594228 80.0715382021726,13.3263171757089 80.0718331810641,13.3279126260276 80.0720958897757,13.3293770027448 80.0725662647264,13.3309272956009 80.0736969211739,13.3312077623017 80.0745600009394,13.3310452540644 80.0753077145644,13.330819444416 80.0763138788866,13.3305846495697 80.0768538876449,13.3304401423674 80.0771861960281,13.3303724196923 80.0778507849466,13.330359002076 80.0783353595671,13.3304494927383 80.0788106824384,13.3306439291493 80.0791752295605,13.3308835367873 80.0794982296007,13.3311909269663 80.0799273682866,13.3315480543523 80.0806656172619,13.3324340210282 80.0811777027879,13.3334329314083 80.0815421663666,13.3341244830701 80.0822668453912,13.333704310684 80.0829679113002,13.3359913057831 80.0831570075658,13.3366511879987 80.0831984136122,13.3373245984003 80.0829951509145,13.3382826916146 80.0826995683551,13.3392950010631 80.0822563009664,13.3402620868261 80.0815176261897,13.3413240239238 80.0811528796416,13.34196119985 80.0808711715618,13.3427791714083 80.080866399711,13.3435384450472 80.0808772289018,13.3435784999084 80.0811523397541,13.3445960612475 80.0815583090923,13.3455316746003 80.081761136107,13.3467881308251 80.0817609815968,13.3475428843873 80.0820977321491,13.3484558861078 80.0831867373101,13.3497667432074 80.0845296090654,13.3510957215881 80.0855679330748,13.3520630791221 80.0860765852397,13.3526947841231 80.0860847608072,13.3527049377412 80.0873143487169,13.3541078285653 80.0873168756778,13.3541107119767 80.0884890396814,13.355295015909 80.0896150760934,13.3563708397159 80.0901965753397,13.356827401664 80.0907596411564,13.3571122188567 80.0914473616936,13.3572207942229 80.0923059022718,13.3570853428931 80.09359836237,13.3566516658133 80.0947154380871,13.3561094907983 80.0958878931447,13.3555899158635 80.0969126328304,13.3551426258235 80.0978265823937,13.3547811894211 80.0988882024133,13.3546231440757 80.0998990460598,13.3544741264268 80.1010529679749,13.35437483634 80.1023869041881,13.354234887426 80.1037716140794,13.3540632986893 80.1053658030101,13.3539355885884 80.1054055624446,13.3539324036357 80.1054682621565,13.3539285736514 80.1063656189382,13.3538737459593 80.107094897337,13.3537789061715 80.107819606006,13.3532095187988 80.1078718942437,13.3531469968628 80.1090705720228,13.351713681431 80.1097583626285,13.3509363881206 80.1106446297081,13.3500235242636 80.1117478282506,13.3490067261087 80.1123940241637,13.3487220470655 80.1131941221463,13.348553296808 80.1132294492931,13.3485458455656 80.1140879386674,13.3485142689021 80.1152602796391,13.3485640580623 80.1164695395723,13.3486997143303 80.1171434062911,13.3487223486112 80.1180157431955,13.3486817203552 80.1185973116121,13.3484602947976 80.1190265625875,13.3483111728291 80.1190703572542,13.348250605742 80.1190994321267,13.3482103960753 80.1197650936337,13.3472898022973 80.1206420963877,13.3459294733254 80.1213667727173,13.3447679949735 80.1215286140972,13.3443535653214 80.1215467933036,13.3443070136906 80.1219299112976,13.3433579349962 80.1225391729778,13.3426257997123 80.1231438119275,13.3420202074259 80.1239745990551,13.3415502039793 80.125160762404,13.3412564677497 80.1260724787556,13.3411400386527 80.1261161503531,13.3411344620679 80.1272192267248,13.3412022726312 80.1282023016492,13.3413740252176 80.1291161479063,13.3415593336545 80.1297207643981,13.3416994411292 80.1304869213343,13.3413740400768 80.1316176882746,13.3402351285719 80.1316426282018,13.3401980686157 80.1321438378247,13.3394532548563 80.1325869048891,13.3385267582415 80.1330715082557,13.3376409336468 80.1336484153143,13.3369087714247 80.1336507913582,13.3369070669528 80.1343222434055,13.3364251781757 80.1354529869896,13.3361675496556 80.1366348770528,13.3360265928531 80.1367037284277,13.3360183807648 80.1375898688448,13.3362172181138 80.138692935335,13.336574226191 80.1399990758766,13.3368679497565 80.1397687810754,13.3367410557028 80.1393921516128,13.336533528587 80.1387852291456,13.3361991060807 80.1366621615829,13.3348026398586 80.1370359254198,13.3318875592284 80.137238924911,13.3291668198615 80.1374004204396,13.3278697224328 80.1380049920157,13.3274448722384 80.1388541676571,13.327209834606 80.1396895011584,13.3271103785943 80.1410325184407,13.3275306411097 80.1420155574326,13.327865043264 80.1433724069737,13.3278920973027 80.1449046022683,13.3273587178485 80.146764452673,13.3266535673017 80.146787215084,13.326600433594 80.1478119143455,13.3242084536108 80.1485501875752,13.322314736155 80.1494132619507,13.3203063908431 80.1494222738496,13.320285420902 80.1498890366746,13.3195996523888 80.1499114074201,13.319566785194 80.1517666216197,13.3194807696111 80.1532757769239,13.3201133709853 80.1546464524356,13.3203572986041 80.1558694404229,13.320501806585 80.1575908047468,13.3202440203639 80.1592890859611,13.3199319928971 80.1608904129051,13.3193397550046 80.1620487141072,13.3188921845751 80.1625471048167,13.3186932656725 80.1639962284055,13.3188783816946 80.165408450999,13.3191855196383 80.1665692719755,13.3188093900084 80.1665805979345,13.3188057203117 80.1687075102867,13.3222474570169 80.1687086286892,13.3222492682373 80.1691240896266,13.3229361691183 80.1690632566139,13.3229666267297 80.1647943707556,13.3251039848164 80.1647539483645,13.3251242226925 80.1642696531201,13.3272348895984 80.1636514837455,13.3291467160636 80.1635454502026,13.3300099523612 80.1645654548684,13.3303804178149 80.1651424113344,13.330800653669 80.1654241562451,13.3323417619208 80.1658304920959,13.3337111111798 80.1668366177905,13.3337245303583 80.1668376697177,13.3337351786402 80.1670399936759,13.3357853889756 80.1670817078444,13.3369694890764 80.1667449950215,13.3383615391491 80.1626388021459,13.3379936915716 80.1626142224431,13.3379914897534 80.1618760067056,13.3398581287592 80.1613639939431,13.3421902471296 80.159574557982,13.3429736966699 80.1595363858706,13.3429904088152 80.1589320227036,13.3452276223348 80.1575063523303,13.3498828456246 80.1532000839798,13.3503487668237 80.1514923291325,13.3503850674303 80.1514593259273,13.3503899498142 80.1483445488336,13.3508508076084 80.1480629054325,13.3495175800328 80.1475605684239,13.3496211680347 80.147536740611,13.3496260827737 80.146973722405,13.3508373413092 80.14647527061,13.3512938394314 80.145519862898,13.3515921818541 80.1440274548856,13.3515447060154 80.1439597928801,13.3515425523926 80.1439678345985,13.3515750769882 80.1443106550671,13.3529616527421 80.1450908284166,13.3552575072688 80.145940257383,13.3576889396046 80.1466788890405,13.3595418836172 80.147726815142,13.3617608816985 80.1485069857965,13.3632070629329 80.1485158171341,13.3632294598751 80.1487101191368,13.3637222689881 80.1488163251562,13.3642917172029 80.1486686268521,13.3644137531322 80.1471272894028,13.3647148087959 80.1470946500153,13.3647211827866 80.1468131395648,13.365575381656 80.1450346450838,13.3661809978718 80.1449945299165,13.3661946573387 80.1448468585619,13.3668364329158 80.144614726706,13.3669556795631 80.1445652987041,13.3669810712841 80.1444822907786,13.3683775943417 80.1440361227297,13.3684848449364 80.1439745477086,13.3684996474305 80.1441222972166,13.3692408337245 80.1439976990901,13.3698238530065 80.14367461371,13.3703888042352 80.1457334490349,13.372449573577 80.1466750846753,13.372065360599 80.1477921181716,13.3715952635989 80.1489876554404,13.371631337274 80.1496617054156,13.3731724295914 80.1503588376019,13.3746276498262 80.1510605772474,13.3758885278815 80.151222164404,13.3761822813799 80.1513745492189,13.3768330730586 80.1516562240611,13.3779538803248 80.1517808994428,13.3784238950052 80.1517809479518,13.3790023878066 80.1519148589129,13.3795085577087 80.1518733513569,13.3795101683688 80.1510978097209,13.3795402614045 80.1504515599089,13.3796261813093 80.1497453134157,13.3798748056234 80.1492098636074,13.3801595719937 80.1487020756217,13.3799652707301 80.1481250535788,13.3798704018774 80.147483403141,13.3797484192185 80.1466801942926,13.3796761580602 80.1459970129426,13.3797575509439 80.1456134916051,13.380019162626 80.1455861962952,13.3800377817463 80.1452446397562,13.3806660086345 80.1447923155528,13.3816964725985 80.1442476687926,13.3827811756221 80.1436614551877,13.3835675948655 80.1431675479698,13.384073800617 80.1426182443432,13.3845800070523 80.1419166089023,13.3852082448135 80.140727427214,13.3860455360565 80.1406841113494,13.3860760346437 80.1406766032302,13.3861042881525 80.1404487177106,13.3869618614047 80.1403933536413,13.3877708477961 80.1405964923715,13.3883176960071 80.1410073745959,13.3891040683279 80.1413628604117,13.3898181301529 80.1418799217061,13.390581898683 80.1422147462704,13.3910135143687 80.1423461994409,13.3911829672269 80.1439203694155,13.3911512563252 80.1445758916379,13.3912054550749 80.145208334344,13.3912732122338 80.1461177537034,13.3912731589265 80.1477796396739,13.3913272868636 80.1488827555714,13.3916445815991 80.148910668024,13.3916526108984 80.1498985920543,13.3919869801139 80.1505956856131,13.392276173255 80.1514728006565,13.3923574543911 80.153328578998,13.3923798931917 80.1543764889298,13.3923300842425 80.1549997059379,13.392411375847 80.1566108460781,13.3926914250092 80.1583605064351,13.393197421068 80.1599762935602,13.3936627455765 80.1613834819949,13.3941276829298 80.1614120502175,13.3941371217159 80.1621137413539,13.394127996653 80.1631432142628,13.394249893377 80.164246528688,13.3942226344264 80.1656037402502,13.3941591775908 80.1666147222373,13.3940957653064 80.1675426190437,13.3941046719003 80.1686736411055,13.3941451806439 80.1695045773534,13.3940546658109 80.1700492834024,13.3938647643956 80.1709310041082,13.3938149120595 80.171752711065,13.3937560272678 80.1733038338627,13.3938461620745 80.1745918122659,13.3938820987129 80.1757182349535,13.3940039273986 80.1768216005827,13.3942613385874 80.1776986967615,13.3941572297108 80.1792452381512,13.3944009907337 80.1799977209321,13.394446040106 80.1801823489775,13.3943104200686 80.1804361814358,13.3939714102762 80.1807084158826,13.3933205539349 80.1808929514015,13.3927420256242 80.1810405428061,13.3921002316734 80.1812896564142,13.3912821582572 80.1813217999317,13.3904641283767 80.1812801684082,13.3900528647344 80.1810170114372,13.3899218520228 80.1806569388236,13.3899309623889 80.1803615287407,13.3900937219704 80.1798076140618,13.3903107634131 80.1791105663171,13.3903967668641 80.1786627606395,13.3902838658087 80.1783395638683,13.3900037185904 80.1781455663945,13.3894343023041 80.177891613562,13.3891405841954 80.1773607200088,13.3890412533325 80.1767051717353,13.3888605946962 80.1761604279572,13.3887522258411 80.1756526157169,13.3886438481982 80.1752832581165,13.3883456294049 80.1752072031513,13.3879080952312 80.1752047004449,13.3878936950512 80.1751737409069,13.3878412293805 80.1750153733122,13.3875728455707 80.1750384240824,13.387405621251 80.1752230449413,13.3872428878168 80.1763263072642,13.387107109039 80.1799223513814,13.3869934513853 80.1816811071807,13.3868078055708 80.1842707839565,13.3866129363876 80.1860295172978,13.3863549489779 80.1883652798687,13.3861058576947 80.1895377349264,13.3858163434063 80.1897314817702,13.3852558844366 80.1900869208737,13.3852151260056 80.1911209365629,13.385142569357 80.192371923241,13.3851015941761 80.1942932857848,13.3850834569738 80.1943384297211,13.3850830313779 80.1943618362241,13.3852479562979 80.1944262993289,13.3857021756529 80.1961307654439,13.3852755675779 80.1963603712373,13.3852180999319 80.1963611015676,13.385230870424 80.1964577728686,13.3869219142481 80.1963984032115,13.3892991696992 80.196320139289,13.390085577265 80.1959698358541,13.3920877927493 80.1959100332089,13.3928696758375 80.1959797981705,13.3948039887952 80.1959986717747,13.3963225249732 80.1961467455745,13.3976150536507 80.1962485435608,13.398491803048 80.1961864286522,13.3991423010971 80.1961794918616,13.3992149356679 80.198780217017,13.3989021137367 80.1988154201964,13.3988978789945 80.1987730816987,13.3989763859996 80.1982986400747,13.3998561443778 80.1979156640145,13.4005567623296 80.1973113996623,13.402378265775 80.1971453909978,13.4030607483962 80.1972747699583,13.4034810253769 80.1978707823863,13.4051982627582 80.1981434902454,13.4063777698364 80.1981436312808,13.4068839485696 80.198047134253,13.4085155002507 80.1979505105628,13.4096951063955 80.1978910717353,13.41178311161 80.1978473004248,13.4117927838858 80.1970924254303,13.4119595823043 80.1964553447224,13.4120636957064 80.1953335187141,13.412217645361 80.1947056951452,13.4124211803876 80.1945487540752,13.412529687126 80.1944657461496,13.4128867455671 80.1943827220545,13.4131805316673 80.1940041908584,13.4133433270683 80.1936440993801,13.4134066897122 80.1931962739396,13.4134067998123 80.1928408177682,13.4135424711189 80.192568485405,13.4137685108588 80.1923747107134,13.4142747378127 80.1920331694457,13.4146770515768 80.1916823422929,13.4148669549038 80.1904497342472,13.4151745717782 80.189120162948,13.4154505688157 80.1873982030411,13.4159074250607 80.1869504297029,13.4161560948884 80.1863411500564,13.4167663573971 80.185639573006,13.4175664548873 80.1850534070118,13.4183394088367 80.1844395270927,13.4190716906156 80.1843426689422,13.4195055803068 80.1842921710468,13.4208071948707 80.1843853155619,13.4208269292766 80.1851232537201,13.4209832762183 80.1865407107968,13.4212767326109 80.1878612594173,13.4217419415987 80.1893942030086,13.4222658483825 80.189694364281,13.4225143482297 80.1909460435602,13.4244890555645 80.1916619280781,13.4254967230229 80.191675886101,13.4255240308524 80.1916804064235,13.4255328742441 80.1919529750437,13.426192649239 80.1921193106949,13.4266807098208 80.1924426170606,13.4271325756212 80.192645893233,13.4276296672118 80.1928816057737,13.4285786951197 80.1927940191351,13.4291165312143 80.19257246584,13.4293741940026 80.1919353824372,13.4296545548337 80.1914968303053,13.4299393871926 80.1913168420584,13.4302512722438 80.1913076873273,13.4305631166971 80.1914740229786,13.4310466581109 80.1914464015802,13.4313675474161 80.1912618067725,13.4317291466506 80.190947914751,13.4320184667117 80.1905971055645,13.4323891448882 80.1902047582793,13.4328276247269 80.1900201688615,13.4332208607107 80.1896002953994,13.4343960161336 80.1892865749561,13.4354220051842 80.1887605278139,13.4367237282639 80.1886082283389,13.4370084875734 80.1882343063986,13.4373113771857 80.1876295147352,13.4375826813421 80.1871401404162,13.4378087639728 80.1870155360015,13.4380663999503 80.187011064188,13.4386946036047 80.1868679661565,13.4388528173983 80.1865540049647,13.438902600975 80.1859352840245,13.4388620613353 80.1859292778885,13.4388570820162 80.1856628151174,13.4386361483254 80.1850763850184,13.4384600170237 80.1842637654192,13.4385234621567 80.1836588821277,13.4384151226905 80.1833679285869,13.4381078606261 80.1829845761327,13.4375384893177 80.1829467669407,13.4375156222421 80.1827305945541,13.4373848809268 80.1821765271616,13.4373759549682 80.1813362403499,13.437602097207 80.1803574566776,13.4379367309915 80.1790185267297,13.438275947845 80.1783629110825,13.4384387734069 80.1774949184308,13.4386875046406 80.1768162358438,13.4389678353646 80.1759020778713,13.4392798423552 80.1752649064336,13.4393296704026 80.1746415780343,13.4393388173387 80.1741705958224,13.4392168735979 80.1736118733601,13.4390226323082 80.1730070376793,13.4391628368325 80.1719820276008,13.4392895510928 80.1711970949769,13.4392896777817 80.1703382893956,13.4393214496056 80.1693594563159,13.4394752620791 80.1693318097647,13.4398368228788 80.1690778731019,13.4399182111164 80.1683345037296,13.439990634148 80.1683178327945,13.4400869121606 80.168246854209,13.4404968258902 80.1681776605759,13.4409307030516 80.1679606806039,13.4411341106321 80.1674066419574,13.4413827613097 80.1673143328755,13.4416223059449 80.1675314682561,13.4424267362652 80.1679657147627,13.4438548203788 80.1683353193999,13.4452467556026 80.1674165431885,13.4457847045916 80.1675459068776,13.4462908640034 80.1667056012013,13.4466977354211 80.1668303583296,13.4472762071448 80.1662070299304,13.4474299577243 80.1662255370219,13.4476875632665 80.1656576050313,13.4477599533716 80.1656576212009,13.4478729401143 80.165902572016,13.4494411535919 80.1656163175625,13.4496310110552 80.165787189706,13.4507012870103 80.1657873190633,13.4507020960332 80.1661659724303,13.4508376274305 80.1668032435811,13.4512488070713 80.1670573554154,13.4522385296212 80.1677592316047,13.4523423748017 80.1685395998887,13.4524055323174 80.1688259217158,13.4526405001462 80.1690106881018,13.4530562616931 80.1690130066535,13.4530669562418 80.169204766424,13.4539510830106 80.1692741612797,13.4547781303142 80.1692049766298,13.4552752807822 80.1690896670833,13.456088797583 80.1690897479317,13.4566040142292 80.1690391242721,13.4576706124121 80.1690300476945,13.458678449678 80.1689610427076,13.4603235373659 80.1689196186949,13.4611777187817 80.168938147346,13.4615437906061 80.1693307272948,13.4620273105733 80.1704068452248,13.4632157593945 80.1711827758312,13.4641376024303 80.1717370507346,13.4650052458645 80.1721573086757,13.4652537468338 80.1728546286099,13.4654796032911 80.1743184917559,13.4656646527357 80.1757500371112,13.4658722947125 80.1765396939751,13.4659761007818 80.1770568666606,13.4658810973025 80.1776063517469,13.4657273358558 80.1782804942485,13.4654696012046 80.1788946140178,13.46526159021 80.1800444477,13.4653246403567 80.1812681345766,13.4652385292156 80.181725271055,13.4651344895692 80.1818129735762,13.4649717721355 80.1822377608229,13.4647547527754 80.182773403769,13.4646823311155 80.1831598751739,13.4646100002906 80.1831843659435,13.4646054163848 80.1831155109752,13.4664990765819 80.1830695226226,13.4673758555717 80.1828850230363,13.4683611337884 80.1828436367528,13.4691656018411 80.1828853149887,13.4697124463086 80.1830425399264,13.4707157285721 80.182894843419,13.4710637564368 80.1826870954331,13.4713259273153 80.1824054421505,13.4714977241097 80.1821791583271,13.471461614767 80.1818281883422,13.4714074516162 80.1817913574155,13.4719362345751 80.1815143484229,13.4722345740069 80.1811449746528,13.4725148523588 80.1805262761706,13.4729985563228 80.179856792332,13.4735500578792 80.1794828335607,13.4740111154295 80.1793397579871,13.4744043327231 80.1791966437859,13.4746122553974 80.1788410744268,13.4746665558491 80.1786471901407,13.4750191092556 80.1785993180209,13.4750353736813 80.178194662918,13.4751728551201 80.1770125312081,13.4755029942277 80.1751469747047,13.4760275854179 80.1734014358183,13.4763080908232 80.1733807332443,13.4763456102678 80.1731844594395,13.4767013183166 80.1735447557337,13.4772300319131 80.1735447988528,13.4774695616481 80.1734017726865,13.4782152939931 80.1734019730108,13.4793541921065 80.1734620891679,13.4798151650842 80.1746121609037,13.4808137619609 80.1753419423591,13.4815141468632 80.1752219723529,13.4820519811415 80.174991248157,13.483028219595 80.17467273071,13.4837513864168 80.1744420083108,13.4847637794266 80.1741927689386,13.485541165599 80.1745762202075,13.4863410386521 80.1746825115669,13.4867477685938 80.1744793548704,13.4869782956707 80.1744793925997,13.4871861899358 80.1748258916694,13.4879318360534 80.1754725789609,13.4886864676571 80.1761932380246,13.4898523534234 80.1764826617344,13.4906769250471 80.1771216962781,13.4911718293056 80.1774911958123,13.4910723616318 80.1789366192404,13.4906246653031 80.1793753492387,13.4906065037596 80.1804975749973,13.490579168411 80.181975418624,13.4906059883774 80.183444023078,13.4906237629475 80.184829495639,13.4906234685682 80.1865290147318,13.4906502142798 80.1872355217364,13.4902885022561 80.188043714438,13.490292839334 80.1889119181938,13.4901932123115 80.1894891926634,13.4901750000704 80.1910824617193,13.4900887537474 80.1918305867727,13.4899755877764 80.1926848387939,13.4895098771391 80.1931004461567,13.4893832313971 80.1942041917732,13.4893513185918 80.1956773731436,13.4892379565998 80.1971228432841,13.4891245954274 80.1986006213339,13.488947942217 80.2001753824,13.488775773609 80.2016947147181,13.4885855340274 80.2027429866709,13.4883818619122 80.2029769744462,13.4883817937763 80.2033202620388,13.4883816950666 80.2046732964349,13.4880649423816 80.2054398630028,13.4878929766717 80.2062340869017,13.4875583017869 80.207577807565,13.4870246021487 80.2087657298152,13.4867049483738 80.2091247612814,13.4866083370749 80.2099120717459,13.4862938314167 80.209951302971,13.4862781591471 80.2100669197413,13.4867707410329 80.2102752130045,13.4882123737839 80.2105950249238,13.4904156629007 80.2106038562614,13.4904765042455 80.2125665691559,13.4903628877167 80.2145985619219,13.4902718300564 80.2145116301552,13.4897992190933 80.213833237724,13.4861110499379 80.2138304942691,13.4860961323997 80.2138685352265,13.4860923962451 80.2161856721282,13.485864850601 80.2176449547645,13.4857197300289 80.2191642906759,13.4856242923793 80.2206697790572,13.4855514472547 80.2222630588929,13.4856051057845 80.2237223765635,13.4855638961814 80.2251954681024,13.4853147777552 80.225888093441,13.4850704679587 80.2260078730043,13.4843337563368 80.2260954039473,13.483795909723 80.2269681190424,13.4835244115954 80.2284225894038,13.4829498833724 80.2288197211162,13.4828909767873 80.229424323235,13.481991372639 80.2303797075908,13.4806442055674 80.231131926267,13.4793875048328 80.2318841054174,13.4780539709482 80.2327656257989,13.476833367754 80.2336517221986,13.4755314110511 80.2347411181267,13.4745095712685 80.2351980740438,13.4740032050738 80.2357152179832,13.473858369079 80.2378810166073,13.4738438980544 80.238966176979,13.4737304483361 80.2403837391586,13.473427031707 80.2409747794115,13.4733092688655 80.2413439070433,13.4726447498233 80.2417928975987,13.4707366801639 80.2418140116011,13.4706469542581 80.2420325995575,13.4715526638693 80.2422491402534,13.4724498900593 80.2423391460549,13.4728228276858 80.2428642903902,13.4749987014096 80.2440760647079,13.4789842968344 80.2452419638607,13.4835257953065 80.246569589409,13.4881575985845 80.2485725899474,13.4930339895671 80.2486363945871,13.4932834650734 80.2506822411714,13.5012793839318 80.2511092724097,13.5027694607633 80.2518820014205,13.5062988078043 80.252256809998,13.508097387568 80.2529185368841,13.511152293027 80.2538944073199,13.5156479040267 80.2538994810046,13.5156712780853 80.2539006263566,13.515677020936 80.2539319389325,13.5158340168806 80.2548850271944,13.5198333341477 80.2561439010808,13.5260198424312 80.2575275680281,13.5321567123571 80.2589531440783,13.538930684622 80.2602814757024,13.5449861426029 80.2611933142248,13.5491797656461 80.2618043931968,13.5521081132696 80.262591318284,13.5556961338264 80.2635495080785,13.5600072574281 80.2638530012023,13.5616034156123 80.2640420031448,13.5625974291895 80.2640495992988,13.5626373758262 80.2662073732725,13.5635312604044 80.2685393171051,13.5645374653277 80.2687394015633,13.5646237982171 80.2687488617215,13.5646281976892 80.2691039882113,13.563814652867 80.2699624111102,13.5619658210073 80.2713928919619,13.5587473624102 80.2720342971596,13.5572285729343 80.272472603153,13.5560668191541 80.2732476857498,13.5541276447755 80.2738336963356,13.5526540531982 80.2745074229172,13.5512391657868 80.2751808871907,13.5494175699217 80.275369985253,13.5487938101304 80.2754945438536,13.548350764358 80.2757713561152,13.5477812619926 80.2761637150785,13.5472296805698 80.2762606693488,13.5470804726544 80.2764313968634,13.5466872258459 80.2767127797532,13.5458554963287 80.2769479380333,13.5451367797258 80.2772338089062,13.5440474517798 80.2778980798211,13.5422077602391 80.2784192976203,13.5408336430511 80.2788990330163,13.5395815100612 80.2793603026434,13.5383248805674 80.2799368144433,13.536525922 80.2803888969999,13.5354590612397 80.2808548702057,13.5343877319096 80.2812100829337,13.5335108043215 80.2814083860327,13.5327875534227 80.2816112103525,13.5321005734284 80.2818371168835,13.5312778655947 80.282505856917,13.5293252040276 80.2828655818826,13.5283081501889 80.2833269143917,13.5272096348287 80.2835943123091,13.5263328013318 80.2839725057386,13.5251530067611 80.2841890554176,13.5241631783943 80.2844334528705,13.5234670612463 80.2847655806923,13.5227031146758 80.2850839858498,13.5220746959496 80.2853145744,13.5214283102672 80.2856420570335,13.52061920925 80.2860570975594,13.5193444906418 80.286269073017,13.5185309053628 80.2865826488315,13.5176358577288 80.2867902000863,13.5170166412248 80.2872052379173,13.5157961691153 80.2874680777829,13.5151135422531 80.2879200489484,13.5138750438718 80.2881505791082,13.5130794792226 80.2885840180294,13.5118047456217 80.2890265353249,13.5102634533 80.2896119826669,13.5083333584195 80.2899209627005,13.5074338047151 80.2900866839041,13.5065478720157 80.2902524563117,13.5055987296897 80.2905655371545,13.5038270028498 80.2908278937265,13.5022224360231 80.2909245111286,13.5015354474109 80.2909410913338,13.5013095970782 80.2923699444382,13.498025493286 80.2924069792824,13.4977001170678 80.2929341295557,13.4959919309419 80.294154419004,13.4929507823811 80.294695270382,13.4917352902845 80.2948662197806,13.4913285740768 80.2980877257132,13.4839358827392 80.2983603176895,13.4835336791405 80.2983834771558,13.4833574297465 80.3007034707002,13.4782286203706 80.3022006182241,13.4754632111935 80.3036375813188,13.4731271343992</coordinates></LinearRing></outerBoundaryIs></Polygon></MultiGeometry>
  </Placemark>
  <Placemark id="india_acs_map__ac.2">
	<Style><LineStyle><color>ff0000ff</color></LineStyle><PolyStyle><fill>0</fill></PolyStyle></Style>
	<ExtendedData><SchemaData schemaUrl="#india_acs_map__ac">
		<SimpleData name="id">ac.2338</SimpleData>
		<SimpleData name="tessellate">-1</SimpleData>
		<SimpleData name="extrude">0</SimpleData>
		<SimpleData name="visibility">-1</SimpleData>
		<SimpleData name="OBJECTID_1">2338</SimpleData>
		<SimpleData name="OBJECTID">2338</SimpleData>
		<SimpleData name="st_code">22</SimpleData>
		<SimpleData name="st_name">TAMIL NADU</SimpleData>
		<SimpleData name="dt_code">603</SimpleData>
		<SimpleData name="dist_name">Chennai</SimpleData>
		<SimpleData name="ac_no">8</SimpleData>
		<SimpleData name="ac_name">Ambattur</SimpleData>
		<SimpleData name="pc_no">5</SimpleData>
		<SimpleData name="pc_name">Sriperumbudur</SimpleData>
		<SimpleData name="pc_id">335</SimpleData>
		<SimpleData name="status"></SimpleData>
		<SimpleData name="State_LGD">33</SimpleData>
		<SimpleData name="Dist_LGD">568</SimpleData>
		<SimpleData name="SHAPE_Leng">0</SimpleData>
		<SimpleData name="Type"></SimpleData>
		<SimpleData name="Phase"></SimpleData>
		<SimpleData name="Poll_Day"></SimpleData>
		<SimpleData name="DOA"></SimpleData>
		<SimpleData name="DOIN"></SimpleData>
		<SimpleData name="LDFN"></SimpleData>
		<SimpleData name="DSN"></SimpleData>
		<SimpleData name="LDWC"></SimpleData>
		<SimpleData name="DOCV"></SimpleData>
		<SimpleData name="Shape_Le_1">28337.0394521</SimpleData>
		<SimpleData name="Shape_Ar_1">40014502.875</SimpleData>
		<SimpleData name="Shape_Length">28337.0394520652</SimpleData>
		<SimpleData name="Shape_Area">40014502.8750392</SimpleData>
	</SchemaData></ExtendedData>
      <MultiGeometry><Polygon><outerBoundaryIs><LinearRing><coordinates>80.16966309856,13.1429706101713 80.1707188373095,13.1409095312535 80.17150742428,13.1409139288323 80.1752802469637,13.1388788106786 80.1753208642892,13.1388569013331 80.1753254762399,13.1388568995836 80.1754529435855,13.1388328277324 80.1793973498783,13.1380878422676 80.1828143858105,13.1374453999919 80.1864903728015,13.1400298223211 80.1874080818143,13.1400296228679 80.1882881918409,13.1395377146284 80.1883302824035,13.139514189592 80.1891229629968,13.1373265464338 80.1926734724105,13.1357845513935 80.1925394500584,13.1346230561925 80.1953053466485,13.1307626776626 80.1964903475774,13.1302471488225 80.2006549623874,13.1308904996312 80.2006961447533,13.1308968622523 80.2043703261306,13.1272169617198 80.2043335374248,13.1267718546255 80.2042963184259,13.1263220680599 80.2041763825557,13.1261865153393 80.2035522339946,13.1260352853241 80.2034981805674,13.1260239718297 80.2034699240601,13.1260197542023 80.2034434677766,13.1260158051521 80.2034228559325,13.1260139592293 80.2033883543373,13.1260108701517 80.2033847997038,13.1260108447812 80.2033710006827,13.1260107520476 80.2033569546249,13.1260106575644 80.2033556754239,13.1260106479411 80.203348834753,13.1260105928258 80.2033324557705,13.1260104895941 80.2028261562932,13.1260086629178 80.202815832854,13.1260086270491 80.2028134280639,13.1260086183007 80.2028069440242,13.1260085946799 80.2027799514466,13.1260084993218 80.2027789650964,13.1260084958224 80.2027503178219,13.1260083943404 80.2027488068557,13.1260083882165 80.2027362843406,13.1260083435994 80.2027352719392,13.1260083401 80.2027060856757,13.1260082359934 80.2026776890312,13.1260081353863 80.2026675236955,13.1260081003925 80.202651851687,13.1260080444024 80.2026349948007,13.1260079831632 80.2026340174337,13.1260079814136 80.2025841070365,13.1260078020703 80.2025831620088,13.126007798571 80.2025784701081,13.1260077819489 80.2021619222092,13.1260063008363 80.2021519518078,13.1260062999615 80.2021286989167,13.1260075492401 80.2021054109913,13.1260088343874 80.2020600209166,13.1260120765629 80.2020148491325,13.1260175093501 80.2020134477607,13.1260177368098 80.2019721135795,13.1260244276239 80.2019699118088,13.1260248344268 80.2019341426908,13.1260314167599 80.2018983367419,13.1260380069665 80.2019954554039,13.1240865588561 80.2019955128961,13.1240855798968 80.2019962719725,13.1240726355888 80.2019973041367,13.1240587403161 80.2019985545916,13.1240448607899 80.2020000224388,13.124031004009 80.2024667098053,13.1199343527803 80.2024713172644,13.1198939155675 80.2024765194082,13.1198482378954 80.2024771033131,13.1197141426326 80.202477359333,13.1196553016695 80.2024769128703,13.1196531766161 80.2024765050352,13.1196513210219 80.2024416746566,13.1194929323134 80.2024349184274,13.1194621868191 80.2024110412071,13.1194113009748 80.2023524737455,13.1192864799593 80.2023515529724,13.1192845193781 80.2023506869964,13.119282718023 80.2022484048182,13.1191501797193 80.2022319378007,13.1191288407789 80.2019885114267,13.1188744749725 80.2021359348463,13.1184089192587 80.2021539918818,13.1184089148844 80.2021557678512,13.1184089140095 80.2021665826689,13.1184089113849 80.2022374956774,13.1184088921377 80.2022491414367,13.1184088886382 80.2023123091709,13.1184088711408 80.2024787705863,13.1184088247726 80.202509441765,13.1184088168987 80.2016331864093,13.1169371377507 80.2007471304339,13.1154489853798 80.2007343635771,13.1154277546036 80.2007281822696,13.1154162507715 80.2007275489573,13.1154150766789 80.2007219892841,13.1154047268165 80.2007182028851,13.1153971599557 80.2007102950157,13.1153813560732 80.2007010154188,13.1153586161181 80.1997170466707,13.1131590518385 80.1995660776006,13.1128211259433 80.199554926813,13.1127961670254 80.1995428813034,13.1127692046022 80.1995422066686,13.1127678056497 80.1995400300507,13.1127632912064 80.1995385280675,13.1127600042367 80.199537956739,13.1127587540158 80.1995358582745,13.1127542281988 80.1995336547071,13.1127511293308 80.1989750705853,13.1115718016127 80.1974587161824,13.1083702874085 80.1974581277858,13.1083690432897 80.1974574881854,13.1083676924321 80.1974037518634,13.1082536516796 80.1973467609451,13.1081327025962 80.1969374184331,13.1080968252171 80.1952894159253,13.1079370493355 80.1952823048615,13.1077983481777 80.1952531293777,13.1072293193239 80.195253030563,13.1072244705627 80.1952528958157,13.1072223121552 80.1952527116611,13.1072193707017 80.1952523622164,13.1072142699656 80.1952531239878,13.1072112410207 80.1952506464342,13.1071794169745 80.1952263559889,13.1068675719004 80.195127411052,13.1055954878547 80.1951264112271,13.1055826405642 80.195125402419,13.105569655036 80.1951250511777,13.1055638665804 80.1951248319888,13.1055609881011 80.1951246083083,13.1055580789996 80.1951242588636,13.1055522914187 80.195123627348,13.1055480393183 80.1950937655513,13.1049598392673 80.1950206965861,13.1035205393786 80.1949103322653,13.1013216733334 80.1949044141641,13.1012666286799 80.194903108912,13.1012544916091 80.1949028717568,13.1012522832781 80.1949004516954,13.101237838133 80.1948914137453,13.1011848434295 80.1948912179126,13.1011836841429 80.1948742172959,13.1011161664065 80.194851135983,13.1010508648588 80.1942828653275,13.0995598489707 80.1943106250664,13.0995447448972 80.194328927342,13.0995334126855 80.1943375385923,13.0995281009299 80.194347227821,13.0995221075965 80.1943849157404,13.0995011580515 80.1944027814348,13.0994922861671 80.1944235666538,13.0994819653829 80.1944626631316,13.0994648935659 80.1948649287158,13.0992988457609 80.1957442823609,13.09893585914 80.1957453441696,13.0989354216693 80.1957964484278,13.0989125157055 80.195803090571,13.0989090430632 80.1958352116306,13.0988922529377 80.1958461010085,13.0988865605686 80.1958566139922,13.0988802286172 80.1958595802293,13.0988784419867 80.1958940449935,13.0988576857491 80.1959132536692,13.0988444723813 80.1959170346783,13.0988418711799 80.1959398527848,13.0988261747269 80.1959592411236,13.098811256971 80.1959794568107,13.098795620012 80.1960010541068,13.0986200252593 80.1960226549961,13.0984444093827 80.1960288704396,13.0983521597475 80.1960289944071,13.0983503206166 80.1960270199101,13.0983001933565 80.196025264602,13.0982556176041 80.1960195225707,13.098216658983 80.1960114404281,13.0981618166224 80.1959992987987,13.0981145617658 80.1959884893709,13.0980724865707 80.1956055016327,13.0968613287561 80.1955984714173,13.0968388828224 80.1955903335791,13.0968161630277 80.1955816477686,13.0967941851875 80.195577315194,13.0967839237867 80.1955768723246,13.0967825352428 80.1955747289443,13.0967758173848 80.1955731766555,13.0967709544185 80.1940083913806,13.0932120956413 80.1939676932067,13.0931195351848 80.194029277211,13.0930832653848 80.1940829569391,13.093051678377 80.1941074441154,13.0930387341862 80.1941296280114,13.0930244276784 80.1941514453947,13.0930094850721 80.1941705336962,13.0929929377839 80.1954027222286,13.0920696162409 80.1958992534256,13.0916988046357 80.1959002209111,13.0916979777919 80.195986495111,13.0916244761789 80.1960120009768,13.0915967598397 80.196063674767,13.0915406236781 80.196066658072,13.0915364317085 80.1960827738482,13.0915137814222 80.1960857832044,13.0915095509536 80.1961281935673,13.0914499463995 80.1961289265926,13.0914489174372 80.1961295850576,13.0914479925962 80.1961344144006,13.0914392131684 80.1961842421528,13.0913486390986 80.1961849590084,13.0913473362709 80.1965050161677,13.0906487116429 80.1965121595709,13.0906331380387 80.1965156998314,13.0906296661546 80.1965766927442,13.0905698478947 80.1961085950227,13.0887546193793 80.1960987467923,13.0887193262867 80.1960874217315,13.0886845704253 80.1960746198404,13.0886501724249 80.1960597841635,13.0886175208757 80.1940709419722,13.084124460382 80.1933933202955,13.0825935838382 80.1931608919955,13.0820665405641 80.1922354296235,13.0799679874227 80.1922311311849,13.0799526983964 80.1922248968768,13.0799394446395 80.192222333085,13.0799342155873 80.1922184460747,13.0799262906329 80.1922177912029,13.0799250096201 80.192211779677,13.0799132442517 80.191448153295,13.0784455167086 80.1913820902907,13.0783185407648 80.1911809494138,13.0766553041301 80.1910931822139,13.0759296924111 80.191084865611,13.0758609427229 80.1900988891282,13.0751973006098 80.189219469906,13.0744737514187 80.1891365428289,13.0744423501575 80.1869510342691,13.0736147785692 80.1846146096399,13.073122518795 80.1825033189906,13.0729478192872 80.1824986315814,13.0729471927632 80.1823962128593,13.0729335063633 80.1811831512558,13.0727713975885 80.180244922027,13.0725287837487 80.1794591593597,13.0723540488191 80.1792761590616,13.0722860681661 80.1787869949484,13.0724567561057 80.1783434868112,13.0726725178339 80.1782053268188,13.0728967409496 80.1781129961772,13.0731136205851 80.1778337324133,13.0739744108664 80.1777570737802,13.0740626278641 80.1777501819053,13.0740705591321 80.1757872255673,13.076329503201 80.1744644221754,13.0782098901927 80.1735012152902,13.08009472364 80.1738565214429,13.0816267803276 80.1737670833766,13.0817047841848 80.1727732421435,13.0825715679795 80.1712104385521,13.0833944099081 80.1690526358323,13.082920236615 80.1680890408748,13.0829158791242 80.16400437882,13.0844441348134 80.1624412841745,13.0836172906582 80.1618416542308,13.0818502366769 80.1613666709226,13.0811407359498 80.161282904819,13.0812134374353 80.1602833449108,13.0820809518332 80.1549952754469,13.0833696921316 80.1524689784077,13.0857246536191 80.1507862865568,13.0872524342789 80.1471808541466,13.0877182834181 80.1460974059639,13.0881884068264 80.1460764051491,13.0882457809724 80.1454935539383,13.0898380875644 80.1454067632071,13.0899227701193 80.1445300065915,13.0907782273993 80.1444768730391,13.0908309863502 80.1441704046951,13.0911352972525 80.1442904106339,13.0927849206373 80.1448853118459,13.0943169990629 80.1433224561523,13.0966717946818 80.1432483927521,13.096750202378 80.141879394395,13.0981994978341 80.1418715215599,13.0982014209607 80.1404362410096,13.0985521122207 80.1404343877852,13.0986172525668 80.1401969989882,13.106962982029 80.1402117484269,13.1070107023904 80.1419541620744,13.1126484440909 80.1420788320662,13.115120620736 80.1433332628852,13.1179678381285 80.1438116220622,13.1224765436429 80.1440808166101,13.1250137285729 80.1471015176356,13.1284754430625 80.1479824702819,13.130454919084 80.1470928506897,13.1346581546146 80.1457791175873,13.1394116729998 80.1487720346194,13.1393346523397 80.1510041271149,13.1403694673823 80.1542877740072,13.1423080815732 80.1554729788537,13.1424390406385 80.1581015751392,13.1420546154329 80.1616523468611,13.1405130472508 80.1644141112009,13.1361332513522 80.1658620768613,13.1357488967531 80.1674351562812,13.1394908753794 80.1679564962513,13.1410364897691 80.1682195337462,13.1421979791178 80.16966309856,13.1429706101713</coordinates></LinearRing></outerBoundaryIs></Polygon></MultiGeometry>
  </Placemark>
  <Placemark id="india_acs_map__ac.3">
	<Style><LineStyle><color>ff0000ff</color></LineStyle><PolyStyle><fill>0</fill></PolyStyle></Style>
	<ExtendedData><SchemaData schemaUrl="#india_acs_map__ac">
		<SimpleData name="id">ac.2339</SimpleData>
		<SimpleData name="tessellate">-1</SimpleData>
		<SimpleData name="extrude">0</SimpleData>
		<SimpleData name="visibility">-1</SimpleData>
		<SimpleData name="OBJECTID_1">2339</SimpleData>
		<SimpleData name="OBJECTID">2339</SimpleData>
		<SimpleData name="st_code">22</SimpleData>
		<SimpleData name="st_name">TAMIL NADU</SimpleData>
		<SimpleData name="dt_code">602</SimpleData>
		<SimpleData name="dist_name">Thiruvallur</SimpleData>
		<SimpleData name="ac_no">9</SimpleData>
		<SimpleData name="ac_name">Madavaram</SimpleData>
		<SimpleData name="pc_no">1</SimpleData>
		<SimpleData name="pc_name">Thiruvallur</SimpleData>
		<SimpleData name="pc_id">331</SimpleData>
		<SimpleData name="status"></SimpleData>
		<SimpleData name="State_LGD">33</SimpleData>
		<SimpleData name="Dist_LGD">589</SimpleData>
		<SimpleData name="SHAPE_Leng">0</SimpleData>
		<SimpleData name="Type"></SimpleData>
		<SimpleData name="Phase"></SimpleData>
		<SimpleData name="Poll_Day"></SimpleData>
		<SimpleData name="DOA"></SimpleData>
		<SimpleData name="DOIN"></SimpleData>
		<SimpleData name="LDFN"></SimpleData>
		<SimpleData name="DSN"></SimpleData>
		<SimpleData name="LDWC"></SimpleData>
		<SimpleData name="DOCV"></SimpleData>
		<SimpleData name="Shape_Le_1">98335.6061147</SimpleData>
		<SimpleData name="Shape_Ar_1">227783348.853</SimpleData>
		<SimpleData name="Shape_Length">98335.6061147077</SimpleData>
		<SimpleData name="Shape_Area">227783348.852752</SimpleData>
	</SchemaData></ExtendedData>
      <MultiGeometry><Polygon><outerBoundaryIs><LinearRing><coordinates>80.1922671365597,13.2719958216768 80.1922991013125,13.270771043349 80.1934572291398,13.2708295017039 80.194721482138,13.2708969673546 80.1953259881371,13.2711544187213 80.1959398545814,13.2718728490803 80.195930271354,13.2706254818881 80.1958515259345,13.2695589121667 80.1956344076219,13.2686415202467 80.1956847842447,13.2673263472096 80.1958828852228,13.2662823000703 80.1960762404012,13.2647953477339 80.1959837579443,13.2640858183245 80.1955033173708,13.2619843988497 80.1954245306288,13.2607506078453 80.1954147201276,13.2587032961767 80.1954650419532,13.2571937849343 80.1960463166207,13.2570038153925 80.1959676251001,13.2560999429617 80.1959163968744,13.2544367956915 80.1959854171326,13.2537904962743 80.1960913671322,13.2532210146757 80.1962665457991,13.2527328676683 80.1964186539329,13.2522402060626 80.1952197452867,13.2513510014221 80.1986488150505,13.2466420406881 80.202405937878,13.2418525945724 80.2032571859328,13.2420670206337 80.2053563421393,13.2421748640573 80.206989385901,13.2418218469625 80.2087284380528,13.2411840616276 80.2099233545859,13.241292149409 80.2099556517153,13.2413011770525 80.2086910618488,13.2398011172131 80.2087275738735,13.2386305661989 80.2093086302504,13.2379569823604 80.2100695553983,13.2371387167132 80.2100000985589,13.2363930268314 80.209566093699,13.2353672480798 80.2083847902358,13.234499882589 80.2086015222728,13.2342241276228 80.2089287542763,13.2333020543845 80.2090756431983,13.2311371851961 80.2096889023815,13.230251174888 80.2107035791393,13.2295774498277 80.2114000600471,13.2292518223039 80.2118290172734,13.2290483063016 80.2152883701437,13.227542171194 80.2195876585845,13.227039010289 80.223993039857,13.2265583357444 80.2224211677728,13.2413375630695 80.222541020998,13.2410934677146 80.223449598636,13.2404197306667 80.2247598498683,13.2405231869025 80.2263922136054,13.2386063144148 80.2267979143473,13.2379282402351 80.228061294183,13.2362917051242 80.230146310907,13.2357937407933 80.2305522811434,13.2357845389296 80.2303558150992,13.2294438134268 80.2304048703003,13.2254802228766 80.2317887420634,13.2253214863658 80.2336659021053,13.2244439427492 80.234883429234,13.2236886881381 80.2343018581225,13.2229658147443 80.2338125538721,13.2222474219001 80.2341024887233,13.2206880870211 80.2340608149789,13.220331065908 80.2324321316396,13.219689970273 80.2311680071004,13.2193289249457 80.2308449576529,13.2190081722603 80.2303967306654,13.2172141229576 80.2299581183465,13.2163194436373 80.2286938473819,13.2155606710145 80.228084654872,13.2148829901054 80.2276785184472,13.2144040852612 80.2280472849562,13.2137621747285 80.2295140236094,13.2133638856425 80.2323646852297,13.2130915751729 80.2327289287213,13.212689193916 80.2327325498302,13.2104158986299 80.2316754142004,13.2085769042477 80.2317949323541,13.2076543518564 80.234313512865,13.207595099982 80.2342948323987,13.2070708491328 80.2347560966358,13.2070390214329 80.23499594502,13.2070027658532 80.2356369953832,13.2067177715872 80.2358939476904,13.2038619860155 80.2363981199571,13.2019741690458 80.2362419325736,13.1991663758944 80.2358866560652,13.1977102087799 80.2354101725706,13.1966652248616 80.23454867923,13.1963256456254 80.2335034849053,13.1963477177522 80.2318239218866,13.1965106641588 80.2304174862401,13.1969935756196 80.2270558934289,13.1981005034326 80.2227513058262,13.1997620804272 80.2223867443311,13.1993599833066 80.222266421287,13.1983657403474 80.2226720492653,13.1976469856071 80.2227543448268,13.1958075189958 80.222157358625,13.1908498573104 80.2224430183938,13.1900543171452 80.2229356023933,13.187658794928 80.2237510912116,13.1853806530231 80.2239499359947,13.184308804403 80.223958199597,13.1842642573897 80.2244885119401,13.1839838415734 80.22538321959,13.1837484798417 80.2268453435977,13.1837479017054 80.2269417364209,13.183760709918 80.2271714886396,13.1837912383127 80.2286765619993,13.183991220895 80.2297355975658,13.1841894409196 80.2297724051363,13.1841963295635 80.2309414259346,13.1844151269973 80.2341982859635,13.1847038496076 80.2377399694296,13.1853031386505 80.2400458639156,13.1855010042602 80.2420915658711,13.1853772830617 80.2421041737261,13.1853765203816 80.2431313694057,13.1842048870152 80.2425940960174,13.1830359069466 80.2431368239761,13.181929435709 80.2431684069448,13.1818650478003 80.2444091168962,13.181368694613 80.2444848951803,13.1813383793299 80.2447478653016,13.1801393823821 80.2447580557902,13.1800929191215 80.2440281737235,13.17916076307 80.2434052244133,13.1760959593684 80.2424534665563,13.1733141145795 80.2417909734073,13.1711368948763 80.2418299423244,13.1698863078117 80.241834537207,13.1677112697346 80.2418348237696,13.1675752456798 80.2430919531276,13.1682751953925 80.248628336699,13.166050184395 80.2505312487452,13.1660028411337 80.2516625924039,13.1656014180188 80.2517398169756,13.1655740170458 80.2540506944164,13.1650598874196 80.2567264010503,13.1636239811397 80.258153232047,13.1625117758761 80.2581750934478,13.1624947364305 80.2585996920483,13.1620449996034 80.2586826451766,13.1619571360643 80.259541280078,13.1602265832036 80.2595602156658,13.1592368041444 80.2592797310914,13.1573701691123 80.2592805063375,13.155670813804 80.2587788224042,13.153659377625 80.2586180473245,13.1522717914255 80.2584158006214,13.1507034630263 80.25819099273,13.1498502262108 80.2581883669544,13.1498509767549 80.2581442291313,13.1498528846065 80.2547231328139,13.1500008003564 80.2544322286805,13.1495474313418 80.2514516661785,13.1498185100347 80.251446367915,13.1498062782634 80.251439515566,13.1498068932199 80.251310562407,13.1494994646869 80.2512184177167,13.1493051223973 80.250969501738,13.1490112179467 80.2505317032927,13.1484957807949 80.2505123212421,13.148472868078 80.2505072286928,13.1482341533593 80.2505019196494,13.1481773959243 80.2504399134369,13.147903461053 80.2503733806138,13.1476095348032 80.250325406086,13.1474717999167 80.2501911025611,13.1472300750171 80.2500450400892,13.1470268581364 80.2499843103827,13.1469481839262 80.2499729287281,13.1469359616343 80.249702516963,13.1466875468306 80.2495994532504,13.1466111154259 80.2495647252798,13.1465875377066 80.2494727854054,13.1465251183671 80.2493659532603,13.1464839306045 80.2488541102794,13.1464926179653 80.2479017227034,13.1472533132642 80.2478472282033,13.1472620837009 80.2475375959928,13.147344651407 80.2475357598364,13.1473122167215 80.2475280379182,13.1473134597684 80.2474676459783,13.1461091333688 80.2473518216972,13.1440633107458 80.2445265581448,13.1443345477108 80.2441604461575,13.1443813352981 80.2423389115947,13.1445629123418 80.2423382818756,13.1445446075931 80.2423266810321,13.1445457220615 80.2422906729622,13.1434834065908 80.2417506381528,13.1434450613618 80.2408857105528,13.1433929724108 80.2407847399149,13.143367176807 80.2401633384019,13.1432415351717 80.2401640372912,13.1432086030666 80.2401615983652,13.1432079802205 80.2401791514459,13.1411832141208 80.2402216956577,13.1404929549971 80.2402228625693,13.1404379759763 80.240260998748,13.1398552936511 80.2405042391708,13.1359087586588 80.2405193650035,13.1359075339252 80.2405200647911,13.1358968446249 80.2430800747047,13.1356678901815 80.2430707573785,13.1355559292735 80.2428874848909,13.1338920130329 80.2418775683058,13.1338879302624 80.2418128824188,13.1336916938766 80.2416472492501,13.1333534646565 80.2414350249591,13.1325454089244 80.2414157929272,13.132487067058 80.2414157857407,13.1324689888625 80.2414175203875,13.1302207770741 80.2414049026511,13.129913740427 80.2414121188177,13.129601073851 80.2413893078977,13.129180318574 80.2414185561451,13.128876395913 80.2414187061637,13.1286816007511 80.2414198398376,13.1286601524091 80.241416732565,13.1285139585981 80.2413855511432,13.1283515417299 80.2414433523418,13.1282152911342 80.2414507167305,13.1280759697829 80.2414200769928,13.1280740110215 80.2399058605802,13.1279771935967 80.2382917434232,13.1276660222805 80.2365716466223,13.1275356650987 80.2363382059209,13.1275386824202 80.2363293054131,13.1275387970242 80.2362976793252,13.1275392055743 80.2362613855911,13.1275396779876 80.2362582890983,13.1275397182302 80.2362537067921,13.1275397768445 80.2362507872674,13.1275398153374 80.2362428461603,13.1275399185685 80.236240138638,13.1275399544369 80.2362361366434,13.1275400051776 80.2362339905682,13.1275400331725 80.2362278173456,13.1275401136577 80.2362232089882,13.1275401731468 80.2362216782589,13.1275401932681 80.2362185413419,13.1275402343856 80.236206210168,13.1275403936064 80.2361853485922,13.1275406639318 80.2361789157564,13.1275407470415 80.2361760052149,13.1275407864093 80.2361047301853,13.127541709365 80.2357694070561,13.1275460581923 80.2357228922907,13.1275466609567 80.2355728071629,13.1275486065998 80.2354880026068,13.1275497071478 80.2354805699461,13.1275424661012 80.2354729441477,13.1275350369639 80.2347921388416,13.1268718272052 80.2347630226466,13.1268434630792 80.2346114633835,13.1266958238221 80.2342263915538,13.1267020395782 80.2328372197304,13.1267245204053 80.2328227739224,13.1267247539882 80.2328112943513,13.1267249403297 80.231619545278,13.1267442201065 80.2311760272593,13.1267514174345 80.2311361187045,13.1267508837807 80.2266994580938,13.1266943059702 80.2266400255546,13.1266935466069 80.2264194783726,13.1266907322384 80.2263571388851,13.1266899720002 80.2249667318783,13.1276517650275 80.2238860954224,13.1283992675634 80.2230680580836,13.1292184167034 80.2223464611788,13.1299409879143 80.2223306499315,13.1299447549364 80.2223147084285,13.1299485761981 80.2207602744406,13.1303211882895 80.2179696903499,13.1306501572525 80.217950689185,13.1306523968133 80.2179424839731,13.1306533643736 80.2179151464424,13.1306566108619 80.2157478808694,13.1309691816129 80.2148233275925,13.1310801884263 80.2138987716206,13.1311912424302 80.2061413250689,13.1278672255639 80.2061240253131,13.1278575848449 80.2053065269635,13.1274019537111 80.2053064892343,13.1274019510866 80.2043703261306,13.1272169617198 80.2006961447533,13.1308968622523 80.2006549623874,13.1308904996312 80.1964903475774,13.1302471488225 80.1953053466485,13.1307626776626 80.1925394500584,13.1346230561925 80.1926734724105,13.1357845513935 80.1891229629968,13.1373265464338 80.1883302824035,13.139514189592 80.1882881918409,13.1395377146284 80.1874080818143,13.1400296228679 80.1864903728015,13.1400298223211 80.1828143858105,13.1374453999919 80.1793973498783,13.1380878422676 80.1754529435855,13.1388328277324 80.1753254762399,13.1388568995836 80.1753208642892,13.1388569013331 80.1752802469637,13.1388788106786 80.17150742428,13.1409139288323 80.1707188373095,13.1409095312535 80.16966309856,13.1429706101713 80.1682195337462,13.1421979791178 80.1679564962513,13.1410364897691 80.1674351562812,13.1394908753794 80.1658620768613,13.1357488967531 80.1644141112009,13.1361332513522 80.1616523468611,13.1405130472508 80.1581015751392,13.1420546154329 80.1554729788537,13.1424390406385 80.1542877740072,13.1423080815732 80.1510041271149,13.1403694673823 80.1487720346194,13.1393346523397 80.1457791175873,13.1394116729998 80.1457340715674,13.1394484206047 80.1442665828209,13.140645595023 80.1436302620878,13.1422545892223 80.1447647669179,13.1429957392311 80.144764815427,13.1438634941416 80.1413568147499,13.1444737942276 80.1389588213877,13.1470681052923 80.1376952304478,13.1479313766148 80.1369389379118,13.149413808923 80.1357998453854,13.1502770676157 80.134789862325,13.1502725643589 80.1349143966712,13.1512623446221 80.1341580682025,13.1518815356564 80.1352925694394,13.1515109148722 80.1366807117935,13.1508962296466 80.1373125607132,13.1521345743862 80.1376031477413,13.1536892930764 80.1376845261229,13.1541012737566 80.1376437929146,13.1541471497462 80.1376450622341,13.1541332649233 80.1353760768283,13.1546259617795 80.1338588079403,13.1551186244053 80.1293207778398,13.1551096416875 80.1215084271561,13.1511459549449 80.1188566821841,13.1508927778582 80.1071241482793,13.1544579603341 80.1047259878305,13.1547018037339 80.100815123732,13.1552528166704 80.0969042281926,13.1558037233998 80.091102148113,13.1586366701583 80.0870525553886,13.1609229150766 80.0768360012893,13.1666472658873 80.071785555981,13.1678755044006 80.0680680776037,13.1674999806364 80.068063713588,13.1674995397891 80.0643464948238,13.1671235221186 80.0628443580568,13.1616816762123 80.0620884473048,13.1599505160971 80.0604568785767,13.1559910136486 80.0626067213248,13.1531533319182 80.06210419567,13.1525340312527 80.0590743983039,13.1520315688327 80.056427109874,13.1525234668913 80.0544119820792,13.1517771776282 80.0530239897438,13.1512796306547 80.052775395362,13.1497971632622 80.0535322933625,13.1478223648934 80.0545472557846,13.1464622913679 80.0553088142448,13.1442389141521 80.055563330321,13.1411521704133 80.0553202219506,13.1365783677251 80.0552833452099,13.1365241226658 80.0549005488128,13.1366776775834 80.0511189486905,13.1373138197752 80.0483104441081,13.1376609621612 80.0444366687528,13.1380348458846 80.0419779582606,13.1380457231742 80.0419047967689,13.138046046851 80.0408062101771,13.1380509063766 80.0408013592745,13.1380509273719 80.0406625111726,13.1380515406081 80.0399662458605,13.1392513322363 80.0391632633876,13.1407741370494 80.0386882225873,13.1408914746732 80.0380884785575,13.1415149573597 80.0382079841347,13.1425680567343 80.0380411705797,13.1446786280642 80.0378003583032,13.1473360384317 80.0383896064172,13.1501474126263 80.0392649580677,13.1525340496224 80.0392923189546,13.1533656568417 80.0388114759358,13.1566060027554 80.0384099173258,13.1574645720495 80.0383448990621,13.1575366106631 80.0372518353126,13.1587477038169 80.0360569178812,13.1598409953819 80.0354152647485,13.161363844669 80.0355712562993,13.1634700118605 80.0356857555654,13.1655400059316 80.0354405747817,13.1674516833607 80.0349232871118,13.1693271013205 80.0341249588104,13.1704114920919 80.0326425724032,13.1717325968381 80.0325839447545,13.1717848459562 80.0325555373304,13.1718167735862 80.0319287171796,13.1725212796231 80.0311398732909,13.1729051348639 80.0301573265759,13.1732572746111 80.0294378227457,13.1732524717626 80.0284000332339,13.1733469682921 80.0284024155661,13.1733814314042 80.0287438849685,13.1783186005822 80.0289047049639,13.179792036015 80.0286092212192,13.1804969660413 80.0284751692226,13.1812019613843 80.0288021407147,13.1824223670271 80.0294841003559,13.1840587105846 80.029561468658,13.1858869443765 80.0295617543223,13.1858936746644 80.0311205406477,13.1864501914228 80.0315541134179,13.1864503593516 80.0331421515839,13.1875915012733 80.0331587928745,13.1876034591489 80.0332154145852,13.1876402686211 80.04214090367,13.1934424858921 80.0421740973181,13.193464064128 80.0422585461413,13.1935204699703 80.0431286776817,13.1941016488858 80.0434883128158,13.194522088909 80.0435941855603,13.195127742825 80.0455433114362,13.1950927352783 80.0456304534086,13.1950911697472 80.0463110440173,13.1950789402378 80.0461996987362,13.1969409523137 80.0497699486283,13.1968020050068 80.0519583991707,13.1968205209987 80.0519886346665,13.1968207772542 80.0519745652526,13.197539378748 80.0533813557336,13.1977793450311 80.0544098746316,13.19813217837 80.0561209325842,13.1989507209275 80.0565866839062,13.1993847322579 80.0567481686549,13.1992537118164 80.0570159232034,13.1985306645964 80.0582428529983,13.1986937197449 80.0586902247895,13.1988972252076 80.0589992048231,13.1991368481947 80.0593635507226,13.1993358089539 80.0611208557426,13.1998198850206 80.0620617161369,13.2003037309882 80.0626934824116,13.2009456742839 80.0635280298869,13.2022475221628 80.0637537360937,13.2034136222248 80.0640580664473,13.203834019111 80.0641780023175,13.203820491307 80.065151632355,13.2035482086728 80.0651790534291,13.203540539585 80.0652801426447,13.2035054186754 80.0681038233654,13.2025243802576 80.0706825874071,13.2016075352147 80.0737872575555,13.2003744153856 80.0740549447304,13.1997326997291 80.0749544430958,13.1996560662391 80.0754845389449,13.2012786956479 80.0762594706248,13.2013195366054 80.0763970080847,13.2012905024268 80.0772005151737,13.2011208783162 80.0776098217531,13.2021595366289 80.07766107603,13.2022741572748 80.0777287245608,13.2023817410585 80.0777690391541,13.2024478246057 80.0789436869994,13.2032228236439 80.0789658151998,13.2032374298248 80.0790627991145,13.2033014439102 80.0816971536009,13.2050402234218 80.0841972072574,13.2055378403798 80.085705918794,13.2038206880846 80.090212586013,13.2040248268346 80.0998811606025,13.2028601447462 80.1069156448103,13.2028744623405 80.1065490297664,13.2153859399692 80.1065484835907,13.2154045411299 80.1065453628434,13.2155110487081 80.1068542979612,13.2169076134265 80.1083857341795,13.2179110901038 80.1091191861511,13.2181913646554 80.1091271766655,13.218195931376 80.1093061075954,13.218298161356 80.110479975703,13.2189688366756 80.113709107434,13.2193080407343 80.1139351370342,13.2194752787835 80.1140937274111,13.2217563558113 80.1141000021434,13.2218466167321 80.1141010441891,13.2218616030815 80.1141514684226,13.2265257611525 80.1147742120186,13.2271404573968 80.1152262855921,13.2274704111822 80.1153921720857,13.2304713887959 80.1132977688654,13.2300238189586 80.1131824197931,13.230245267827 80.1130669368717,13.2323016439668 80.1142018019263,13.2325231782117 80.1154720260263,13.2334279295773 80.1155534484253,13.2334859229482 80.1155670731733,13.2335070883958 80.1166266477289,13.2351529499112 80.1166882290383,13.2352486047529 80.1166971555973,13.2352859903009 80.1173108908876,13.237856404582 80.1176428570126,13.2415262760411 80.118094884772,13.2433567069766 80.1187730175901,13.2444730631267 80.1203046712007,13.2455849353919 80.120397229116,13.2456177216674 80.121721021553,13.2460866563005 80.1229113243387,13.246199684974 80.1248352012669,13.2458698142698 80.1254026724218,13.245869827386 80.1265929671227,13.246425751782 80.1280693402074,13.2445953666575 80.130449937694,13.2449885820435 80.1315600694339,13.2471724523625 80.1315802662565,13.2472121856235 80.131238862431,13.2492143348467 80.1319170680127,13.2494357898736 80.1320324125935,13.2502719009264 80.1319413440849,13.251344975955 80.1315990114015,13.2526742493198 80.1313037360659,13.2550515176635 80.1312068473727,13.2563034249856 80.1294870434225,13.2564299580587 80.1293103277381,13.2564429583157 80.1293324343789,13.2564609084273 80.1294332648797,13.256542782569 80.1297839123693,13.2568275060934 80.1305774903795,13.257604847796 80.1309927447044,13.2584771008779 80.1315879423606,13.2593719462441 80.1324922592891,13.2600453326586 80.1334196476491,13.2605831323336 80.1342132346424,13.2609627491568 80.1350298849824,13.2611299489831 80.1364463296578,13.2612745298525 80.1374336877495,13.2613106523231 80.1391407886232,13.2611433651849 80.1406079719425,13.2610167541231 80.1417060500879,13.2609037122238 80.1432931854471,13.2607138067859 80.1444927606432,13.2605465131165 80.1455031793866,13.2604876946733 80.1464074693656,13.2603430092866 80.1473809610626,13.2601305229344 80.1484236526809,13.2598592763839 80.1496001483607,13.2596558043303 80.1506889846385,13.2595020503855 80.151833177799,13.2592759738694 80.1527789726392,13.2590273148157 80.1539831472096,13.2588554557765 80.153388053758,13.2595831479397 80.1543523215537,13.2594791043631 80.1554411740011,13.2594925486358 80.1565207971573,13.2594788726558 80.157545052651,13.2594561609618 80.1587031122063,13.2594650646456 80.1617343630465,13.2594601655648 80.1631969371101,13.2595051640074 80.1642904068981,13.2595321303677 80.1648162887502,13.2589806812142 80.1655312947158,13.2581941909836 80.1662003024473,13.2582664036085 80.1671968772537,13.2582933709805 80.1682995736381,13.2583519529999 80.1696006638512,13.2584104991559 80.1705695660554,13.2584781317613 80.1714369523443,13.2584779866157 80.1720417314312,13.2604664458842 80.1724709806099,13.261338626621 80.1731263860514,13.2625994418662 80.173449529822,13.2634897184292 80.1736065939612,13.2644794498709 80.1738236026793,13.2652748363539 80.174128212409,13.2657493236498 80.1747188906409,13.2662508770582 80.1756279866068,13.2670144973348 80.1774876995692,13.2684468137602 80.1783367790909,13.2689754239644 80.1792735180147,13.2694588195929 80.1802379537953,13.2699828819557 80.1811700780735,13.2704255965981 80.1822544685889,13.2708773151212 80.1834542189565,13.2713561202583 80.1833297313227,13.2717357805819 80.1850599925612,13.2717715570141 80.186425730932,13.2717350942381 80.1878975792025,13.2716534035758 80.1905645299574,13.2718606610202 80.1922671365597,13.2719958216768</coordinates></LinearRing></outerBoundaryIs></Polygon></MultiGeometry>
  </Placemark>
  <Placemark id="india_acs_map__ac.4">
	<Style><LineStyle><color>ff0000ff</color></LineStyle><PolyStyle><fill>0</fill></PolyStyle></Style>
	<ExtendedData><SchemaData schemaUrl="#india_acs_map__ac">
		<SimpleData name="id">ac.2340</SimpleData>
		<SimpleData name="tessellate">-1</SimpleData>
		<SimpleData name="extrude">0</SimpleData>
		<SimpleData name="visibility">-1</SimpleData>
		<SimpleData name="OBJECTID_1">2340</SimpleData>
		<SimpleData name="OBJECTID">2340</SimpleData>
		<SimpleData name="st_code">22</SimpleData>
		<SimpleData name="st_name">TAMIL NADU</SimpleData>
		<SimpleData name="dt_code">602</SimpleData>
		<SimpleData name="dist_name">Thiruvallur</SimpleData>
		<SimpleData name="ac_no">7</SimpleData>
		<SimpleData name="ac_name">Maduravoyal</SimpleData>
		<SimpleData name="pc_no">5</SimpleData>
		<SimpleData name="pc_name">Sriperumbudur</SimpleData>
		<SimpleData name="pc_id">335</SimpleData>
		<SimpleData name="status"></SimpleData>
		<SimpleData name="State_LGD">33</SimpleData>
		<SimpleData name="Dist_LGD">589</SimpleData>
		<SimpleData name="SHAPE_Leng">0</SimpleData>
		<SimpleData name="Type"></SimpleData>
		<SimpleData name="Phase"></SimpleData>
		<SimpleData name="Poll_Day"></SimpleData>
		<SimpleData name="DOA"></SimpleData>
		<SimpleData name="DOIN"></SimpleData>
		<SimpleData name="LDFN"></SimpleData>
		<SimpleData name="DSN"></SimpleData>
		<SimpleData name="LDWC"></SimpleData>
		<SimpleData name="DOCV"></SimpleData>
		<SimpleData name="Shape_Le_1">37232.5946016</SimpleData>
		<SimpleData name="Shape_Ar_1">47484852.1743</SimpleData>
		<SimpleData name="Shape_Length">37232.5946016337</SimpleData>
		<SimpleData name="Shape_Area">47484852.1743309</SimpleData>
	</SchemaData></ExtendedData>
      <MultiGeometry><Polygon><outerBoundaryIs><LinearRing><coordinates>80.161282904819,13.0812134374353 80.1613666709226,13.0811407359498 80.1618416542308,13.0818502366769 80.1624412841745,13.0836172906582 80.16400437882,13.0844441348134 80.1680890408748,13.0829158791242 80.1690526358323,13.082920236615 80.1712104385521,13.0833944099081 80.1727732421435,13.0825715679795 80.1737670833766,13.0817047841848 80.1738565214429,13.0816267803276 80.1735012152902,13.08009472364 80.1744644221754,13.0782098901927 80.1757872255673,13.076329503201 80.1777501819053,13.0740705591321 80.1777570737802,13.0740626278641 80.1778337324133,13.0739744108664 80.1781129961772,13.0731136205851 80.1782053268188,13.0728967409496 80.1783434868112,13.0726725178339 80.1787869949484,13.0724567561057 80.1792761590616,13.0722860681661 80.1794591593597,13.0723540488191 80.180244922027,13.0725287837487 80.1811831512558,13.0727713975885 80.1823962128593,13.0729335063633 80.1824986315814,13.0729471927632 80.1825033189906,13.0729478192872 80.1846146096399,13.073122518795 80.1869510342691,13.0736147785692 80.1891365428289,13.0744423501575 80.189219469906,13.0744737514187 80.1900988891282,13.0751973006098 80.191084865611,13.0758609427229 80.1908000152243,13.0735053226463 80.1907972070907,13.0735053243964 80.1907867354294,13.0735053191462 80.1907717021232,13.073505313896 80.1907690080756,13.073505313896 80.1907677432477,13.0735053313967 80.1907642434114,13.0735046602475 80.1907601632633,13.0735038919698 80.1906269790393,13.0734788275645 80.1904821858868,13.073451565952 80.1904081188934,13.0734376196956 80.1904078520937,13.0734353848644 80.1903434446845,13.0728952848935 80.1902007562848,13.0720287506062 80.1901217925746,13.071549213353 80.1901195207353,13.0715354113705 80.1901172111667,13.0715213853773 80.190237691416,13.0713591986714 80.1903211350244,13.0712208829418 80.1903233242187,13.0712172541524 80.1903241479739,13.0712150131757 80.1903596844282,13.0711184166519 80.1903812592664,13.0710597688377 80.1904085734409,13.0708945086851 80.1904029392074,13.0707305811098 80.1903428347284,13.0702174458022 80.1903054782873,13.0698985212211 80.1902827500123,13.0697044739361 80.1903281176291,13.0696449367399 80.1903415672055,13.0696283248804 80.1903558414354,13.0696105702106 80.1903700096641,13.0695946837615 80.1903852657525,13.06957752062 80.190391515332,13.069571153789 80.1904162908675,13.069545912225 80.1904488053892,13.0695158491567 80.1910248833028,13.069007343825 80.1910340577968,13.0689992461353 80.1910340479154,13.0689585704224 80.191034115289,13.0689575291157 80.1910327651211,13.0689139368615 80.1910323294382,13.0688998538412 80.1910267464087,13.0688428488402 80.1910266251362,13.0688416202727 80.191017091316,13.0687838705921 80.1910038142161,13.0687270335735 80.1907433117669,13.0677564287463 80.1907392136526,13.0677484001446 80.1907386989179,13.0677473903346 80.1907297984101,13.0677304370772 80.1906836043432,13.0676424479546 80.1906596067487,13.0675765433786 80.1906432610038,13.0675316514272 80.1906430346284,13.0675305383601 80.1906427777102,13.0675293771652 80.1906297736981,13.0674704012283 80.1906179383943,13.0674166545951 80.1906095490279,13.0673000266095 80.1905840530434,13.0660169199939 80.1905837961253,13.0660039770091 80.1905817551529,13.0659577100551 80.1905791203942,13.0659306506254 80.1905772608816,13.0659115673508 80.1905752962661,13.0658985158533 80.1905703591252,13.0658657116571 80.1905701722757,13.0658647945957 80.1905668889333,13.0658450077688 80.1905630827714,13.0658220812294 80.190168458257,13.0641224294291 80.1901647356385,13.0641063947408 80.1898073435976,13.0625670869456 80.1898060185826,13.0625615013716 80.1898052828624,13.0625584640024 80.189804672008,13.0625559394244 80.1898040467805,13.0625534235971 80.1898032903991,13.0625503853527 80.1898022627264,13.0625474739935 80.1898015880916,13.0625455637148 80.1893096023701,13.0606492412328 80.1893032746372,13.0606248537071 80.1893023475758,13.0606246988185 80.1889897401452,13.0605706890469 80.1888970654489,13.0605530317344 80.1888474991064,13.0605370615701 80.1888051381509,13.0605234103603 80.1887168831658,13.0604845079087 80.1886347672674,13.0604351386446 80.1886261371525,13.0604296484058 80.1883655879908,13.0602639033446 80.188169051878,13.060136999429 80.1881082125771,13.0601030787417 80.1880650916468,13.0600819158287 80.1880446989915,13.0600719084235 80.188020288172,13.0600621530407 80.1879802170221,13.0600461390907 80.1879789261431,13.060045623669 80.1879114869198,13.0600244362489 80.1879024938854,13.0600219632747 80.1879011248529,13.0600215869906 80.1878896111459,13.0600184218286 80.1870394805954,13.0597847107725 80.1869748881332,13.0595542250439 80.186936822023,13.0594541997642 80.1869363665772,13.059452927396 80.1869359335892,13.0594518667973 80.1869049300338,13.0593904719559 80.1868858641902,13.0593527191832 80.1868238148586,13.0592603096612 80.1867550057044,13.0591764409084 80.1867535180943,13.0591746277378 80.1864664129363,13.0588818757643 80.1860710697696,13.0584787568965 80.1860621998045,13.0584694118655 80.1847845637051,13.057123151412 80.1847428252821,13.0570797382122 80.1847242696816,13.057055767752 80.1847055290281,13.0570315566397 80.1846890206882,13.0570069736118 80.1846716032531,13.0569810385672 80.1846416103024,13.056928839436 80.1840143939946,13.0557583946273 80.1840251315572,13.055757909825 80.1845169088696,13.0557357051773 80.184517835931,13.0557356736739 80.1845251949298,13.0557354277724 80.1845728855899,13.0557338263494 80.1845893409293,13.0557333091685 80.1845907962,13.0557332636636 80.1846050578535,13.0557343050261 80.184646541155,13.0557373346034 80.1846649090076,13.0557386769983 80.1846663570919,13.0557387828848 80.184689512965,13.0557423663968 80.1847271847147,13.0557481954013 80.1847412002297,13.0557503647605 80.1847561185517,13.0557537032459 80.1847693067184,13.0557566706913 80.1848153040542,13.0557670221834 80.1848165410343,13.05576726896 80.1851254321346,13.0558530763286 80.1848901561752,13.055193287737 80.1849029553714,13.053505028389 80.1849035141235,13.0534313578797 80.1849081440405,13.0528205013157 80.1849080712769,13.0527346193853 80.1849768579732,13.0507866818776 80.1852253849814,13.0490872022935 80.185547582826,13.046849956314 80.1857041304339,13.0458555932796 80.1858605747356,13.0448522823868 80.1862566895551,13.0428093405717 80.1868637171252,13.0431249457147 80.1870863277374,13.0425651150497 80.187205580888,13.0407418576218 80.18722057916,13.0405125539648 80.1872288885764,13.0403855033854 80.1873160215657,13.0390532974326 80.1873067895795,13.0390397448039 80.1870808641839,13.0384740212222 80.1867115649739,13.0364094819713 80.1867873872755,13.0350541300552 80.1867941974037,13.0349315417808 80.186709536578,13.033517292251 80.1867016799126,13.0333858560855 80.1869415525513,13.0333925896713 80.186932075325,13.0330468433472 80.187457649055,13.0330784091507 80.1876324504296,13.0317857158405 80.1876323893441,13.0317841764002 80.1875768536966,13.0303982035943 80.187479254436,13.0284949962418 80.1886265521741,13.0284697609857 80.1886216446777,13.0280809325718 80.1896782089789,13.0281063324037 80.1896736320626,13.0280385356238 80.189491616318,13.0245019483879 80.188578365644,13.0230448546396 80.1885753526945,13.0230400471101 80.1880683642094,13.0230356570558 80.1877457387667,13.0230809404277 80.1874784190027,13.0231895102102 80.1872571567617,13.0233702855752 80.1867686672833,13.0238856798795 80.1860358755734,13.024378422795 80.1853030820669,13.0248712540011 80.1852432012684,13.0248531626644 80.1850173037205,13.0247583255641 80.1847499102947,13.0245504277399 80.1842935966731,13.0248126529787 80.1840354801493,13.0250387014212 80.1837820725941,13.0252059920667 80.1834133249498,13.0252828628441 80.1830998488483,13.0251519430529 80.182777119201,13.0250028207159 80.1826802978813,13.0248039560771 80.1824589494021,13.0245599412165 80.182435893242,13.0244198996536 80.1823851366318,13.0242345626058 80.1822606328284,13.0240130968873 80.1820255005994,13.0237826907256 80.1818826208585,13.0235974249682 80.1814038754059,13.0232179974078 80.1808794667908,13.0226908686303 80.1803259051498,13.0224586477991 80.1797058807542,13.0224382501016 80.1789531706995,13.0227677445643 80.1781811495612,13.023253896751 80.1773931015799,13.023901042391 80.1772732573378,13.0241135067121 80.1767721348516,13.0244136638156 80.1767524976794,13.0244254256999 80.1766842436842,13.0244605371835 80.1759966066903,13.0248142651043 80.1759182331734,13.0247555152837 80.175858230204,13.0245792797414 80.175696858643,13.0243262281614 80.1755217186036,13.0242493570871 80.1752820507807,13.0244438093864 80.1746045342069,13.0250857033255 80.1741114255913,13.025316237805 80.173535248863,13.0253750723872 80.172899099708,13.0252757527007 80.172322892437,13.0251764426016 80.1718481139447,13.0253301753988 80.1705989526433,13.0249417236443 80.1701610149591,13.024914643097 80.1681329262714,13.0252674662853 80.1674826115827,13.0252551618156 80.1672796561089,13.024813744358 80.1668977822816,13.0243170078697 80.1664482716016,13.0238783281388 80.1662124279069,13.0235634721381 80.1660975064326,13.0228756536998 80.1660484278754,13.0219338516018 80.1655776001738,13.0219209255644 80.1652083863038,13.0219292707312 80.1647907613248,13.0220744240744 80.1647680195751,13.0227999190746 80.1649150019219,13.0237979981055 80.1647776602947,13.0247299706995 80.1645190730536,13.0251820649034 80.1634772716658,13.0250827713956 80.1625000995711,13.0249880227788 80.1623710386143,13.0248931183395 80.1621035580519,13.0242784935656 80.1616517674477,13.0231621782861 80.1593056374202,13.023704776235 80.1593056446067,13.023827763036 80.1593057155736,13.0248572472404 80.158669596063,13.0248889996311 80.1565170170467,13.0250745059785 80.1547193300596,13.0253006627071 80.1530461172316,13.0253686221489 80.1518983945903,13.0257212083863 80.1502435756661,13.0260196840334 80.1494369478298,13.0257258915853 80.1480079500966,13.0250029196138 80.1467264521398,13.0246187689767 80.1457953869755,13.0243929126962 80.1445554154393,13.024325170913 80.1444219832803,13.027976979825 80.1442930597656,13.0308514803237 80.1442838268812,13.0316333829631 80.1443453569865,13.0316764698122 80.1443806068783,13.0317011542535 80.1445189797714,13.031714721287 80.1463673793511,13.0319902617825 80.1464667231401,13.0320842795717 80.1465011232256,13.0321168353243 80.1464976377623,13.0322057814101 80.1464044141954,13.0345845627426 80.1456440100703,13.0374771451888 80.1455794553373,13.0374771128079 80.1437678956674,13.0378749370863 80.1432846101294,13.03798794268 80.143158462409,13.0380174389815 80.1419700856112,13.0382953073768 80.1421868401061,13.0388467602261 80.1417765130405,13.0389913339258 80.1413708877571,13.0391360151849 80.1414677944167,13.040478316406 80.1405872810466,13.0404467331684 80.1405549884087,13.0404783619137 80.1401954601742,13.0413732985685 80.1400295952401,13.0414681380545 80.1388264124098,13.0414320418196 80.1390983809553,13.0426297135857 80.1393750764359,13.0437415951386 80.139637855216,13.0447178041529 80.1396885139098,13.0450296420407 80.1399052477435,13.0456940268162 80.138937122582,13.0456307724056 80.1374665786653,13.0453776793401 80.1357978484306,13.0449664110887 80.1343890663846,13.0446521813806 80.1343595486427,13.044645596874 80.1342692625667,13.0446281292029 80.132630893592,13.04431114414 80.1325294468469,13.0450524077348 80.1293947541034,13.0451427913879 80.1293947460186,13.0451427467562 80.1293514651882,13.0451679103015 80.1293473149716,13.0452515352707 80.129347159563,13.0452546419881 80.1292765636598,13.0466769981024 80.1292755719197,13.0466969649903 80.1290380834098,13.0514816992723 80.1289443091756,13.0515035822619 80.1288516084281,13.0515339249325 80.1287627021645,13.0515737196546 80.1286785138527,13.0516218051542 80.128360432987,13.0518297047359 80.1282673450657,13.0518996320101 80.1281821111149,13.0519824767315 80.1281085768223,13.0520754744224 80.1280469631736,13.0521777070841 80.1280285243541,13.0522183838105 80.1274707253599,13.0520782773917 80.1274218650933,13.0520693924252 80.1273744017069,13.0520614832034 80.1273265843843,13.0520560164065 80.1272771105684,13.0520511604346 80.12566364469,13.051992392578 80.1256212343271,13.0519923295703 80.1255811236513,13.051993406828 80.1255410983155,13.0519961940462 80.1255022982818,13.052001429816 80.123635287406,13.052249976921 80.1235502744407,13.0522668673582 80.1234655345634,13.0522906842642 80.1233835022082,13.0523223263714 80.1233033715866,13.0523629593187 80.1227732299234,13.0526567183867 80.1239809977549,13.0566700847227 80.1240086568825,13.0567514375649 80.1224642992971,13.0576869482575 80.1224216248296,13.0577154201067 80.1223790410919,13.0577465040886 80.1223383519011,13.0577799403012 80.1222983373451,13.0578134920208 80.1222752865749,13.0578360893958 80.1234046746012,13.0646606015822 80.1235830306093,13.0660046280523 80.124248289671,13.0710467079869 80.1242505875615,13.0710883642756 80.124253099251,13.0711295462856 80.1242536912408,13.0711707974169 80.1242528980284,13.0712139298766 80.1241757120843,13.0726100569877 80.1239578041525,13.07655148469 80.1239209184287,13.0769220845751 80.1230449496355,13.0769537042754 80.1224225500943,13.0770124451906 80.1223858323554,13.0789842911345 80.1223856913199,13.0790007956126 80.1223858584065,13.0790173035895 80.1223863336153,13.0790338045653 80.1223856383193,13.079050748296 80.1224455604403,13.0800812012632 80.1224468737773,13.080110402036 80.1224471702213,13.0801374074103 80.1224466447069,13.0801644101566 80.1224439380829,13.0802121855851 80.122408200406,13.0804100081358 80.1223261384065,13.0805997892192 80.122202349662,13.0807664087542 80.1220476930077,13.0808982292172 80.121989116563,13.0809353801906 80.1216523148068,13.081306620991 80.1215588972038,13.0814278046235 80.1214866322307,13.081564656875 80.1214391329118,13.0817115540788 80.1214178967384,13.0818620133278 80.1213155786276,13.0837398293976 80.1212990972371,13.0838683267907 80.1212635904271,13.083994478257 80.1212098675799,13.084114280703 80.1207503119384,13.0854099814122 80.1207488180401,13.0854141918608 80.1208632571191,13.0858368585802 80.1208787683291,13.0858941483998 80.1210476830435,13.0865180128922 80.1211650775798,13.0869515922676 80.1211659489456,13.0869548095831 80.1212658685547,13.0873238442378 80.1213048787942,13.0874679231927 80.1213435359958,13.0876106957159 80.1216570462334,13.0881033316846 80.1219232979005,13.0883754861121 80.1234920357626,13.0899789731475 80.1239036635887,13.0915436939392 80.1239069783721,13.0915562925965 80.1240860494391,13.0925393061148 80.1241188792695,13.092719533759 80.1243219209816,13.0938341365651 80.1246077738882,13.0960441848579 80.1248090575973,13.0971285764265 80.1249244713483,13.0978735792674 80.124932052231,13.098251204388 80.1251118653065,13.0989137537475 80.1245985356138,13.0994970948335 80.1245063199566,13.0995422889431 80.1241901291463,13.1010419904055 80.1241848955614,13.1010687712526 80.1241804884266,13.10109570696 80.1241769104369,13.1011227616554 80.1241743331703,13.1011512311152 80.1239483844185,13.1038132226105 80.1240129346598,13.1039442888074 80.1242711401169,13.104454997736 80.1234550143931,13.1046448031686 80.1234918983203,13.1050154036721 80.1236532680847,13.1062673134223 80.1236732996172,13.1063627754036 80.1237019837226,13.1064566948734 80.1237408753845,13.10654701841 80.1237856042991,13.1066258464194 80.1237869814164,13.1066333960518 80.1241051305541,13.1072254565883 80.1245984889014,13.1096208056175 80.1268624823692,13.1111077491471 80.1303944981663,13.1107416653007 80.1402117484269,13.1070107023904 80.1401969989882,13.106962982029 80.1404343877852,13.0986172525668 80.1404362410096,13.0985521122207 80.1418715215599,13.0982014209607 80.141879394395,13.0981994978341 80.1432483927521,13.096750202378 80.1433224561523,13.0966717946818 80.1448853118459,13.0943169990629 80.1442904106339,13.0927849206373 80.1441704046951,13.0911352972525 80.1444768730391,13.0908309863502 80.1445300065915,13.0907782273993 80.1454067632071,13.0899227701193 80.1454935539383,13.0898380875644 80.1460764051491,13.0882457809724 80.1460974059639,13.0881884068264 80.1471808541466,13.0877182834181 80.1507862865568,13.0872524342789 80.1524689784077,13.0857246536191 80.1549952754469,13.0833696921316 80.1602833449108,13.0820809518332 80.161282904819,13.0812134374353</coordinates></LinearRing></outerBoundaryIs></Polygon></MultiGeometry>
  </Placemark>
  <Placemark id="india_acs_map__ac.5">
	<Style><LineStyle><color>ff0000ff</color></LineStyle><PolyStyle><fill>0</fill></PolyStyle></Style>
	<ExtendedData><SchemaData schemaUrl="#india_acs_map__ac">
		<SimpleData name="id">ac.2343</SimpleData>
		<SimpleData name="tessellate">-1</SimpleData>
		<SimpleData name="extrude">0</SimpleData>
		<SimpleData name="visibility">-1</SimpleData>
		<SimpleData name="OBJECTID_1">2343</SimpleData>
		<SimpleData name="OBJECTID">2343</SimpleData>
		<SimpleData name="st_code">22</SimpleData>
		<SimpleData name="st_name">TAMIL NADU</SimpleData>
		<SimpleData name="dt_code">603</SimpleData>
		<SimpleData name="dist_name">Chennai</SimpleData>
		<SimpleData name="ac_no">10</SimpleData>
		<SimpleData name="ac_name">Thiruvottiyur</SimpleData>
		<SimpleData name="pc_no">1</SimpleData>
		<SimpleData name="pc_name">Thiruvallur</SimpleData>
		<SimpleData name="pc_id">331</SimpleData>
		<SimpleData name="status"></SimpleData>
		<SimpleData name="State_LGD">33</SimpleData>
		<SimpleData name="Dist_LGD">568</SimpleData>
		<SimpleData name="SHAPE_Leng">0</SimpleData>
		<SimpleData name="Type"></SimpleData>
		<SimpleData name="Phase"></SimpleData>
		<SimpleData name="Poll_Day"></SimpleData>
		<SimpleData name="DOA"></SimpleData>
		<SimpleData name="DOIN"></SimpleData>
		<SimpleData name="LDFN"></SimpleData>
		<SimpleData name="DSN"></SimpleData>
		<SimpleData name="LDWC"></SimpleData>
		<SimpleData name="DOCV"></SimpleData>
		<SimpleData name="Shape_Le_1">47407.1163085</SimpleData>
		<SimpleData name="Shape_Ar_1">66473827.8122</SimpleData>
		<SimpleData name="Shape_Length">47407.1163084984</SimpleData>
		<SimpleData name="Shape_Area">66473827.8122407</SimpleData>
	</SchemaData></ExtendedData>
      <MultiGeometry><Polygon><outerBoundaryIs><LinearRing><coordinates>80.3318819253919,13.2354405115755 80.3318797595537,13.2347073527023 80.3319996316436,13.2349378794098 80.3321841294332,13.2351548448547 80.3323640521032,13.235276855751 80.3325347382954,13.2353266664143 80.3327099555899,13.2353763747563 80.3329268151876,13.2353944532173 80.333139052055,13.2353357895944 80.333226714152,13.2352861127246 80.3333143699608,13.2351957483482 80.3333605074338,13.2351098279184 80.3333928710385,13.2350284712402 80.3334159415716,13.2349291016247 80.3334251394218,13.2348296742546 80.3331762018835,13.2342782119772 80.3320970674108,13.2321222167951 80.3318665273696,13.2314849027602 80.3315207280875,13.2304544013102 80.3311887871153,13.2296091783948 80.3304233443398,13.2275616747675 80.3300637370535,13.2264724061478 80.3297686341944,13.2257085677183 80.3293075325523,13.2247186646378 80.32916472288,13.2241310891029 80.3283719273024,13.2209310799507 80.3282658946579,13.2203254856726 80.3279110547308,13.2187706606149 80.3276944403731,13.2180203416942 80.3271827950215,13.2161672259793 80.3266849424028,13.2144317002686 80.3265189858406,13.2137447033374 80.3262931691411,13.2128497095808 80.3260074590667,13.2118101487457 80.3254266335568,13.2096587509233 80.3252469327707,13.2090214472747 80.3247999113224,13.2070915743478 80.3246293535893,13.2064858757579 80.3243345184282,13.2049717477718 80.324024260092,13.2035618939141 80.3240223134428,13.2035530450344 80.3240072918146,13.2034847911076 80.3238275613842,13.2029468933854 80.323209886083,13.2009852690243 80.3224678605904,13.1985083792678 80.3217810302837,13.1963750496841 80.3215552189741,13.1956970067926 80.320956038188,13.1935862393078 80.3203937098881,13.1919319574196 80.3202923161437,13.1916698813615 80.3202232321051,13.1913444017983 80.3201679390027,13.1910641952624 80.3200804439923,13.1906935472001 80.3196240567089,13.1895409858723 80.3189510927969,13.1875296232809 80.3185869984258,13.1866166018344 80.3182919611438,13.1857352334063 80.3178264083494,13.1845644930125 80.317494609311,13.1835339876629 80.3170890379266,13.1824266344136 80.3166096070594,13.1814457422962 80.3162684844067,13.180740612085 80.3160887297217,13.1802072728501 80.3159090406137,13.1792942266949 80.3158308746076,13.1784220026729 80.3155451789062,13.1776083988215 80.3153470707417,13.1773386996057 80.3146552916161,13.1763969248648 80.3142450220427,13.175646562401 80.3139176256475,13.1751945440984 80.3137056951057,13.1745707718496 80.3134569722647,13.1732510084289 80.3132679927801,13.1726769278426 80.3123369617517,13.1705344668777 80.3123832393618,13.1698971906858 80.312798431703,13.1695176866844 80.3128955261105,13.168866893853 80.3128865654155,13.1678816631328 80.312775951363,13.1674521994321 80.3126745369573,13.1672081666652 80.3123242586752,13.1663945421644 80.3114899977625,13.1645051282934 80.3107710212433,13.1626881305699 80.3103562717716,13.1617660269848 80.3101164521335,13.1614721943302 80.3098860153985,13.1611150149965 80.3097154729367,13.1607941273179 80.3093882786625,13.1597861361621 80.3093929013929,13.1597861274149 80.3092546946881,13.1593296406027 80.3091302178342,13.1589770382191 80.3088260491773,13.158177009433 80.3086141419917,13.1576255569563 80.3082776744087,13.1568481557798 80.3076324873037,13.1552118551821 80.3074205369989,13.1546785250797 80.3071301116675,13.1541496200252 80.306761389176,13.1534942306915 80.3062036324027,13.1525901097479 80.3055490552079,13.1515414262933 80.3045902240164,13.1502214233465 80.3041200475933,13.14940771096 80.3035116563806,13.1480742916096 80.3033642733852,13.1476765393995 80.3033458893629,13.1473421137023 80.3033737146788,13.1470031518659 80.3033507393671,13.1466822325949 80.3032078632195,13.1463160889132 80.3029313653684,13.1456289890452 80.3024566704194,13.1448515288413 80.3020832147046,13.144336210667 80.3016868124243,13.1438524657726 80.3013134151,13.1434049079504 80.3011186405835,13.1430918876474 80.3010967270804,13.1430975317545 80.3001386729316,13.1433442452407 80.3000632108545,13.1433636794239 80.2973102940219,13.1440725746728 80.2972872172006,13.1440454468494 80.2972871920477,13.1440454179816 80.2972272860964,13.1439865915954 80.2971927090428,13.1439617513149 80.2971581346841,13.1439369127814 80.2970658687213,13.1439323884134 80.2970649245919,13.1439328030597 80.2970639705811,13.1439332229546 80.2970211883157,13.1439520456193 80.296973609945,13.1439729808785 80.2968922315634,13.1440393470034 80.296890560697,13.1440407309065 80.2968894261247,13.1440419442274 80.2968606971037,13.1440731292838 80.2967249194434,13.1442205192769 80.2967226682653,13.1442229634125 80.2967218319338,13.1442238696847 80.29671994637,13.1442259761551 80.2966553368398,13.1442712224009 80.2966374055684,13.1442711734132 80.2965990690653,13.1442711672898 80.2965737707103,13.1442711419211 80.2965428354269,13.1442711200517 80.2965354386988,13.1442711139282 80.2961205535815,13.144283053799 80.2953692790346,13.1443046556122 80.2940224618786,13.1443433751125 80.2938031714397,13.1443496787747 80.2935839142384,13.1443560104296 80.2935834354363,13.1443525288067 80.2935829620242,13.1443490804254 80.2935379160043,13.1440215513381 80.2934837763387,13.1439330322523 80.2934832059085,13.1439320988609 80.2934826327834,13.1439311628451 80.2934042224355,13.1438814087886 80.2934026261292,13.1438812145871 80.2933327389967,13.1438723591758 80.2932632507163,13.1438635527519 80.2932612887957,13.1438633051888 80.2928380870755,13.1438988598002 80.2925797540576,13.1439205648715 80.2911721137703,13.144038830008 80.2906371490523,13.1441426148483 80.2906371203062,13.1441426235961 80.2903096843852,13.1442644865954 80.2902935138118,13.1442724960804 80.2902922912046,13.1442731023029 80.2902790715969,13.1442796491557 80.2902743626282,13.1442819821936 80.2902706984002,13.1442837982366 80.2893649774048,13.144732449678 80.2886860792221,13.1450687133403 80.2883573614051,13.1452315302941 80.2883556177752,13.1452323936985 80.2883529884063,13.1452336962407 80.288349340348,13.1452355428939 80.2883376820122,13.1452399027798 80.2883351927806,13.145240841415 80.2883267926344,13.1452440072309 80.2883232766283,13.1452453316425 80.2883204298672,13.1452464058679 80.2878670869742,13.1454172706416 80.2878581038214,13.1454206568988 80.2873951327852,13.1455951168772 80.2873921979892,13.145596222593 80.2873890404109,13.1455974140368 80.2873782902719,13.1456014633712 80.2873669328718,13.1456057453956 80.2863613946754,13.1459669310445 80.2863140804094,13.1459423184057 80.2862672054195,13.1459179297065 80.2818152015838,13.143601523225 80.281809270008,13.1435980617114 80.2818076242944,13.1435971003256 80.2817008388616,13.1435347895731 80.2807397520004,13.142973981591 80.2803113634077,13.1427239890367 80.2802998434125,13.1427172671853 80.2802899601477,13.1427114988499 80.2802487454425,13.1426874466221 80.2802463208895,13.1426860320938 80.280212322351,13.1426661919564 80.2802107431127,13.1426652944263 80.2776980259057,13.1411684091587 80.2768776807949,13.1407043566007 80.2756831810802,13.1400286430974 80.2756816234015,13.1400277674276 80.275589324201,13.1399759060728 80.2741546356405,13.139169098604 80.2741037622493,13.139179327618 80.2739876927281,13.1392026637301 80.2738207489174,13.1392362288517 80.2734745489867,13.1392729537381 80.2693606566508,13.1400802052612 80.2652467418572,13.1408873893947 80.2652484010455,13.1409039929459 80.265246368158,13.1409043866022 80.2652776151568,13.1411964243382 80.265708153418,13.1452119457973 80.2657998714085,13.1459849610081 80.2660248239287,13.1470208143498 80.2675774091837,13.1470621271144 80.2675784476362,13.1470685260566 80.2675910761525,13.1470687823642 80.2676399103679,13.1474470588379 80.2677337223313,13.1480248296906 80.2680939027428,13.1480007919799 80.2682041817237,13.1479934325683 80.2682237021149,13.1481591063164 80.2682520888778,13.1482717700347 80.268252462577,13.148273258011 80.2682369846046,13.1482718347673 80.2681911256094,13.1482858458884 80.2669236602357,13.14867308157 80.2660366358764,13.1490601233176 80.2654092120578,13.1494351513551 80.263523667141,13.1498954994115 80.2608115302291,13.150194811436 80.26060469044,13.1501676143089 80.2597863288094,13.1502331801031 80.2594573873119,13.1500167550942 80.25819099273,13.1498502262108 80.2584158006214,13.1507034630263 80.2586180473245,13.1522717914255 80.2587788224042,13.153659377625 80.2592805063375,13.155670813804 80.2592797310914,13.1573701691123 80.2595602156658,13.1592368041444 80.259541280078,13.1602265832036 80.2586826451766,13.1619571360643 80.2585996920483,13.1620449996034 80.2581750934478,13.1624947364305 80.258153232047,13.1625117758761 80.2567264010503,13.1636239811397 80.2540506944164,13.1650598874196 80.2517398169756,13.1655740170458 80.2516625924039,13.1656014180188 80.2505312487452,13.1660028411337 80.248628336699,13.166050184395 80.2430919531276,13.1682751953925 80.2418348237696,13.1675752456798 80.241834537207,13.1677112697346 80.2418299423244,13.1698863078117 80.2417909734073,13.1711368948763 80.2424534665563,13.1733141145795 80.2434052244133,13.1760959593684 80.2440281737235,13.17916076307 80.2447580557902,13.1800929191215 80.2447478653016,13.1801393823821 80.2444848951803,13.1813383793299 80.2444091168962,13.181368694613 80.2431684069448,13.1818650478003 80.2431368239761,13.181929435709 80.2425940960174,13.1830359069466 80.2431313694057,13.1842048870152 80.2421041737261,13.1853765203816 80.2420915658711,13.1853772830617 80.2400458639156,13.1855010042602 80.2377399694296,13.1853031386505 80.2341982859635,13.1847038496076 80.2309414259346,13.1844151269973 80.2297724051363,13.1841963295635 80.2297355975658,13.1841894409196 80.2286765619993,13.183991220895 80.2271714886396,13.1837912383127 80.2269417364209,13.183760709918 80.2268453435977,13.1837479017054 80.22538321959,13.1837484798417 80.2244885119401,13.1839838415734 80.223958199597,13.1842642573897 80.2239499359947,13.184308804403 80.2237510912116,13.1853806530231 80.2229356023933,13.187658794928 80.2224430183938,13.1900543171452 80.222157358625,13.1908498573104 80.2227543448268,13.1958075189958 80.2226720492653,13.1976469856071 80.222266421287,13.1983657403474 80.2223867443311,13.1993599833066 80.2227513058262,13.1997620804272 80.2270558934289,13.1981005034326 80.2304174862401,13.1969935756196 80.2318239218866,13.1965106641588 80.2335034849053,13.1963477177522 80.23454867923,13.1963256456254 80.2354101725706,13.1966652248616 80.2358866560652,13.1977102087799 80.2362419325736,13.1991663758944 80.2363981199571,13.2019741690458 80.2358939476904,13.2038619860155 80.2367795787627,13.2038028679042 80.2374483196945,13.2035359376074 80.2380847275643,13.2031786307802 80.2384535812099,13.2027897969033 80.2387254742969,13.2021931036158 80.2388497427417,13.2015648367077 80.2385490011577,13.1994769412766 80.2438118522166,13.198918774975 80.2485815641171,13.1986389225852 80.2488422426362,13.1986470378656 80.2488814576916,13.1986482587872 80.2489681765575,13.2003476130218 80.249041314693,13.2015859909319 80.2490175380841,13.2028243590651 80.24899874443,13.2034344509494 80.2490580934259,13.2047180780166 80.2496668583377,13.2048132594125 80.2498879957129,13.2054461382712 80.2499891226577,13.2060924522143 80.2516129910271,13.2058040548472 80.2527662203411,13.205714255882 80.2540670033304,13.2058053142137 80.2553447777703,13.2058556293955 80.2560412757461,13.2058785962104 80.2565166076006,13.2054720156643 80.2569828287415,13.2048395654088 80.2576655609338,13.2047720298585 80.258376021424,13.2045464246731 80.2594739917716,13.2043390618371 80.2601566772516,13.2042489536114 80.2613377309831,13.2040145165711 80.261974301448,13.2038927733949 80.2638933723895,13.2035908386167 80.2652957943632,13.2033519826231 80.2665597500191,13.2032937643198 80.2672101401663,13.2032941106492 80.2684832352819,13.2032765414316 80.2691475106885,13.2032361695706 80.2697610627224,13.203268103589 80.2704391039124,13.2032683825766 80.270872455697,13.2038425723769 80.2713182518433,13.2043466688057 80.2713242759456,13.2043534807943 80.2713182832843,13.2043748630384 80.2707945241512,13.2062436109436 80.2708071841084,13.20632836089 80.2716547032565,13.2120018851164 80.2723974653677,13.2163777034346 80.2726827415559,13.2180583481674 80.2717356594299,13.2200534138439 80.270786238091,13.2216137112367 80.2705628684023,13.222988898006 80.2704854857271,13.2234653006756 80.2706977818833,13.2240765311441 80.2707574704423,13.2242483806276 80.2711295265819,13.2253195843499 80.2731308769151,13.2274671755974 80.2753102706428,13.2293258125787 80.2777281185693,13.2304325491371 80.2807395615576,13.230498932026 80.2828080492802,13.2299258552045 80.2842887190069,13.2284248901924 80.2842723085832,13.2283390976725 80.2838234105543,13.2259922446847 80.2838000498653,13.2254283088021 80.2837682486059,13.224660641197 80.2837729791343,13.2230397588296 80.2838961462445,13.2213034302494 80.2846680029912,13.219858362413 80.2861470835981,13.2188783787988 80.2881557417261,13.2185366432979 80.2905767292646,13.218543370937 80.293001719696,13.2171607440526 80.2947793185566,13.2150237487632 80.2966139442681,13.2135815672884 80.2973518186459,13.213262480029 80.298742294823,13.2126611807978 80.3007499001257,13.2126666763785 80.3033474865675,13.2128474296686 80.3058246915748,13.2138382825706 80.3101109876816,13.2160273888543 80.3101160496882,13.2160299739455 80.3102076302365,13.2160767460751 80.3108616163397,13.2169225712202 80.3112858987333,13.2175237742469 80.3126738479495,13.2195444219885 80.3136975384029,13.2212033160818 80.3147949697613,13.2229030091273 80.3152284760562,13.2234364134236 80.3159986188172,13.2244037554102 80.3167733349014,13.2253439939901 80.3174650978573,13.2264469725974 80.3175756607059,13.2270300135984 80.3175939279472,13.2276988879553 80.3176627730339,13.2289688810681 80.3176753763973,13.2295678988138 80.3176764669521,13.2296197368019 80.3176873689064,13.2296237261552 80.3183315058809,13.2298594284358 80.3189265077042,13.2300539393115 80.31959082084,13.2302619798685 80.3201351298336,13.230533259402 80.3207947717299,13.2307594255762 80.3213943774191,13.2310216992681 80.3230689098722,13.2315372956275 80.3244620226047,13.2321070579323 80.3250570756321,13.2323557339949 80.3262057001819,13.2329887346517 80.3273311661637,13.2337211842631 80.3283597955545,13.2344128872056 80.3289271660981,13.234760928016 80.3295406399787,13.2350457915744 80.3301265499531,13.23509565825 80.3307585803325,13.2352087576094 80.3313629219398,13.2353851673909 80.3318819253919,13.2354405115755</coordinates></LinearRing></outerBoundaryIs></Polygon></MultiGeometry>
  </Placemark>
  <Placemark id="india_acs_map__ac.6">
	<Style><LineStyle><color>ff0000ff</color></LineStyle><PolyStyle><fill>0</fill></PolyStyle></Style>
	<ExtendedData><SchemaData schemaUrl="#india_acs_map__ac">
		<SimpleData name="id">ac.2344</SimpleData>
		<SimpleData name="tessellate">-1</SimpleData>
		<SimpleData name="extrude">0</SimpleData>
		<SimpleData name="visibility">-1</SimpleData>
		<SimpleData name="OBJECTID_1">2344</SimpleData>
		<SimpleData name="OBJECTID">2344</SimpleData>
		<SimpleData name="st_code">22</SimpleData>
		<SimpleData name="st_name">TAMIL NADU</SimpleData>
		<SimpleData name="dt_code">603</SimpleData>
		<SimpleData name="dist_name">Chennai</SimpleData>
		<SimpleData name="ac_no">11</SimpleData>
		<SimpleData name="ac_name">Dr.Radhakrishnan Nagar</SimpleData>
		<SimpleData name="pc_no">2</SimpleData>
		<SimpleData name="pc_name">Chennai North</SimpleData>
		<SimpleData name="pc_id">332</SimpleData>
		<SimpleData name="status"></SimpleData>
		<SimpleData name="State_LGD">33</SimpleData>
		<SimpleData name="Dist_LGD">568</SimpleData>
		<SimpleData name="SHAPE_Leng">0</SimpleData>
		<SimpleData name="Type"></SimpleData>
		<SimpleData name="Phase"></SimpleData>
		<SimpleData name="Poll_Day"></SimpleData>
		<SimpleData name="DOA"></SimpleData>
		<SimpleData name="DOIN"></SimpleData>
		<SimpleData name="LDFN"></SimpleData>
		<SimpleData name="DSN"></SimpleData>
		<SimpleData name="LDWC"></SimpleData>
		<SimpleData name="DOCV"></SimpleData>
		<SimpleData name="Shape_Le_1">16524.6316122</SimpleData>
		<SimpleData name="Shape_Ar_1">9060981.29032</SimpleData>
		<SimpleData name="Shape_Length">16524.6316122232</SimpleData>
		<SimpleData name="Shape_Area">9060981.29031779</SimpleData>
	</SchemaData></ExtendedData>
      <MultiGeometry><Polygon><outerBoundaryIs><LinearRing><coordinates>80.2973793430262,13.1253948219189 80.2972847755796,13.1254473118686 80.2972746560579,13.1254472829986 80.2967807245855,13.1250944744541 80.2966032956388,13.1250245005826 80.29653397175,13.1249528058637 80.296376230281,13.1248458713288 80.2963317043857,13.1248457444757 80.2963120142129,13.1248086718664 80.2962872566437,13.1247786846566 80.2962725826635,13.1247786426638 80.2961486645617,13.1247387381566 80.296148699596,13.1247088209262 80.2960405469273,13.1245994918207 80.2958180773506,13.1244604273749 80.2956947431537,13.1243535906091 80.2959915770663,13.1240719925727 80.2960412844442,13.1239681826268 80.2960414865651,13.123794762354 80.295991986698,13.1237205888174 80.2958545516461,13.1231233678528 80.2958198066075,13.1229797664446 80.2945595915365,13.1232560921079 80.2931161632666,13.1235739843856 80.2930819626071,13.1233979313982 80.2930674593068,13.1232518525615 80.2929591602128,13.1228352341053 80.292890332194,13.1224141636665 80.2928510335953,13.122270548721 80.292782084304,13.1219534298828 80.2927478800513,13.1217799119538 80.2926986263225,13.1214953014465 80.2926841149374,13.1213563209806 80.2926594031823,13.1212872882709 80.2926251989295,13.1211137707465 80.2925614796298,13.1206506277743 80.2925514418548,13.1205811294386 80.2925515200082,13.1205141953112 80.2922719993261,13.1189683354232 80.2922033392923,13.1184037636378 80.2921098049083,13.1179085899311 80.292012451786,13.116784122543 80.2920125757535,13.1166776358916 80.29200304373,13.1166081390574 80.2919634486873,13.1163605728301 80.2919342938647,13.1161201357521 80.2917577201141,13.1148843923903 80.291615665925,13.1138338313727 80.2901181923127,13.1140699303693 80.2897178823608,13.114138262571 80.2896490561387,13.113791226058 80.2896738038265,13.1137542795153 80.2896890239823,13.1137193347126 80.2896740068457,13.1135808599116 80.2896398457121,13.1133703256065 80.2891504830712,13.1134384042845 80.2888787346129,13.113469578353 80.2881276558988,13.1136433996093 80.2880036479654,13.1136800644543 80.2877813993742,13.1137859189845 80.2879884808102,13.1141034306832 80.2880430453788,13.1141730559588 80.2880822253999,13.1144180854685 80.2875679830189,13.1145601275821 80.2876270202994,13.1146992343737 80.2877651749019,13.1151899710101 80.2877993252557,13.1153335708444 80.2878091213839,13.1156109698337 80.2878235025133,13.1158610004809 80.28784788818,13.1162099386866 80.2878477642124,13.1163164246657 80.287916204159,13.1166360782989 80.2879312653131,13.1167375370446 80.2872738332724,13.1168771430344 80.286566731583,13.1170881065264 80.2862159727022,13.1171859903407 80.2864276598006,13.1178924432594 80.2866052297828,13.1183508391221 80.2865257477448,13.1183876301217 80.2859872212067,13.1185270671992 80.285507936765,13.1186301637984 80.2852062501532,13.1187352856805 80.285284933589,13.1189484819965 80.2856148237074,13.1198236208889 80.2857232791082,13.1201063716169 80.2845767449381,13.1205239876698 80.2837906301313,13.1208036895678 80.2829667339802,13.1196401402136 80.2825277758099,13.1190075812154 80.2820736370096,13.1183749794706 80.2817185123165,13.1178790620632 80.2812306830998,13.1171419061905 80.2811709702862,13.1170727743112 80.2810578795785,13.1168594801322 80.2809837488046,13.1166462968778 80.2809247519483,13.1164727087121 80.2808459867659,13.1163289818105 80.2807274459793,13.116016792259 80.2806437050285,13.1158010466215 80.2803974839957,13.1152035159559 80.2803435500443,13.1150274071056 80.2802204979184,13.1146781881336 80.2801661893696,13.1144650607306 80.2801323480362,13.1139051513827 80.2801079255386,13.1135881582373 80.2800491361931,13.113236586391 80.280029567293,13.113095562761 80.2799555281473,13.1128798443071 80.279921148723,13.1127808669136 80.2797830111885,13.1123519935778 80.27963536858,13.1118292843512 80.2794678354744,13.111442414906 80.2786230669678,13.1116874681335 80.2774017696098,13.1120009212793 80.2762751735474,13.1122431454183 80.2745059847144,13.1124830368537 80.2724301721289,13.1127220566624 80.2719807818232,13.1127902492559 80.2723845386108,13.113670162462 80.2721031736874,13.1137043513679 80.2718657830938,13.1137777099057 80.271732254815,13.1138097833165 80.2715444081059,13.1138437307338 80.2712382065616,13.1139148661395 80.2709118504155,13.1139139387582 80.2706649322899,13.1139132370981 80.2700203398696,13.1138807682513 80.2703080711535,13.1150558312124 80.270529075578,13.1156931212389 80.2707821660278,13.1169089955718 80.2711505624309,13.1180571758304 80.2712932032199,13.1186944370811 80.2716384715976,13.1199691199768 80.2719285043652,13.121162385096 80.2722783703206,13.1224190418734 80.2724026378671,13.1230608734345 80.2725314410075,13.1236574952765 80.2727064211468,13.1243309389691 80.2727845323557,13.1249050119973 80.2723001643477,13.1253929086281 80.2718664640168,13.1258446556739 80.2713729179216,13.1261789339381 80.2706440832905,13.1266711777569 80.2703026947365,13.1269739177356 80.2702121167081,13.1270386533771 80.2701517633957,13.1270817882992 80.2701551168066,13.1270897073613 80.2705819998229,13.1280975327797 80.271544787195,13.1303893462563 80.2729081576068,13.1342495565663 80.2731517339994,13.1362653903295 80.2733678488939,13.137761402702 80.2741546356405,13.139169098604 80.275589324201,13.1399759060728 80.2756816234015,13.1400277674276 80.2756831810802,13.1400286430974 80.2768776807949,13.1407043566007 80.2776980259057,13.1411684091587 80.2802107431127,13.1426652944263 80.280212322351,13.1426661919564 80.2802463208895,13.1426860320938 80.2802487454425,13.1426874466221 80.2802899601477,13.1427114988499 80.2802998434125,13.1427172671853 80.2803113634077,13.1427239890367 80.2807397520004,13.142973981591 80.2817008388616,13.1435347895731 80.2818076242944,13.1435971003256 80.281809270008,13.1435980617114 80.2818152015838,13.143601523225 80.2862672054195,13.1459179297065 80.2863140804094,13.1459423184057 80.2863613946754,13.1459669310445 80.2873669328718,13.1456057453956 80.2873782902719,13.1456014633712 80.2873890404109,13.1455974140368 80.2873921979892,13.145596222593 80.2873951327852,13.1455951168772 80.2878581038214,13.1454206568988 80.2878670869742,13.1454172706416 80.2883204298672,13.1452464058679 80.2883232766283,13.1452453316425 80.2883267926344,13.1452440072309 80.2883351927806,13.145240841415 80.2883376820122,13.1452399027798 80.288349340348,13.1452355428939 80.2883529884063,13.1452336962407 80.2883556177752,13.1452323936985 80.2883573614051,13.1452315302941 80.2886860792221,13.1450687133403 80.2893649774048,13.144732449678 80.2902706984002,13.1442837982366 80.2902743626282,13.1442819821936 80.2902790715969,13.1442796491557 80.2902922912046,13.1442731023029 80.2902935138118,13.1442724960804 80.2903096843852,13.1442644865954 80.2906371203062,13.1441426235961 80.2906371490523,13.1441426148483 80.2911721137703,13.144038830008 80.2925797540576,13.1439205648715 80.2928380870755,13.1438988598002 80.2932612887957,13.1438633051888 80.2932632507163,13.1438635527519 80.2933327389967,13.1438723591758 80.2934026261292,13.1438812145871 80.2934042224355,13.1438814087886 80.2934826327834,13.1439311628451 80.2934832059085,13.1439320988609 80.2934837763387,13.1439330322523 80.2935379160043,13.1440215513381 80.2935829620242,13.1443490804254 80.2935834354363,13.1443525288067 80.2935839142384,13.1443560104296 80.2938031714397,13.1443496787747 80.2940224618786,13.1443433751125 80.2953692790346,13.1443046556122 80.2961205535815,13.144283053799 80.2965354386988,13.1442711139282 80.2965428354269,13.1442711200517 80.2965737707103,13.1442711419211 80.2965990690653,13.1442711672898 80.2966374055684,13.1442711734132 80.2966553368398,13.1442712224009 80.29671994637,13.1442259761551 80.2967218319338,13.1442238696847 80.2967226682653,13.1442229634125 80.2967249194434,13.1442205192769 80.2968606971037,13.1440731292838 80.2968894261247,13.1440419442274 80.296890560697,13.1440407309065 80.2968922315634,13.1440393470034 80.296973609945,13.1439729808785 80.2970211883157,13.1439520456193 80.2970639705811,13.1439332229546 80.2970649245919,13.1439328030597 80.2970658687213,13.1439323884134 80.2971581346841,13.1439369127814 80.2971927090428,13.1439617513149 80.2972272860964,13.1439865915954 80.2972871920477,13.1440454179816 80.2972872172006,13.1440454468494 80.2973102940219,13.1440725746728 80.3000632108545,13.1433636794239 80.3001386729316,13.1433442452407 80.3010967270804,13.1430975317545 80.3011186405835,13.1430918876474 80.3009308792143,13.1427901394273 80.3006496993439,13.1423245441876 80.3004008345692,13.1417549759282 80.3001428078769,13.1411356928488 80.2997142126716,13.1402452649984 80.2994054644034,13.1396349657683 80.2989537438679,13.1387761127374 80.2985205906109,13.1377364988055 80.298437701263,13.1374879111006 80.2983870901799,13.1372483170138 80.2983594750697,13.1369997979242 80.298350386814,13.1366833909477 80.2983503877123,13.136511634788 80.2983458557117,13.1363805623343 80.2983228022466,13.1362766141217 80.2981661351627,13.1359330608717 80.2979818071546,13.1355353038542 80.2979403418194,13.1354223351029 80.2979127653368,13.1352776307479 80.2979219757635,13.1351330330347 80.2979543016389,13.134947805418 80.2980420652456,13.1347534043638 80.2981343123438,13.1346676078565 80.298318800252,13.1346224779402 80.2984755625573,13.1346225190565 80.2986139273656,13.1346632714027 80.2987614864307,13.1346813564352 80.2989274924003,13.1346813774307 80.2991350131124,13.1346453482095 80.2998359523589,13.1345325680088 80.3006338198246,13.1344062683644 80.3014178029293,13.134270934435 80.3016299688297,13.1342031860845 80.3020173924488,13.1340541786643 80.3022710443457,13.1339367013009 80.3027184664426,13.1336657257889 80.3029767302902,13.1334172476888 80.303161336776,13.1331731810519 80.3032443941088,13.1330286100937 80.303313550911,13.1328252782253 80.3033920528871,13.1326263649116 80.3035766441015,13.1322061047179 80.3036735624392,13.131975629014 80.303991937054,13.1314470197031 80.304144185325,13.1312436042916 80.3042457084268,13.1309634768639 80.3042549934136,13.1306019253305 80.3042320684075,13.13038945561 80.3042090122475,13.1302855101103 80.3041398338858,13.1301815706904 80.3040199716774,13.1301046416165 80.3039415667194,13.1300504546157 80.3038816481916,13.1299961372531 80.3038171302896,13.1299103058402 80.303748048946,13.1297656017366 80.3037204005981,13.1296752543607 80.3036697293279,13.1295803350782 80.3036235622105,13.1295170208345 80.3035728963302,13.129467304099 80.3035175457356,13.1294310947722 80.3034345692511,13.1293994721891 80.3032916472894,13.129385821296 80.3031809254391,13.1294309827936 80.3028903177497,13.129679526165 80.3027380829535,13.1298467047368 80.3025028501132,13.130099661207 80.3022029044364,13.1305606482879 80.3019446028596,13.1310034319749 80.3017922836218,13.1312610159597 80.3017369491969,13.1313604145763 80.3017230226151,13.1314598192764 80.3017230729207,13.1315683422394 80.3016953554026,13.1316587151636 80.3016307773134,13.1317581328654 80.3015615396629,13.1318394434159 80.3014416603866,13.1319252969001 80.3010817907922,13.1322054153574 80.3005053149249,13.1325079954217 80.3001225158329,13.1326570790148 80.2997950565556,13.1327518772577 80.2995875376402,13.1327879058819 80.299384663913,13.1327924015861 80.29921866513,13.1327516174359 80.2991126252989,13.1326973934017 80.2989142745892,13.1326566748473 80.2987990162467,13.1326566398545 80.2985177321717,13.1327333126812 80.2981579506122,13.1328416706152 80.2980795986548,13.1328552390831 80.2979827665554,13.132828080276 80.2978398050678,13.1327105192181 80.2976554914327,13.1324031707475 80.2974849372929,13.1319601857501 80.2974298319384,13.1313454830469 80.2975130842057,13.1306404554047 80.2976286300091,13.1300394448725 80.297679317449,13.1299264700937 80.2977393033504,13.1298405616713 80.2978408004011,13.1297592775788 80.2982051130629,13.1296554420413 80.2985141820297,13.1295651261188 80.2987309356263,13.1294838760537 80.29902605196,13.1293529135772 80.299104508122,13.1293032011827 80.2991460534073,13.1291947743254 80.2991506608664,13.1290591567025 80.2991045745973,13.1289461097365 80.2990631820257,13.1288240842874 80.2989709519954,13.1285709944034 80.2980400260699,13.1269708032997 80.297657520727,13.1263423784343 80.2974271756201,13.1256824811232 80.2973793430262,13.1253948219189</coordinates></LinearRing></outerBoundaryIs></Polygon></MultiGeometry>
  </Placemark>
  <Placemark id="india_acs_map__ac.7">
	<Style><LineStyle><color>ff0000ff</color></LineStyle><PolyStyle><fill>0</fill></PolyStyle></Style>
	<ExtendedData><SchemaData schemaUrl="#india_acs_map__ac">
		<SimpleData name="id">ac.2345</SimpleData>
		<SimpleData name="tessellate">-1</SimpleData>
		<SimpleData name="extrude">0</SimpleData>
		<SimpleData name="visibility">-1</SimpleData>
		<SimpleData name="OBJECTID_1">2345</SimpleData>
		<SimpleData name="OBJECTID">2345</SimpleData>
		<SimpleData name="st_code">22</SimpleData>
		<SimpleData name="st_name">TAMIL NADU</SimpleData>
		<SimpleData name="dt_code">603</SimpleData>
		<SimpleData name="dist_name">Chennai</SimpleData>
		<SimpleData name="ac_no">12</SimpleData>
		<SimpleData name="ac_name">Perambur</SimpleData>
		<SimpleData name="pc_no">2</SimpleData>
		<SimpleData name="pc_name">Chennai North</SimpleData>
		<SimpleData name="pc_id">332</SimpleData>
		<SimpleData name="status"></SimpleData>
		<SimpleData name="State_LGD">33</SimpleData>
		<SimpleData name="Dist_LGD">568</SimpleData>
		<SimpleData name="SHAPE_Leng">0</SimpleData>
		<SimpleData name="Type"></SimpleData>
		<SimpleData name="Phase"></SimpleData>
		<SimpleData name="Poll_Day"></SimpleData>
		<SimpleData name="DOA"></SimpleData>
		<SimpleData name="DOIN"></SimpleData>
		<SimpleData name="LDFN"></SimpleData>
		<SimpleData name="DSN"></SimpleData>
		<SimpleData name="LDWC"></SimpleData>
		<SimpleData name="DOCV"></SimpleData>
		<SimpleData name="Shape_Le_1">18205.0267016</SimpleData>
		<SimpleData name="Shape_Ar_1">13972998.743</SimpleData>
		<SimpleData name="Shape_Length">18205.0267016112</SimpleData>
		<SimpleData name="Shape_Area">13972998.7430206</SimpleData>
	</SchemaData></ExtendedData>
      <MultiGeometry><Polygon><outerBoundaryIs><LinearRing><coordinates>80.2705740721906,13.1159092912883 80.2601393433598,13.1147703861548 80.252010696763,13.1133814997008 80.2465915990317,13.1126870530952 80.2460211670297,13.1118537149303 80.2443425894628,13.1123584852881 80.244265971254,13.1125338182697 80.243519246674,13.1126060747918 80.2399790301567,13.1122389266795 80.2388617343524,13.111709225045 80.2370132673991,13.1129346203959 80.2362597506573,13.1134499773255 80.2355745552844,13.1116613323655 80.233225582089,13.1122840589566 80.2335085837428,13.1138483081492 80.2342396030767,13.1137419120898 80.2348962086673,13.1162192570318 80.2354324939088,13.1218084682586 80.2356234568735,13.1245015689657 80.2347152619179,13.1246074398329 80.2346114633835,13.1266958238221 80.2347630226466,13.1268434630792 80.2347921388416,13.1268718272052 80.2354729441477,13.1275350369639 80.2354805699461,13.1275424661012 80.2354880026068,13.1275497071478 80.2355728071629,13.1275486065998 80.2357228922907,13.1275466609567 80.2357694070561,13.1275460581923 80.2361047301853,13.127541709365 80.2361760052149,13.1275407864093 80.2361789157564,13.1275407470415 80.2361853485922,13.1275406639318 80.236206210168,13.1275403936064 80.2362185413419,13.1275402343856 80.2362216782589,13.1275401932681 80.2362232089882,13.1275401731468 80.2362278173456,13.1275401136577 80.2362339905682,13.1275400331725 80.2362361366434,13.1275400051776 80.236240138638,13.1275399544369 80.2362428461603,13.1275399185685 80.2362507872674,13.1275398153374 80.2362537067921,13.1275397768445 80.2362582890983,13.1275397182302 80.2362613855911,13.1275396779876 80.2362976793252,13.1275392055743 80.2363293054131,13.1275387970242 80.2363382059209,13.1275386824202 80.2365716466223,13.1275356650987 80.2382917434232,13.1276660222805 80.2399058605802,13.1279771935967 80.2414200769928,13.1280740110215 80.2414507167305,13.1280759697829 80.2414433523418,13.1282152911342 80.2413855511432,13.1283515417299 80.241416732565,13.1285139585981 80.2414198398376,13.1286601524091 80.2414187061637,13.1286816007511 80.2414185561451,13.128876395913 80.2413893078977,13.129180318574 80.2414121188177,13.129601073851 80.2414049026511,13.129913740427 80.2414175203875,13.1302207770741 80.2414157857407,13.1324689888625 80.2414157929272,13.132487067058 80.2414350249591,13.1325454089244 80.2416472492501,13.1333534646565 80.2418128824188,13.1336916938766 80.2418775683058,13.1338879302624 80.2428874848909,13.1338920130329 80.2430707573785,13.1355559292735 80.2430800747047,13.1356678901815 80.2405200647911,13.1358968446249 80.2405193650035,13.1359075339252 80.2405042391708,13.1359087586588 80.240260998748,13.1398552936511 80.2402228625693,13.1404379759763 80.2402216956577,13.1404929549971 80.2401791514459,13.1411832141208 80.2401615983652,13.1432079802205 80.2401640372912,13.1432086030666 80.2401633384019,13.1432415351717 80.2407847399149,13.143367176807 80.2408857105528,13.1433929724108 80.2417506381528,13.1434450613618 80.2422906729622,13.1434834065908 80.2423266810321,13.1445457220615 80.2423382818756,13.1445446075931 80.2423389115947,13.1445629123418 80.2441604461575,13.1443813352981 80.2445265581448,13.1443345477108 80.2473518216972,13.1440633107458 80.2474676459783,13.1461091333688 80.2475280379182,13.1473134597684 80.2475357598364,13.1473122167215 80.2475375959928,13.147344651407 80.2478472282033,13.1472620837009 80.2479017227034,13.1472533132642 80.2488541102794,13.1464926179653 80.2493659532603,13.1464839306045 80.2494727854054,13.1465251183671 80.2495647252798,13.1465875377066 80.2495994532504,13.1466111154259 80.249702516963,13.1466875468306 80.2499729287281,13.1469359616343 80.2499843103827,13.1469481839262 80.2500450400892,13.1470268581364 80.2501911025611,13.1472300750171 80.250325406086,13.1474717999167 80.2503733806138,13.1476095348032 80.2504399134369,13.147903461053 80.2505019196494,13.1481773959243 80.2505072286928,13.1482341533593 80.2505123212421,13.148472868078 80.2505317032927,13.1484957807949 80.250969501738,13.1490112179467 80.2512184177167,13.1493051223973 80.251310562407,13.1494994646869 80.251439515566,13.1498068932199 80.251446367915,13.1498062782634 80.2514516661785,13.1498185100347 80.2544322286805,13.1495474313418 80.2547231328139,13.1500008003564 80.2581442291313,13.1498528846065 80.2581883669544,13.1498509767549 80.25819099273,13.1498502262108 80.2594573873119,13.1500167550942 80.2597863288094,13.1502331801031 80.26060469044,13.1501676143089 80.2608115302291,13.150194811436 80.263523667141,13.1498954994115 80.2654092120578,13.1494351513551 80.2660366358764,13.1490601233176 80.2669236602357,13.14867308157 80.2681911256094,13.1482858458884 80.2682369846046,13.1482718347673 80.268252462577,13.148273258011 80.2682520888778,13.1482717700347 80.2682237021149,13.1481591063164 80.2682041817237,13.1479934325683 80.2680939027428,13.1480007919799 80.2677337223313,13.1480248296906 80.2676399103679,13.1474470588379 80.2675910761525,13.1470687823642 80.2675784476362,13.1470685260566 80.2675774091837,13.1470621271144 80.2660248239287,13.1470208143498 80.2657998714085,13.1459849610081 80.265708153418,13.1452119457973 80.2652776151568,13.1411964243382 80.265246368158,13.1409043866022 80.2652484010455,13.1409039929459 80.2652467418572,13.1408873893947 80.2693606566508,13.1400802052612 80.2734745489867,13.1392729537381 80.2738207489174,13.1392362288517 80.2739876927281,13.1392026637301 80.2741037622493,13.139179327618 80.2741546356405,13.139169098604 80.2733678488939,13.137761402702 80.2731517339994,13.1362653903295 80.2729081576068,13.1342495565663 80.271544787195,13.1303893462563 80.2705819998229,13.1280975327797 80.2701551168066,13.1270897073613 80.2701517633957,13.1270817882992 80.2702121167081,13.1270386533771 80.2703026947365,13.1269739177356 80.2706440832905,13.1266711777569 80.2713729179216,13.1261789339381 80.2718664640168,13.1258446556739 80.2723001643477,13.1253929086281 80.2727845323557,13.1249050119973 80.2727064211468,13.1243309389691 80.2725314410075,13.1236574952765 80.2724026378671,13.1230608734345 80.2722783703206,13.1224190418734 80.2719285043652,13.121162385096 80.2716384715976,13.1199691199768 80.2712932032199,13.1186944370811 80.2711505624309,13.1180571758304 80.2707821660278,13.1169089955718 80.2705740721906,13.1159092912883</coordinates></LinearRing></outerBoundaryIs></Polygon></MultiGeometry>
  </Placemark>
  <Placemark id="india_acs_map__ac.8">
	<Style><LineStyle><color>ff0000ff</color></LineStyle><PolyStyle><fill>0</fill></PolyStyle></Style>
	<ExtendedData><SchemaData schemaUrl="#india_acs_map__ac">
		<SimpleData name="id">ac.2346</SimpleData>
		<SimpleData name="tessellate">-1</SimpleData>
		<SimpleData name="extrude">0</SimpleData>
		<SimpleData name="visibility">-1</SimpleData>
		<SimpleData name="OBJECTID_1">2346</SimpleData>
		<SimpleData name="OBJECTID">2346</SimpleData>
		<SimpleData name="st_code">22</SimpleData>
		<SimpleData name="st_name">TAMIL NADU</SimpleData>
		<SimpleData name="dt_code">603</SimpleData>
		<SimpleData name="dist_name">Chennai</SimpleData>
		<SimpleData name="ac_no">14</SimpleData>
		<SimpleData name="ac_name">Villivakkam</SimpleData>
		<SimpleData name="pc_no">2</SimpleData>
		<SimpleData name="pc_name">Chennai North</SimpleData>
		<SimpleData name="pc_id">332</SimpleData>
		<SimpleData name="status"></SimpleData>
		<SimpleData name="State_LGD">33</SimpleData>
		<SimpleData name="Dist_LGD">568</SimpleData>
		<SimpleData name="SHAPE_Leng">0</SimpleData>
		<SimpleData name="Type"></SimpleData>
		<SimpleData name="Phase"></SimpleData>
		<SimpleData name="Poll_Day"></SimpleData>
		<SimpleData name="DOA"></SimpleData>
		<SimpleData name="DOIN"></SimpleData>
		<SimpleData name="LDFN"></SimpleData>
		<SimpleData name="DSN"></SimpleData>
		<SimpleData name="LDWC"></SimpleData>
		<SimpleData name="DOCV"></SimpleData>
		<SimpleData name="Shape_Le_1">16895.9700745</SimpleData>
		<SimpleData name="Shape_Ar_1">8693371.97784</SimpleData>
		<SimpleData name="Shape_Length">16895.970074462</SimpleData>
		<SimpleData name="Shape_Area">8693371.97784485</SimpleData>
	</SchemaData></ExtendedData>
      <MultiGeometry><Polygon><outerBoundaryIs><LinearRing><coordinates>80.2434654977756,13.0998401652876 80.2428821947122,13.0981368325944 80.242662997698,13.0974967348948 80.2422193027112,13.0976522863151 80.2418335212124,13.0977319229977 80.2414900620416,13.0965681044156 80.2410640710525,13.0956492261606 80.2409473870836,13.0953888207742 80.2408748598025,13.0942842931424 80.2407890733878,13.0933782542954 80.2407238026976,13.0928367805716 80.240706426585,13.0926926338839 80.2400909296984,13.0927539495655 80.2400815018795,13.0927555586228 80.2394848920718,13.0928138469167 80.2394754310152,13.0928152643568 80.2394659555856,13.0928165864259 80.2376150991135,13.0931178596327 80.2369716843845,13.0931623558185 80.2369637531589,13.0931633174015 80.2369558129501,13.0931642133624 80.2369478655548,13.0931650402012 80.2357040815686,13.0933048800531 80.2353786408058,13.0933373936122 80.2353444338581,13.093338930044 80.2346021316843,13.0933685859759 80.2341041703695,13.0933417124205 80.233458625735,13.0933057296405 80.2328499641294,13.0932427516694 80.2324550997648,13.0931387458484 80.2319436664156,13.0867439340145 80.2318099189479,13.0866490751679 80.2317672435821,13.0866734723711 80.2288828430363,13.0883224413924 80.2288321457149,13.0883721760674 80.2288222597552,13.0883624594276 80.2274991617159,13.0870620020791 80.2273838521694,13.0869490548144 80.2273447682681,13.0869772704171 80.2267389112028,13.0874146341575 80.2267196576113,13.0874289261164 80.2267007858038,13.0874437115643 80.2266823164416,13.0874589791264 80.2266647992935,13.087473593076 80.2256239321536,13.0884054961328 80.2255920734021,13.0884354011523 80.2255616744128,13.0884668023815 80.2255328429838,13.0884995948222 80.2255079353959,13.0885315980281 80.2248218201482,13.0894349090267 80.224791800248,13.0894769095743 80.2247642165789,13.0895205821915 80.2247392083797,13.0895657203834 80.2247153131932,13.0896120642817 80.2243651966078,13.0903940784084 80.224334679041,13.0903882178484 80.2242341854085,13.0903689212231 80.2242216835547,13.0903662858083 80.2242092194301,13.090363479774 80.2241967984247,13.090360505745 80.2241853673627,13.0903579858264 80.2241167279901,13.0903750862737 80.2234367473375,13.090544488609 80.2234155857243,13.090539223033 80.2230317724343,13.0905858108651 80.2225430601737,13.0906230679999 80.2225215706755,13.0906192890009 80.2224677966242,13.0906124729781 80.2207372012126,13.0906273396073 80.220316819304,13.0906415176336 80.2196996776021,13.090661429342 80.2180043051327,13.0907694890712 80.2179854414101,13.0921662141819 80.2180558747182,13.0937177406882 80.2181934732636,13.0946246987409 80.2180181535611,13.0960577308575 80.2160797194337,13.0969204044069 80.2154841894009,13.097203976783 80.2152026232549,13.0961589137286 80.2129075408917,13.0963535544085 80.2127496979131,13.095686141298 80.2125220693117,13.0956544260059 80.2118682790412,13.0957902492877 80.2107399213825,13.0959640567817 80.2108639742317,13.097879460648 80.2110446407066,13.1006689262271 80.211085117895,13.1021518650457 80.2105282791998,13.1029038766026 80.2103701101328,13.1039022312321 80.2092405074091,13.1040290522544 80.208114513218,13.1047584413802 80.205165984639,13.1059273438803 80.1972628663824,13.1055228609332 80.1952894159253,13.1079370493355 80.1969374184331,13.1080968252171 80.1973467609451,13.1081327025962 80.1974037518634,13.1082536516796 80.1974574881854,13.1083676924321 80.1974581277858,13.1083690432897 80.1974587161824,13.1083702874085 80.1989750705853,13.1115718016127 80.1995336547071,13.1127511293308 80.1995358582745,13.1127542281988 80.199537956739,13.1127587540158 80.1995385280675,13.1127600042367 80.1995400300507,13.1127632912064 80.1995422066686,13.1127678056497 80.1995428813034,13.1127692046022 80.199554926813,13.1127961670254 80.1995660776006,13.1128211259433 80.1997170466707,13.1131590518385 80.2004661454979,13.1148335887126 80.201501496982,13.114701953517 80.2049315611808,13.1142512734783 80.2058753716424,13.1141175513647 80.2059393038429,13.1143976402512 80.2062592478145,13.1155572232025 80.2063036084199,13.1156988237177 80.2063378908261,13.1158054079048 80.2063823879753,13.115904414702 80.2065252021392,13.1161548098758 80.2065397512536,13.116261337873 80.2065791360905,13.1164049528295 80.2068953331891,13.1163662989152 80.2071377372803,13.1163325066998 80.2072611963431,13.1163328575264 80.2073553083438,13.1163331243647 80.2077803309491,13.1163343325731 80.2082494949709,13.1162317144453 80.2084870508545,13.1160909147524 80.2085760568311,13.1160566868087 80.2086849263554,13.115984991224 80.2087142734174,13.1159850743376 80.2090949336207,13.1158451878794 80.20909497135,13.1158132424668 80.2095100424186,13.1156704119336 80.2099797121918,13.1155677952785 80.2104195291516,13.1154650937171 80.210577944357,13.115428527125 80.210864371287,13.1153923244787 80.2113142682425,13.1153241334816 80.2117343555037,13.1152188404138 80.2117591481072,13.1152189112793 80.2121741293443,13.1151531559102 80.2125648318142,13.1150802325999 80.2127621979703,13.1150508758696 80.2130936143264,13.1150518181196 80.2133337986806,13.1165605509148 80.2135203607988,13.1174768638205 80.2136040667152,13.1177225269468 80.2140688038393,13.1175108754723 80.214538514935,13.1173732706831 80.2150032520591,13.1171621254615 80.2150624896639,13.1171298407678 80.2154183985862,13.1169548960089 80.2158187920814,13.1168150660946 80.2162981187439,13.1166754600695 80.2167385232018,13.1165032909778 80.2171633284148,13.1162570439635 80.2176330826298,13.1160824231642 80.2180436342742,13.1159101687939 80.2185230480733,13.1156960232214 80.2188889920756,13.1155931117418 80.2195019790693,13.1153844164132 80.2198726095825,13.1152419662052 80.2200997863313,13.1151756780381 80.2206586731854,13.1149323474338 80.2220820241086,13.1144759644354 80.2225416147844,13.1143383317013 80.2229272956719,13.114232941099 80.223204143866,13.1141667935168 80.2233772348482,13.1141277333029 80.2237426677092,13.1140298911408 80.2239112509453,13.1139512658531 80.2240889709462,13.1139218538701 80.2243262348773,13.1138829755941 80.2245387457308,13.1138835792669 80.2247659305645,13.1138842249344 80.2249441572152,13.1138548138182 80.2253837657658,13.1138560631586 80.2258974592761,13.1137510363033 80.2259972091036,13.1133304454941 80.2269950379583,13.113226794617 80.226803204526,13.1124169526681 80.2267050330385,13.1119932633247 80.226680485675,13.1117827565322 80.2267203223646,13.1114659461297 80.2273680561935,13.1113983166027 80.2304416194802,13.1111966133968 80.2321414089659,13.1110254877229 80.2324678055361,13.110991933621 80.2324147151028,13.1096596889417 80.2324696093532,13.1094468721558 80.2324550629339,13.1093378092342 80.2324006600619,13.1091297525283 80.2323672023092,13.1083173187381 80.2323678958086,13.1077235320065 80.2323534131695,13.1071266606514 80.232339436282,13.1065297895985 80.2322958985335,13.1056828457378 80.2322820465118,13.1049794890918 80.2322328251225,13.1046674968682 80.2322084879648,13.1042764707806 80.2321797140279,13.1037860439715 80.2321356390868,13.1033995258493 80.2320911131914,13.1033993989851 80.2317798981494,13.1034309671671 80.2317462688185,13.1027645715329 80.2317063369075,13.1027299768903 80.2316719305338,13.1027298788983 80.2315140650973,13.1027294300604 80.2314842994204,13.1027293460673 80.2314543998945,13.1026942728342 80.2312927067366,13.1016390908745 80.2318114595587,13.101534078053 80.2323600669909,13.1014271228367 80.2327062354805,13.1013611721715 80.2329040732522,13.1013617347532 80.2331166649541,13.101292868794 80.233477006164,13.1012218881021 80.2336404752912,13.1011904062553 80.234149617038,13.1010828314367 80.2344411913146,13.1010466433034 80.2348858924146,13.1010205247788 80.2349400320801,13.1010206787672 80.2352957811023,13.1009821379272 80.2364966319061,13.1008471180741 80.2371839625744,13.1007425843791 80.2378509212487,13.1006030051066 80.2379495868096,13.1006032859608 80.2434654977756,13.0998401652876</coordinates></LinearRing></outerBoundaryIs></Polygon></MultiGeometry>
  </Placemark>
  <Placemark id="india_acs_map__ac.9">
	<Style><LineStyle><color>ff0000ff</color></LineStyle><PolyStyle><fill>0</fill></PolyStyle></Style>
	<ExtendedData><SchemaData schemaUrl="#india_acs_map__ac">
		<SimpleData name="id">ac.2347</SimpleData>
		<SimpleData name="tessellate">-1</SimpleData>
		<SimpleData name="extrude">0</SimpleData>
		<SimpleData name="visibility">-1</SimpleData>
		<SimpleData name="OBJECTID_1">2347</SimpleData>
		<SimpleData name="OBJECTID">2347</SimpleData>
		<SimpleData name="st_code">22</SimpleData>
		<SimpleData name="st_name">TAMIL NADU</SimpleData>
		<SimpleData name="dt_code">603</SimpleData>
		<SimpleData name="dist_name">Chennai</SimpleData>
		<SimpleData name="ac_no">16</SimpleData>
		<SimpleData name="ac_name">Egmore</SimpleData>
		<SimpleData name="pc_no">2</SimpleData>
		<SimpleData name="pc_name">Chennai North</SimpleData>
		<SimpleData name="pc_id">332</SimpleData>
		<SimpleData name="status"></SimpleData>
		<SimpleData name="State_LGD">33</SimpleData>
		<SimpleData name="Dist_LGD">568</SimpleData>
		<SimpleData name="SHAPE_Leng">0</SimpleData>
		<SimpleData name="Type"></SimpleData>
		<SimpleData name="Phase"></SimpleData>
		<SimpleData name="Poll_Day"></SimpleData>
		<SimpleData name="DOA"></SimpleData>
		<SimpleData name="DOIN"></SimpleData>
		<SimpleData name="LDFN"></SimpleData>
		<SimpleData name="DSN"></SimpleData>
		<SimpleData name="LDWC"></SimpleData>
		<SimpleData name="DOCV"></SimpleData>
		<SimpleData name="Shape_Le_1">20639.6581487</SimpleData>
		<SimpleData name="Shape_Ar_1">12692480.3143</SimpleData>
		<SimpleData name="Shape_Length">20639.6581487278</SimpleData>
		<SimpleData name="Shape_Area">12692480.3143032</SimpleData>
	</SchemaData></ExtendedData>
      <MultiGeometry><Polygon><outerBoundaryIs><LinearRing><coordinates>80.2719038312376,13.1044407242636 80.2719705589953,13.1042109714639 80.271990876192,13.1041440950013 80.2722481447063,13.1035135146058 80.2725012324611,13.1025634632007 80.2726106742122,13.1020019317712 80.2726958946883,13.1009499876 80.2727665301174,13.0998234618444 80.2727666540849,13.099716975727 80.2728183808756,13.0979590841329 80.2728782661657,13.0972959967372 80.2729086858161,13.0963772576901 80.2728992804551,13.0961987397516 80.2728401991572,13.0960971561692 80.2727365982521,13.0959903753316 80.2725387973114,13.0959578673723 80.2722029145317,13.0958823721396 80.2720891069684,13.095850103028 80.2722279092562,13.0957095296608 80.2725542115033,13.0953240636791 80.2726337312706,13.0952548206759 80.272757354725,13.0951142040962 80.2731383446101,13.0946918770241 80.2729315757879,13.0936735840872 80.2728828655399,13.0933565220126 80.2728097283028,13.0923685270817 80.2728454138774,13.091630830191 80.2728864794623,13.0902613294283 80.2732054245073,13.0879423554817 80.2738368628969,13.0844975417398 80.2739912374802,13.0835872686797 80.2728053445241,13.0834794403004 80.2721729539203,13.0834061453605 80.2715507178725,13.0833029613851 80.2709825900492,13.0832268060273 80.2707206215494,13.0831915803929 80.2702363927803,13.0831207344853 80.2699940722324,13.0830830290926 80.2699298121469,13.0830828462181 80.2697522978602,13.0830103369084 80.2696096400032,13.0825520406173 80.2694374536245,13.0818162883489 80.2694377779163,13.0815389177865 80.2694578076522,13.0813604827239 80.2694667710421,13.0813278170841 80.2694318068146,13.0813364209963 80.2682173510258,13.0813205738025 80.2673954410499,13.0811817544058 80.2662465155644,13.0803967806537 80.2657172335889,13.0797004227638 80.2654586202967,13.0790715272024 80.2651432918691,13.0781417947763 80.2642248058135,13.0782738966469 80.2635784994077,13.078326898903 80.2640222635647,13.0776310041777 80.2640218763909,13.0775678970743 80.2640177315641,13.0768929744268 80.263998989114,13.0759002723875 80.2639594201224,13.0746168070994 80.2643777520755,13.07473674273 80.2645589162172,13.0747886825883 80.2654360348538,13.0751953274272 80.2658677346367,13.074663005928 80.266162858157,13.074364974024 80.2665606492328,13.0739487856147 80.2669001962405,13.0734995938147 80.266969399755,13.0734047307484 80.2674624913027,13.0728885340082 80.2679235848599,13.0723661671873 80.2682262542286,13.0719861713123 80.2685450726111,13.0713823679573 80.268580183264,13.0710320011846 80.2686798827858,13.0708418565987 80.2687419833214,13.0705418748608 80.2688158095664,13.0704018068379 80.2688942279991,13.0702481458164 80.2689865442676,13.0700674686 80.2690512059001,13.0699182718462 80.2690788946721,13.0697601757964 80.2690836234037,13.0695296678781 80.2690791731498,13.069186145717 80.2690766623586,13.0691570836586 80.2690097387683,13.0683826807482 80.2694780179495,13.0682911890328 80.2693925306738,13.067997151917 80.2690761350475,13.0674290287213 80.2688098618209,13.0670241255691 80.2684720332903,13.066370857117 80.267979222017,13.0659378322296 80.2672864610329,13.0655317190491 80.2665146051845,13.0649835730909 80.2651089465808,13.0636519127528 80.2646749336361,13.0631401733409 80.2640906585955,13.0627320849018 80.2640537315491,13.0628200477721 80.2640389362964,13.0629239569952 80.2637025154259,13.0633093939909 80.2634056815133,13.0635909923666 80.2631484031176,13.0638721966416 80.262901108598,13.0641189475462 80.2624557831689,13.0646054909889 80.2619027335676,13.0641830442867 80.2617793993707,13.0640762076259 80.2616216516135,13.0639743439154 80.2608845506852,13.0647450355131 80.2603895592008,13.0653004003763 80.2602310999779,13.0653744899999 80.2601273346811,13.0654086768565 80.2595939105738,13.0655111113894 80.2592329800691,13.0656535886008 80.2590947580929,13.0652967198712 80.2588432289151,13.0649121470388 80.2585179543406,13.0644928834672 80.257599490743,13.0636434526098 80.2570565633583,13.063218499817 80.2567309123897,13.0630466889016 80.2562711016267,13.0629388952988 80.2557626363113,13.0629004333874 80.2553375265693,13.0629737659215 80.2549372229057,13.0631110606919 80.2545710264768,13.0633549386353 80.2541358582986,13.0638095646808 80.2537151556915,13.0644422164099 80.2535167052688,13.0649664778836 80.2534470202573,13.0653552089186 80.253357382765,13.0657808992089 80.2533565652981,13.0664811720093 80.2534103061116,13.0672566467007 80.2532863152462,13.0677116505844 80.2530930867303,13.0680974948797 80.2526132776724,13.0687249080807 80.2521627968119,13.0692190431019 80.251935326314,13.0694633149074 80.2511784076523,13.0703054480074 80.2503419692232,13.0712168253829 80.2499165369861,13.0715670212607 80.2486506840884,13.0723387461954 80.2478400362911,13.0728288146982 80.2471034285379,13.0731760979294 80.2468610244467,13.0732098908158 80.2467365422029,13.0740862746623 80.2473835187519,13.0742341519775 80.2478382702033,13.0743419310222 80.2489102379166,13.0745178913332 80.2494242287694,13.07459135692 80.2494732273766,13.074660965364 80.2495424659254,13.0747301248993 80.249626414387,13.0747678875707 80.2496906744725,13.0747680704514 80.2497002505135,13.0748000430637 80.2497001696651,13.0748695123195 80.2497496282097,13.0749786753783 80.2498087059144,13.0750827938643 80.2498576398428,13.0757167808586 80.2499210375457,13.0763802185691 80.2500145162341,13.0764895060875 80.2505188151633,13.0766298786616 80.2508692542438,13.0768063238517 80.250958218898,13.0768811170367 80.2511704440873,13.0771266386587 80.2511009602983,13.0772679156392 80.2509909085912,13.0783517361869 80.2509907846237,13.078458221912 80.2508567119659,13.0788812505608 80.2507776144068,13.0790219936539 80.250752618784,13.0791953430924 80.2507507377118,13.0792088077671 80.2503053907232,13.0792424685753 80.2495032463784,13.0790973934251 80.2489962560967,13.0788756356056 80.2485815245913,13.078473208276 80.2473574756935,13.0780598767232 80.2473067604058,13.0780598985986 80.2468411052036,13.0780601086023 80.2468281434124,13.0780835940145 80.2466683969037,13.0783730322856 80.2466581884488,13.0783918590923 80.2466484336431,13.0784109230264 80.2466391387749,13.0784302083376 80.2466292052045,13.0784488863876 80.2465509134342,13.0786342239124 80.2466715410072,13.078693873566 80.2467085093761,13.0787110448235 80.246746255686,13.0787266069308 80.2467846694442,13.0787405100125 80.2468236365646,13.0787527155683 80.24729792817,13.0788915048319 80.2472678525743,13.0791589067413 80.2472667323751,13.0791682536139 80.2472655106663,13.0791775908611 80.2472641901429,13.0791869149828 80.2472628004491,13.0791960317264 80.2472014374304,13.079592081679 80.247187603375,13.0795875683775 80.2471631161987,13.0795761057465 80.2471270730945,13.0795592338028 80.2470669802936,13.0795370374211 80.2470054582731,13.0795189947109 80.2469430756665,13.0795063018123 80.2465466751827,13.0794341895806 80.2465150257386,13.0794599647643 80.2463403285687,13.0796022361694 80.2462560656967,13.0796802257918 80.2461819007869,13.0797686997517 80.2461197436574,13.0798656568922 80.2460720431158,13.0799677109199 80.2459769797992,13.0801178089797 80.245917661346,13.0802114707037 80.2457770642243,13.0800944663876 80.245606414863,13.0799769466359 80.2455142010025,13.079943101301 80.2454219880402,13.0799092550864 80.245447567568,13.0804289992883 80.245473147994,13.0809487423946 80.2455048315741,13.0811349390451 80.2454138843381,13.0811167013258 80.2449741823627,13.0810459825727 80.2444850245377,13.0809381058318 80.2442578801282,13.0809029787461 80.2441050749017,13.0809025447434 80.2440408588336,13.0808648381366 80.2439569534911,13.0808646001351 80.2438774274357,13.0808643735087 80.2431661827162,13.0807239202191 80.2428844396021,13.0807231195887 80.2421335198898,13.0806865040869 80.2416640181015,13.0806451101709 80.2411504835929,13.0806142408242 80.2409577051329,13.0806136930703 80.2408540260744,13.0805738461534 80.2406612476144,13.0805732983994 80.2392679058115,13.0804628515565 80.2386603060146,13.080391655737 80.2380972321131,13.0803205850229 80.2375731585696,13.0802151448613 80.2372080095763,13.0801451442312 80.2369803630085,13.0801069737542 80.2367881711484,13.0800374648481 80.2363282274348,13.0799692238098 80.2356316647803,13.0798212055564 80.2351430073169,13.0797178940794 80.2342982271321,13.079540043956 80.234155078795,13.0795026206441 80.2341004324796,13.0795024648923 80.2340508472725,13.0795023240156 80.233912760942,13.079461873162 80.2336952249128,13.0794318436774 80.2334185006862,13.0793915056886 80.2327861882358,13.0792507689315 80.232672849593,13.0792504469274 80.2317338765591,13.0791412918841 80.2312401211565,13.0790709260693 80.2307757541383,13.0789651484936 80.2300952857005,13.0788496704832 80.2301342636007,13.0793154768743 80.2302898940287,13.0804149370505 80.2305201025916,13.0816506644013 80.2306428519853,13.0836381383044 80.2306471423391,13.0837076068207 80.2305116916656,13.0845089122678 80.2302789498536,13.0849619969752 80.2312065717755,13.0865591905759 80.2318099189479,13.0866490751679 80.2319436664156,13.0867439340145 80.2324550997648,13.0931387458484 80.2328499641294,13.0932427516694 80.233458625735,13.0933057296405 80.2341041703695,13.0933417124205 80.2346021316843,13.0933685859759 80.2353444338581,13.093338930044 80.2353786408058,13.0933373936122 80.2357040815686,13.0933048800531 80.2369478655548,13.0931650402012 80.2369558129501,13.0931642133624 80.2369637531589,13.0931633174015 80.2369716843845,13.0931623558185 80.2376150991135,13.0931178596327 80.2394659555856,13.0928165864259 80.2394754310152,13.0928152643568 80.2394848920718,13.0928138469167 80.2400815018795,13.0927555586228 80.2400909296984,13.0927539495655 80.240706426585,13.0926926338839 80.2407238026976,13.0928367805716 80.2407890733878,13.0933782542954 80.2408748598025,13.0942842931424 80.2409473870836,13.0953888207742 80.2410640710525,13.0956492261606 80.2414900620416,13.0965681044156 80.2418335212124,13.0977319229977 80.2422193027112,13.0976522863151 80.242662997698,13.0974967348948 80.2438511373406,13.0972620330381 80.2452973440996,13.0969810575752 80.2462013753639,13.096872282238 80.2472955197867,13.0968409275776 80.2480368023726,13.0975038175858 80.2495416349838,13.0977470551806 80.2514758110967,13.0979640555689 80.2521794641537,13.0983742336924 80.2536604635621,13.0987330389185 80.2545691112686,13.0994943309002 80.255516901267,13.0992613160821 80.2568108435854,13.098974345179 80.258251196922,13.0987693271353 80.2593765155801,13.0996092200272 80.2598693789557,13.0997985287314 80.2602763921362,13.0998773037808 80.2603092866453,13.0998836707041 80.2608440672086,13.0999426738849 80.2615587982897,13.0999203752217 80.2622274422035,13.0998619241214 80.2628776032803,13.0997537756377 80.2635001815862,13.0995733037833 80.2642379661324,13.0994290306723 80.2644905831701,13.1015125993453 80.26458257874,13.1019284603563 80.2660257770412,13.1018568026512 80.2674782818887,13.1017715266214 80.2681883668832,13.1017311791657 80.2681881728471,13.1022554497187 80.2683075948809,13.1032317605935 80.2683673382372,13.1036882615663 80.2688099372794,13.1037607210437 80.269437047586,13.1037203389171 80.2701240602507,13.1037387175757 80.270414320292,13.104263085344 80.2708059758744,13.1047965940392 80.2711794208094,13.1049458974188 80.2711889546295,13.10497792736 80.2719038312376,13.1044407242636</coordinates></LinearRing></outerBoundaryIs></Polygon></MultiGeometry>
  </Placemark>
  <Placemark id="india_acs_map__ac.10">
	<Style><LineStyle><color>ff0000ff</color></LineStyle><PolyStyle><fill>0</fill></PolyStyle></Style>
	<ExtendedData><SchemaData schemaUrl="#india_acs_map__ac">
		<SimpleData name="id">ac.2348</SimpleData>
		<SimpleData name="tessellate">-1</SimpleData>
		<SimpleData name="extrude">0</SimpleData>
		<SimpleData name="visibility">-1</SimpleData>
		<SimpleData name="OBJECTID_1">2348</SimpleData>
		<SimpleData name="OBJECTID">2348</SimpleData>
		<SimpleData name="st_code">22</SimpleData>
		<SimpleData name="st_name">TAMIL NADU</SimpleData>
		<SimpleData name="dt_code">603</SimpleData>
		<SimpleData name="dist_name">Chennai</SimpleData>
		<SimpleData name="ac_no">20</SimpleData>
		<SimpleData name="ac_name">Thousand Lights</SimpleData>
		<SimpleData name="pc_no">4</SimpleData>
		<SimpleData name="pc_name">Chennai central</SimpleData>
		<SimpleData name="pc_id">334</SimpleData>
		<SimpleData name="status"></SimpleData>
		<SimpleData name="State_LGD">33</SimpleData>
		<SimpleData name="Dist_LGD">568</SimpleData>
		<SimpleData name="SHAPE_Leng">0</SimpleData>
		<SimpleData name="Type"></SimpleData>
		<SimpleData name="Phase"></SimpleData>
		<SimpleData name="Poll_Day"></SimpleData>
		<SimpleData name="DOA"></SimpleData>
		<SimpleData name="DOIN"></SimpleData>
		<SimpleData name="LDFN"></SimpleData>
		<SimpleData name="DSN"></SimpleData>
		<SimpleData name="LDWC"></SimpleData>
		<SimpleData name="DOCV"></SimpleData>
		<SimpleData name="Shape_Le_1">23109.982012</SimpleData>
		<SimpleData name="Shape_Ar_1">15551336.0477</SimpleData>
		<SimpleData name="Shape_Length">23109.9820120398</SimpleData>
		<SimpleData name="Shape_Area">15551336.0477281</SimpleData>
	</SchemaData></ExtendedData>
      <MultiGeometry><Polygon><outerBoundaryIs><LinearRing><coordinates>80.2640906585955,13.0627320849018 80.2630637018678,13.0620148040649 80.261724985719,13.0609292001239 80.2614107119135,13.060611516655 80.261143869155,13.0604051339722 80.2607692671899,13.0601146744141 80.2601924005555,13.059637970282 80.259730770704,13.0593034030729 80.2590890645707,13.0587556081998 80.2584761692052,13.0582433467175 80.2578535585598,13.057872863178 80.2575403528512,13.0576329185917 80.2569470120128,13.0571445132237 80.2564278387792,13.0567176004214 80.2558728658848,13.0561771392193 80.2552021998634,13.0556505225857 80.2544552291451,13.0550877283296 80.254002105441,13.0546772078153 80.2534018134389,13.0541872564286 80.2525363342734,13.0535466263796 80.2513463764407,13.0526427123237 80.250980964241,13.0523945734133 80.2503471462142,13.0524368182943 80.2503452247178,13.0524248765946 80.2502322454012,13.0517226430802 80.2499977177384,13.0506468704353 80.2495328952744,13.0492546131995 80.249279697925,13.0485810719864 80.2485861491184,13.0480294929459 80.2481466456706,13.0478184309756 80.2480240471939,13.0476993503941 80.247924703405,13.0475572592592 80.247854658169,13.0473992696646 80.2478178766497,13.0472361499885 80.2473798626087,13.0438824650252 80.2473793254162,13.0438784218946 80.2473787711557,13.0438743822644 80.2473781971322,13.0438703452596 80.2473783633205,13.0438647382598 80.2469806854325,13.0412119208339 80.2469776599066,13.0411878508186 80.2469731297026,13.0411656238588 80.2469679751695,13.0411435097908 80.2469622043921,13.0411215366193 80.2456876369378,13.0361821959274 80.2456833393974,13.0361592106259 80.2456765822699,13.0361367311671 80.2456692331525,13.0361144293645 80.245659937386,13.0360918168767 80.2455168591174,13.035703195597 80.2454618525776,13.0354508791488 80.2454858456805,13.0351809339495 80.2455381042739,13.035055511945 80.2455113111222,13.0350354671027 80.2438641790819,13.0338031910281 80.2433848057069,13.0333837941764 80.2387945897766,13.0327308463978 80.2372251072111,13.0324887026002 80.2372779595908,13.0317514648218 80.235810868798,13.030383141674 80.2340582125596,13.0286036126615 80.2330663377386,13.0277072986608 80.232870107053,13.028395492266 80.2319886774012,13.0282865283038 80.2310131797662,13.0282127321328 80.2309598943986,13.0286966602756 80.2309499823877,13.0296620719527 80.230881499322,13.030105809636 80.2308818478683,13.0306616058885 80.2306970221936,13.0313318885825 80.2293530715616,13.0309535642248 80.2287377058291,13.030947682125 80.2280624359418,13.030091688522 80.2277765785437,13.0324210470488 80.227686789236,13.0329780712249 80.2275968328418,13.0337526305776 80.2275518613821,13.0342078589215 80.2275068791425,13.0345246556406 80.2274219407375,13.0353342177002 80.227387207377,13.0356140267256 80.2273475018415,13.0358938205568 80.2272825365784,13.0364235327118 80.2272428624839,13.0366014042527 80.2271431180463,13.0370914657489 80.2271186694976,13.0372298285884 80.2271429563496,13.037229897726 80.2271728091631,13.0372299826166 80.2271925424549,13.0372300386268 80.2272172982276,13.0372625613217 80.2279557538153,13.037455041293 80.2279582619116,13.0374990994304 80.2279643596757,13.0375592473562 80.2279745447744,13.0376188596703 80.2279870789675,13.0376763628382 80.2284380431216,13.0392966022606 80.2289103233991,13.0409933941696 80.2289298509768,13.0410534791104 80.2289541387271,13.0411141328818 80.2289828201375,13.0411729138257 80.2290164386887,13.0412283727019 80.2294480845726,13.0419144397426 80.2294859584433,13.0419804693078 80.2295181603513,13.0420496248661 80.2295443219873,13.0421211887978 80.2295653829891,13.0421953553826 80.2297210340784,13.0428876787426 80.2297229349136,13.0428958989327 80.2297249148005,13.0429041016196 80.2297269710441,13.0429122859283 80.2297291054413,13.0429204518589 80.2304132066661,13.0454875021559 80.230423033337,13.0455282018614 80.2304309358165,13.0455693470016 80.230436886257,13.0456108080571 80.2304426211017,13.0456525053907 80.23044942584,13.0457714705658 80.2304502352221,13.0457818636072 80.2304511658767,13.0457922478969 80.2304522187022,13.0458026208094 80.2304519060885,13.0458152069244 80.2309165830254,13.0496959555544 80.2303154690648,13.049789607817 80.229648554408,13.0498916629006 80.2268757138407,13.0503071917641 80.2268266334869,13.050307052621 80.2268069469074,13.0502674440942 80.2267770940939,13.0502673592081 80.2265944701899,13.0502374294359 80.2263346738165,13.0482656785855 80.2260330321205,13.0483317554616 80.2257414982681,13.0484074954005 80.2245850556803,13.0487185970351 80.2239872052992,13.0488903181507 80.223774612699,13.0489591838626 80.2233048971116,13.0491013520772 80.2224596695659,13.0493068515818 80.2223559006758,13.0493435732511 80.2222273814031,13.0493432083272 80.2215947024401,13.0495173662086 80.2212637109871,13.049585894826 80.220650762621,13.049762137062 80.2206259691191,13.0497620661776 80.2201315067423,13.0498646122124 80.2190640701313,13.0501414854185 80.2189642771847,13.0501642567678 80.2192845454481,13.0523229345705 80.2192365322928,13.0523229511976 80.2192200059865,13.0523229555731 80.2156052823013,13.0508326987658 80.2155591825575,13.0508327136427 80.2155270327518,13.0508568903578 80.2153082390812,13.0510214139486 80.2153094769597,13.0523473019132 80.2153293045746,13.0529358549856 80.2153049144163,13.0537937061358 80.2140087667339,13.0537804028437 80.2133173217816,13.0536516893875 80.2126815966314,13.0535363106737 80.2130027569219,13.0525517380909 80.2126539455887,13.0520886579165 80.2123128076646,13.0519635402725 80.2114524974052,13.052010551064 80.2110468146297,13.0522946983788 80.2108543928008,13.0529655472778 80.2107563129415,13.0537732873937 80.2096622682317,13.0539330231161 80.2089029618479,13.0542113899357 80.2087165641214,13.054588875379 80.2085957290376,13.0567847190211 80.2085832397602,13.0577078917287 80.2088151281727,13.0593910652612 80.2087311797111,13.059912975618 80.2075363727725,13.060331694791 80.2068151064477,13.0604374287234 80.2077690804485,13.0618770676483 80.2082784782152,13.0626177403866 80.2086275204155,13.0634213860049 80.2089336051789,13.0643081146137 80.2096550772178,13.0651098768489 80.2122566413998,13.0641424614121 80.2140505276148,13.062325087002 80.215269446234,13.0618945087232 80.2159715146628,13.0618713472975 80.2161047914133,13.0637329508967 80.2158785291494,13.0653054521014 80.2161199190427,13.0659793178692 80.2168093517687,13.0672243895936 80.2176939632532,13.0683311271886 80.2180360677645,13.0685671542857 80.2184218932807,13.0686929084298 80.219128404777,13.0686423726168 80.2197072575865,13.0684658507097 80.2200068044112,13.0685602693996 80.2202401732473,13.0686338277651 80.2213806141449,13.0691761273052 80.2222520859717,13.0684091133736 80.2240486033522,13.0670907425868 80.2250849331016,13.0668976399039 80.2269799004474,13.0664053816076 80.2276432011818,13.0663005769161 80.2287565030764,13.0662731893775 80.2288429237017,13.0668708789709 80.2288043230939,13.0671445767964 80.2286481249306,13.0682520707926 80.2283997946535,13.0690738054241 80.2285824095743,13.0698765296056 80.2290389567579,13.0706349478173 80.2292383045975,13.0713217303665 80.2294376524372,13.0720085118794 80.2295405023507,13.0722401200278 80.2297277391037,13.0726617584093 80.2298688752146,13.0726022901793 80.230546245363,13.0722872914662 80.230813063867,13.0721440401767 80.2313717432102,13.072078693326 80.2317820927337,13.0720798597498 80.2319202248783,13.0720802526413 80.232231402191,13.0720811364283 80.2323943269392,13.0720815993226 80.2330268010863,13.0720833975228 80.2330910602735,13.0720835795304 80.2337584151048,13.0721128591282 80.233955778566,13.0720860375082 80.2341090904423,13.0720864732764 80.2345488292486,13.0720507061534 80.2356954613352,13.0719824672809 80.2365896048431,13.071918074178 80.2377063005728,13.0719212479378 80.2384870263862,13.0719234670321 80.2388629686377,13.0719245354524 80.2390010639513,13.0719568733237 80.2390801615104,13.0718161305749 80.2392140230642,13.0715736208005 80.2395263978312,13.0706237367823 80.2401833717311,13.0708015600823 80.2410279866258,13.0711208851398 80.2420944809042,13.0716512769465 80.2442082455138,13.0727094714134 80.2450032805914,13.0730981246262 80.2454382556317,13.0732428637922 80.2457791195697,13.0733107671787 80.2464014741951,13.0733125356189 80.2468610244467,13.0732098908158 80.2471034285379,13.0731760979294 80.2478400362911,13.0728288146982 80.2486506840884,13.0723387461954 80.2499165369861,13.0715670212607 80.2503419692232,13.0712168253829 80.2511784076523,13.0703054480074 80.251935326314,13.0694633149074 80.2521627968119,13.0692190431019 80.2526132776724,13.0687249080807 80.2530930867303,13.0680974948797 80.2532863152462,13.0677116505844 80.2534103061116,13.0672566467007 80.2533565652981,13.0664811720093 80.253357382765,13.0657808992089 80.2534470202573,13.0653552089186 80.2535167052688,13.0649664778836 80.2537151556915,13.0644422164099 80.2541358582986,13.0638095646808 80.2545710264768,13.0633549386353 80.2549372229057,13.0631110606919 80.2553375265693,13.0629737659215 80.2557626363113,13.0629004333874 80.2562711016267,13.0629388952988 80.2567309123897,13.0630466889016 80.2570565633583,13.063218499817 80.257599490743,13.0636434526098 80.2585179543406,13.0644928834672 80.2588432289151,13.0649121470388 80.2590947580929,13.0652967198712 80.2592329800691,13.0656535886008 80.2595939105738,13.0655111113894 80.2601273346811,13.0654086768565 80.2602310999779,13.0653744899999 80.2603895592008,13.0653004003763 80.2608845506852,13.0647450355131 80.2616216516135,13.0639743439154 80.2617793993707,13.0640762076259 80.2619027335676,13.0641830442867 80.2624557831689,13.0646054909889 80.262901108598,13.0641189475462 80.2631484031176,13.0638721966416 80.2634056815133,13.0635909923666 80.2637025154259,13.0633093939909 80.2640389362964,13.0629239569952 80.2640537315491,13.0628200477721 80.2640906585955,13.0627320849018</coordinates></LinearRing></outerBoundaryIs></Polygon></MultiGeometry>
  </Placemark>
  <Placemark id="india_acs_map__ac.11">
	<Style><LineStyle><color>ff0000ff</color></LineStyle><PolyStyle><fill>0</fill></PolyStyle></Style>
	<ExtendedData><SchemaData schemaUrl="#india_acs_map__ac">
		<SimpleData name="id">ac.2349</SimpleData>
		<SimpleData name="tessellate">-1</SimpleData>
		<SimpleData name="extrude">0</SimpleData>
		<SimpleData name="visibility">-1</SimpleData>
		<SimpleData name="OBJECTID_1">2349</SimpleData>
		<SimpleData name="OBJECTID">2349</SimpleData>
		<SimpleData name="st_code">22</SimpleData>
		<SimpleData name="st_name">TAMIL NADU</SimpleData>
		<SimpleData name="dt_code">603</SimpleData>
		<SimpleData name="dist_name">Chennai</SimpleData>
		<SimpleData name="ac_no">21</SimpleData>
		<SimpleData name="ac_name">Anna Nagar</SimpleData>
		<SimpleData name="pc_no">4</SimpleData>
		<SimpleData name="pc_name">Chennai central</SimpleData>
		<SimpleData name="pc_id">334</SimpleData>
		<SimpleData name="status"></SimpleData>
		<SimpleData name="State_LGD">33</SimpleData>
		<SimpleData name="Dist_LGD">568</SimpleData>
		<SimpleData name="SHAPE_Leng">0</SimpleData>
		<SimpleData name="Type"></SimpleData>
		<SimpleData name="Phase"></SimpleData>
		<SimpleData name="Poll_Day"></SimpleData>
		<SimpleData name="DOA"></SimpleData>
		<SimpleData name="DOIN"></SimpleData>
		<SimpleData name="LDFN"></SimpleData>
		<SimpleData name="DSN"></SimpleData>
		<SimpleData name="LDWC"></SimpleData>
		<SimpleData name="DOCV"></SimpleData>
		<SimpleData name="Shape_Le_1">27418.0372555</SimpleData>
		<SimpleData name="Shape_Ar_1">18931468.1638</SimpleData>
		<SimpleData name="Shape_Length">27418.0372555342</SimpleData>
		<SimpleData name="Shape_Area">18931468.16376</SimpleData>
	</SchemaData></ExtendedData>
      <MultiGeometry><Polygon><outerBoundaryIs><LinearRing><coordinates>80.1952894159253,13.1079370493355 80.1972628663824,13.1055228609332 80.205165984639,13.1059273438803 80.208114513218,13.1047584413802 80.2092405074091,13.1040290522544 80.2103701101328,13.1039022312321 80.2105282791998,13.1029038766026 80.211085117895,13.1021518650457 80.2110446407066,13.1006689262271 80.2108639742317,13.097879460648 80.2107399213825,13.0959640567817 80.2118682790412,13.0957902492877 80.2125220693117,13.0956544260059 80.2127496979131,13.095686141298 80.2129075408917,13.0963535544085 80.2152026232549,13.0961589137286 80.2154841894009,13.097203976783 80.2160797194337,13.0969204044069 80.2180181535611,13.0960577308575 80.2181934732636,13.0946246987409 80.2180558747182,13.0937177406882 80.2179854414101,13.0921662141819 80.2180043051327,13.0907694890712 80.2196996776021,13.090661429342 80.220316819304,13.0906415176336 80.2207372012126,13.0906273396073 80.2224677966242,13.0906124729781 80.2225215706755,13.0906192890009 80.2225430601737,13.0906230679999 80.2230317724343,13.0905858108651 80.2234155857243,13.090539223033 80.2234367473375,13.090544488609 80.2241167279901,13.0903750862737 80.2241853673627,13.0903579858264 80.2241967984247,13.090360505745 80.2242092194301,13.090363479774 80.2242216835547,13.0903662858083 80.2242341854085,13.0903689212231 80.224334679041,13.0903882178484 80.2243651966078,13.0903940784084 80.2247153131932,13.0896120642817 80.2247392083797,13.0895657203834 80.2247642165789,13.0895205821915 80.224791800248,13.0894769095743 80.2248218201482,13.0894349090267 80.2255079353959,13.0885315980281 80.2255328429838,13.0884995948222 80.2255616744128,13.0884668023815 80.2255920734021,13.0884354011523 80.2256239321536,13.0884054961328 80.2266647992935,13.087473593076 80.2266823164416,13.0874589791264 80.2267007858038,13.0874437115643 80.2267196576113,13.0874289261164 80.2267389112028,13.0874146341575 80.2273447682681,13.0869772704171 80.2273838521694,13.0869490548144 80.2274991617159,13.0870620020791 80.2288222597552,13.0883624594276 80.2288321457149,13.0883721760674 80.2288828430363,13.0883224413924 80.2317672435821,13.0866734723711 80.2318099189479,13.0866490751679 80.2312065717755,13.0865591905759 80.2302789498536,13.0849619969752 80.2305116916656,13.0845089122678 80.2306471423391,13.0837076068207 80.2306428519853,13.0836381383044 80.2305201025916,13.0816506644013 80.2302898940287,13.0804149370505 80.2301342636007,13.0793154768743 80.2300952857005,13.0788496704832 80.2307757541383,13.0789651484936 80.2312401211565,13.0790709260693 80.2317338765591,13.0791412918841 80.232672849593,13.0792504469274 80.2327861882358,13.0792507689315 80.2334185006862,13.0793915056886 80.2336952249128,13.0794318436774 80.233912760942,13.079461873162 80.2340508472725,13.0795023240156 80.2341004324796,13.0795024648923 80.234155078795,13.0795026206441 80.2342982271321,13.079540043956 80.2351430073169,13.0797178940794 80.2356316647803,13.0798212055564 80.2363282274348,13.0799692238098 80.2367881711484,13.0800374648481 80.2369803630085,13.0801069737542 80.2372080095763,13.0801451442312 80.2375731585696,13.0802151448613 80.2380972321131,13.0803205850229 80.2386603060146,13.080391655737 80.2392679058115,13.0804628515565 80.2406612476144,13.0805732983994 80.2408540260744,13.0805738461534 80.2409577051329,13.0806136930703 80.2411504835929,13.0806142408242 80.2416640181015,13.0806451101709 80.2421335198898,13.0806865040869 80.2428844396021,13.0807231195887 80.2431661827162,13.0807239202191 80.2438774274357,13.0808643735087 80.2439569534911,13.0808646001351 80.2440408588336,13.0808648381366 80.2441050749017,13.0809025447434 80.2442578801282,13.0809029787461 80.2444850245377,13.0809381058318 80.2449741823627,13.0810459825727 80.2454138843381,13.0811167013258 80.2455048315741,13.0811349390451 80.245473147994,13.0809487423946 80.245447567568,13.0804289992883 80.2454219880402,13.0799092550864 80.2455142010025,13.079943101301 80.245606414863,13.0799769466359 80.2457770642243,13.0800944663876 80.245917661346,13.0802114707037 80.2459769797992,13.0801178089797 80.2460720431158,13.0799677109199 80.2461197436574,13.0798656568922 80.2461819007869,13.0797686997517 80.2462560656967,13.0796802257918 80.2463403285687,13.0796022361694 80.2465150257386,13.0794599647643 80.2465466751827,13.0794341895806 80.2469430756665,13.0795063018123 80.2470054582731,13.0795189947109 80.2470669802936,13.0795370374211 80.2471270730945,13.0795592338028 80.2471631161987,13.0795761057465 80.247187603375,13.0795875683775 80.2472014374304,13.079592081679 80.2472628004491,13.0791960317264 80.2472641901429,13.0791869149828 80.2472655106663,13.0791775908611 80.2472667323751,13.0791682536139 80.2472678525743,13.0791589067413 80.24729792817,13.0788915048319 80.2468236365646,13.0787527155683 80.2467846694442,13.0787405100125 80.246746255686,13.0787266069308 80.2467085093761,13.0787110448235 80.2466715410072,13.078693873566 80.2465509134342,13.0786342239124 80.2466292052045,13.0784488863876 80.2466391387749,13.0784302083376 80.2466484336431,13.0784109230264 80.2466581884488,13.0783918590923 80.2466683969037,13.0783730322856 80.2468281434124,13.0780835940145 80.2468411052036,13.0780601086023 80.2473067604058,13.0780598985986 80.2473574756935,13.0780598767232 80.2485815245913,13.078473208276 80.2489962560967,13.0788756356056 80.2495032463784,13.0790973934251 80.2503053907232,13.0792424685753 80.2507507377118,13.0792088077671 80.250752618784,13.0791953430924 80.2507776144068,13.0790219936539 80.2508567119659,13.0788812505608 80.2509907846237,13.078458221912 80.2509909085912,13.0783517361869 80.2511009602983,13.0772679156392 80.2511704440873,13.0771266386587 80.250958218898,13.0768811170367 80.2508692542438,13.0768063238517 80.2505188151633,13.0766298786616 80.2500145162341,13.0764895060875 80.2499210375457,13.0763802185691 80.2498576398428,13.0757167808586 80.2498087059144,13.0750827938643 80.2497496282097,13.0749786753783 80.2497001696651,13.0748695123195 80.2497002505135,13.0748000430637 80.2496906744725,13.0747680704514 80.249626414387,13.0747678875707 80.2495424659254,13.0747301248993 80.2494732273766,13.074660965364 80.2494242287694,13.07459135692 80.2489102379166,13.0745178913332 80.2478382702033,13.0743419310222 80.2473835187519,13.0742341519775 80.2467365422029,13.0740862746623 80.2468610244467,13.0732098908158 80.2464014741951,13.0733125356189 80.2457791195697,13.0733107671787 80.2454382556317,13.0732428637922 80.2450032805914,13.0730981246262 80.2442082455138,13.0727094714134 80.2420944809042,13.0716512769465 80.2410279866258,13.0711208851398 80.2401833717311,13.0708015600823 80.2395263978312,13.0706237367823 80.2392140230642,13.0715736208005 80.2390801615104,13.0718161305749 80.2390010639513,13.0719568733237 80.2388629686377,13.0719245354524 80.2384870263862,13.0719234670321 80.2377063005728,13.0719212479378 80.2365896048431,13.071918074178 80.2356954613352,13.0719824672809 80.2345488292486,13.0720507061534 80.2341090904423,13.0720864732764 80.233955778566,13.0720860375082 80.2337584151048,13.0721128591282 80.2330910602735,13.0720835795304 80.2330268010863,13.0720833975228 80.2323943269392,13.0720815993226 80.232231402191,13.0720811364283 80.2319202248783,13.0720802526413 80.2317820927337,13.0720798597498 80.2313717432102,13.072078693326 80.230813063867,13.0721440401767 80.230546245363,13.0722872914662 80.2298688752146,13.0726022901793 80.2297277391037,13.0726617584093 80.2295405023507,13.0722401200278 80.2294376524372,13.0720085118794 80.2292383045975,13.0713217303665 80.2290389567579,13.0706349478173 80.2285824095743,13.0698765296056 80.2283997946535,13.0690738054241 80.2286481249306,13.0682520707926 80.2288043230939,13.0671445767964 80.2288429237017,13.0668708789709 80.2287565030764,13.0662731893775 80.2276432011818,13.0663005769161 80.2269799004474,13.0664053816076 80.2250849331016,13.0668976399039 80.2240486033522,13.0670907425868 80.2222520859717,13.0684091133736 80.2213806141449,13.0691761273052 80.2202401732473,13.0686338277651 80.2200068044112,13.0685602693996 80.2197072575865,13.0684658507097 80.219128404777,13.0686423726168 80.2184218932807,13.0686929084298 80.2180360677645,13.0685671542857 80.2176939632532,13.0683311271886 80.2168093517687,13.0672243895936 80.2161199190427,13.0659793178692 80.2158785291494,13.0653054521014 80.2161047914133,13.0637329508967 80.2159715146628,13.0618713472975 80.215269446234,13.0618945087232 80.2140505276148,13.062325087002 80.2122566413998,13.0641424614121 80.2096550772178,13.0651098768489 80.2089336051789,13.0643081146137 80.2086275204155,13.0634213860049 80.2082784782152,13.0626177403866 80.2077690804485,13.0618770676483 80.2068151064477,13.0604374287234 80.2050516946803,13.0606441211564 80.2031790127401,13.0608014345998 80.201391650989,13.0608384625878 80.2011577674183,13.0608213180892 80.2011234886053,13.0608188048694 80.1999238424423,13.0607308631632 80.1998791521553,13.0595362701311 80.2001259220587,13.0594653701776 80.1999370575585,13.0572657936039 80.1985229511978,13.0574032201853 80.1970973742492,13.0576144192346 80.1963058354147,13.0571929914295 80.1926287003768,13.0562315577447 80.1922402095591,13.0561339883812 80.1880094958122,13.0550713753946 80.1867412471075,13.055132215623 80.1860384654164,13.0554694330196 80.1851254321346,13.0558530763286 80.1848165410343,13.05576726896 80.1848153040542,13.0557670221834 80.1847693067184,13.0557566706913 80.1847561185517,13.0557537032459 80.1847412002297,13.0557503647605 80.1847271847147,13.0557481954013 80.184689512965,13.0557423663968 80.1846663570919,13.0557387828848 80.1846649090076,13.0557386769983 80.184646541155,13.0557373346034 80.1846050578535,13.0557343050261 80.1845907962,13.0557332636636 80.1845893409293,13.0557333091685 80.1845728855899,13.0557338263494 80.1845251949298,13.0557354277724 80.184517835931,13.0557356736739 80.1845169088696,13.0557357051773 80.1840251315572,13.055757909825 80.1840143939946,13.0557583946273 80.1846416103024,13.056928839436 80.1846716032531,13.0569810385672 80.1846890206882,13.0570069736118 80.1847055290281,13.0570315566397 80.1847242696816,13.057055767752 80.1847428252821,13.0570797382122 80.1847845637051,13.057123151412 80.1860621998045,13.0584694118655 80.1860710697696,13.0584787568965 80.1864664129363,13.0588818757643 80.1867535180943,13.0591746277378 80.1867550057044,13.0591764409084 80.1868238148586,13.0592603096612 80.1868858641902,13.0593527191832 80.1869049300338,13.0593904719559 80.1869359335892,13.0594518667973 80.1869363665772,13.059452927396 80.186936822023,13.0594541997642 80.1869748881332,13.0595542250439 80.1870394805954,13.0597847107725 80.1878896111459,13.0600184218286 80.1879011248529,13.0600215869906 80.1879024938854,13.0600219632747 80.1879114869198,13.0600244362489 80.1879789261431,13.060045623669 80.1879802170221,13.0600461390907 80.188020288172,13.0600621530407 80.1880446989915,13.0600719084235 80.1880650916468,13.0600819158287 80.1881082125771,13.0601030787417 80.188169051878,13.060136999429 80.1883655879908,13.0602639033446 80.1886261371525,13.0604296484058 80.1886347672674,13.0604351386446 80.1887168831658,13.0604845079087 80.1888051381509,13.0605234103603 80.1888474991064,13.0605370615701 80.1888970654489,13.0605530317344 80.1889897401452,13.0605706890469 80.1893023475758,13.0606246988185 80.1893032746372,13.0606248537071 80.1893096023701,13.0606492412328 80.1898015880916,13.0625455637148 80.1898022627264,13.0625474739935 80.1898032903991,13.0625503853527 80.1898040467805,13.0625534235971 80.189804672008,13.0625559394244 80.1898052828624,13.0625584640024 80.1898060185826,13.0625615013716 80.1898073435976,13.0625670869456 80.1901647356385,13.0641063947408 80.190168458257,13.0641224294291 80.1905630827714,13.0658220812294 80.1905668889333,13.0658450077688 80.1905701722757,13.0658647945957 80.1905703591252,13.0658657116571 80.1905752962661,13.0658985158533 80.1905772608816,13.0659115673508 80.1905791203942,13.0659306506254 80.1905817551529,13.0659577100551 80.1905837961253,13.0660039770091 80.1905840530434,13.0660169199939 80.1906095490279,13.0673000266095 80.1906179383943,13.0674166545951 80.1906297736981,13.0674704012283 80.1906427777102,13.0675293771652 80.1906430346284,13.0675305383601 80.1906432610038,13.0675316514272 80.1906596067487,13.0675765433786 80.1906836043432,13.0676424479546 80.1907297984101,13.0677304370772 80.1907386989179,13.0677473903346 80.1907392136526,13.0677484001446 80.1907433117669,13.0677564287463 80.1910038142161,13.0687270335735 80.191017091316,13.0687838705921 80.1910266251362,13.0688416202727 80.1910267464087,13.0688428488402 80.1910323294382,13.0688998538412 80.1910327651211,13.0689139368615 80.191034115289,13.0689575291157 80.1910340479154,13.0689585704224 80.1910340577968,13.0689992461353 80.1910248833028,13.069007343825 80.1904488053892,13.0695158491567 80.1904162908675,13.069545912225 80.190391515332,13.069571153789 80.1903852657525,13.06957752062 80.1903700096641,13.0695946837615 80.1903558414354,13.0696105702106 80.1903415672055,13.0696283248804 80.1903281176291,13.0696449367399 80.1902827500123,13.0697044739361 80.1903054782873,13.0698985212211 80.1903428347284,13.0702174458022 80.1904029392074,13.0707305811098 80.1904085734409,13.0708945086851 80.1903812592664,13.0710597688377 80.1903596844282,13.0711184166519 80.1903241479739,13.0712150131757 80.1903233242187,13.0712172541524 80.1903211350244,13.0712208829418 80.190237691416,13.0713591986714 80.1901172111667,13.0715213853773 80.1901195207353,13.0715354113705 80.1901217925746,13.071549213353 80.1902007562848,13.0720287506062 80.1903434446845,13.0728952848935 80.1904078520937,13.0734353848644 80.1904081188934,13.0734376196956 80.1904821858868,13.073451565952 80.1906269790393,13.0734788275645 80.1907601632633,13.0735038919698 80.1907642434114,13.0735046602475 80.1907677432477,13.0735053313967 80.1907690080756,13.073505313896 80.1907717021232,13.073505313896 80.1907867354294,13.0735053191462 80.1907972070907,13.0735053243964 80.1908000152243,13.0735053226463 80.191084865611,13.0758609427229 80.1910931822139,13.0759296924111 80.1911809494138,13.0766553041301 80.1913820902907,13.0783185407648 80.191448153295,13.0784455167086 80.192211779677,13.0799132442517 80.1922177912029,13.0799250096201 80.1922184460747,13.0799262906329 80.192222333085,13.0799342155873 80.1922248968768,13.0799394446395 80.1922311311849,13.0799526983964 80.1922354296235,13.0799679874227 80.1931608919955,13.0820665405641 80.1933933202955,13.0825935838382 80.1940709419722,13.084124460382 80.1960597841635,13.0886175208757 80.1960746198404,13.0886501724249 80.1960874217315,13.0886845704253 80.1960987467923,13.0887193262867 80.1961085950227,13.0887546193793 80.1965766927442,13.0905698478947 80.1965156998314,13.0906296661546 80.1965121595709,13.0906331380387 80.1965050161677,13.0906487116429 80.1961849590084,13.0913473362709 80.1961842421528,13.0913486390986 80.1961344144006,13.0914392131684 80.1961295850576,13.0914479925962 80.1961289265926,13.0914489174372 80.1961281935673,13.0914499463995 80.1960857832044,13.0915095509536 80.1960827738482,13.0915137814222 80.196066658072,13.0915364317085 80.196063674767,13.0915406236781 80.1960120009768,13.0915967598397 80.195986495111,13.0916244761789 80.1959002209111,13.0916979777919 80.1958992534256,13.0916988046357 80.1954027222286,13.0920696162409 80.1941705336962,13.0929929377839 80.1941514453947,13.0930094850721 80.1941296280114,13.0930244276784 80.1941074441154,13.0930387341862 80.1940829569391,13.093051678377 80.194029277211,13.0930832653848 80.1939676932067,13.0931195351848 80.1940083913806,13.0932120956413 80.1955731766555,13.0967709544185 80.1955747289443,13.0967758173848 80.1955768723246,13.0967825352428 80.195577315194,13.0967839237867 80.1955816477686,13.0967941851875 80.1955903335791,13.0968161630277 80.1955984714173,13.0968388828224 80.1956055016327,13.0968613287561 80.1959884893709,13.0980724865707 80.1959992987987,13.0981145617658 80.1960114404281,13.0981618166224 80.1960195225707,13.098216658983 80.196025264602,13.0982556176041 80.1960270199101,13.0983001933565 80.1960289944071,13.0983503206166 80.1960288704396,13.0983521597475 80.1960226549961,13.0984444093827 80.1960010541068,13.0986200252593 80.1959794568107,13.098795620012 80.1959592411236,13.098811256971 80.1959398527848,13.0988261747269 80.1959170346783,13.0988418711799 80.1959132536692,13.0988444723813 80.1958940449935,13.0988576857491 80.1958595802293,13.0988784419867 80.1958566139922,13.0988802286172 80.1958461010085,13.0988865605686 80.1958352116306,13.0988922529377 80.195803090571,13.0989090430632 80.1957964484278,13.0989125157055 80.1957453441696,13.0989354216693 80.1957442823609,13.09893585914 80.1948649287158,13.0992988457609 80.1944626631316,13.0994648935659 80.1944235666538,13.0994819653829 80.1944027814348,13.0994922861671 80.1943849157404,13.0995011580515 80.194347227821,13.0995221075965 80.1943375385923,13.0995281009299 80.194328927342,13.0995334126855 80.1943106250664,13.0995447448972 80.1942828653275,13.0995598489707 80.194851135983,13.1010508648588 80.1948742172959,13.1011161664065 80.1948912179126,13.1011836841429 80.1948914137453,13.1011848434295 80.1949004516954,13.101237838133 80.1949028717568,13.1012522832781 80.194903108912,13.1012544916091 80.1949044141641,13.1012666286799 80.1949103322653,13.1013216733334 80.1950206965861,13.1035205393786 80.1950937655513,13.1049598392673 80.195123627348,13.1055480393183 80.1951242588636,13.1055522914187 80.1951246083083,13.1055580789996 80.1951248319888,13.1055609881011 80.1951250511777,13.1055638665804 80.195125402419,13.105569655036 80.1951264112271,13.1055826405642 80.195127411052,13.1055954878547 80.1952263559889,13.1068675719004 80.1952506464342,13.1071794169745 80.1952531239878,13.1072112410207 80.1952523622164,13.1072142699656 80.1952527116611,13.1072193707017 80.1952528958157,13.1072223121552 80.195253030563,13.1072244705627 80.1952531293777,13.1072293193239 80.1952823048615,13.1077983481777 80.1952894159253,13.1079370493355</coordinates></LinearRing></outerBoundaryIs></Polygon></MultiGeometry>
  </Placemark>
  <Placemark id="india_acs_map__ac.12">
	<Style><LineStyle><color>ff0000ff</color></LineStyle><PolyStyle><fill>0</fill></PolyStyle></Style>
	<ExtendedData><SchemaData schemaUrl="#india_acs_map__ac">
		<SimpleData name="id">ac.2350</SimpleData>
		<SimpleData name="tessellate">-1</SimpleData>
		<SimpleData name="extrude">0</SimpleData>
		<SimpleData name="visibility">-1</SimpleData>
		<SimpleData name="OBJECTID_1">2350</SimpleData>
		<SimpleData name="OBJECTID">2350</SimpleData>
		<SimpleData name="st_code">22</SimpleData>
		<SimpleData name="st_name">TAMIL NADU</SimpleData>
		<SimpleData name="dt_code">603</SimpleData>
		<SimpleData name="dist_name">Chennai</SimpleData>
		<SimpleData name="ac_no">24</SimpleData>
		<SimpleData name="ac_name">Thiyagarayanagar</SimpleData>
		<SimpleData name="pc_no">4</SimpleData>
		<SimpleData name="pc_name">Chennai central</SimpleData>
		<SimpleData name="pc_id">334</SimpleData>
		<SimpleData name="status"></SimpleData>
		<SimpleData name="State_LGD">33</SimpleData>
		<SimpleData name="Dist_LGD">568</SimpleData>
		<SimpleData name="SHAPE_Leng">0</SimpleData>
		<SimpleData name="Type"></SimpleData>
		<SimpleData name="Phase"></SimpleData>
		<SimpleData name="Poll_Day"></SimpleData>
		<SimpleData name="DOA"></SimpleData>
		<SimpleData name="DOIN"></SimpleData>
		<SimpleData name="LDFN"></SimpleData>
		<SimpleData name="DSN"></SimpleData>
		<SimpleData name="LDWC"></SimpleData>
		<SimpleData name="DOCV"></SimpleData>
		<SimpleData name="Shape_Le_1">14533.7881013</SimpleData>
		<SimpleData name="Shape_Ar_1">6494674.45461</SimpleData>
		<SimpleData name="Shape_Length">14533.7881013226</SimpleData>
		<SimpleData name="Shape_Area">6494674.45461482</SimpleData>
	</SchemaData></ExtendedData>
      <MultiGeometry><Polygon><outerBoundaryIs><LinearRing><coordinates>80.2284380431216,13.0392966022606 80.2279870789675,13.0376763628382 80.2279745447744,13.0376188596703 80.2279643596757,13.0375592473562 80.2279582619116,13.0374990994304 80.2279557538153,13.037455041293 80.2272172982276,13.0372625613217 80.2271925424549,13.0372300386268 80.2271728091631,13.0372299826166 80.2271429563496,13.037229897726 80.2271186694976,13.0372298285884 80.2271431180463,13.0370914657489 80.2272428624839,13.0366014042527 80.2272825365784,13.0364235327118 80.2273475018415,13.0358938205568 80.227387207377,13.0356140267256 80.2274219407375,13.0353342177002 80.2275068791425,13.0345246556406 80.2275518613821,13.0342078589215 80.2275968328418,13.0337526305776 80.227686789236,13.0329780712249 80.2271039820427,13.0329069448619 80.2268272928503,13.032836688403 80.2262492449313,13.0325901268184 80.2261060525767,13.0325897198613 80.2260220600976,13.0325894809382 80.225903704364,13.0325521275297 80.2257255558667,13.0325886381433 80.2254239554933,13.0326197261589 80.2243369445921,13.0327601394099 80.2242428730156,13.0327253914261 80.224040399937,13.032794285268 80.222691292077,13.0329339536459 80.2226467661817,13.0329338267455 80.2224093836729,13.0330000862527 80.2233343474799,13.0365162605776 80.2236637318469,13.0377499041423 80.2232289741988,13.0378526196875 80.2227395271162,13.0379927035359 80.2225912754499,13.0379922817101 80.2220133640749,13.0380621376338 80.2218944585723,13.038061798948 80.2217416533458,13.03806136487 80.2215736333534,13.0380908051528 80.22136567606,13.0380902135467 80.2212918031027,13.038090003509 80.2212771641568,13.038060044258 80.2212133613137,13.0376689056129 80.2211592099701,13.0372453416746 80.2211395144075,13.03721283298 80.2210854151661,13.0371781976419 80.2204528170515,13.0372828860347 80.2201218660227,13.0373164265335 80.2197312093669,13.0373503039641 80.2189701368953,13.0374171040125 80.2185056036888,13.0374533067274 80.2184165141688,13.0374849997421 80.2182287501048,13.0375240178336 80.2181351438555,13.0375237517853 80.2180359339155,13.0375559235029 80.2179519010123,13.0375901658419 80.217759586083,13.0376266354549 80.2171366879768,13.0376573176393 80.2168796072105,13.0376936043343 80.2168309778109,13.037307071951 80.2167913378523,13.0370965215511 80.2167817618114,13.036990008369 80.2167522764088,13.0366755357354 80.216718240141,13.0363585151024 80.2167082032644,13.0362869888861 80.2166689423949,13.0361109208321 80.2165952374224,13.0360412420159 80.2165309342178,13.0360040422822 80.2164813490107,13.0360039013807 80.2158640536969,13.0360021466762 80.2156165867008,13.0360384598688 80.2152360558549,13.0360672956538 80.2151570768734,13.0361066237769 80.2151125914022,13.036146049037 80.2150977961495,13.036175924504 80.2150975104852,13.0364208424611 80.215112186262,13.0364928893605 80.2144941345667,13.0366321005668 80.2140988839266,13.0367004463451 80.2138469469136,13.0367392825267 80.213387393967,13.0367699219382 80.2132441638832,13.0368019686057 80.2130069062402,13.0368357752186 80.2125276110187,13.0368739646347 80.2117913302523,13.0369413415429 80.2092310939633,13.0373524034719 80.2080549899489,13.0375275526008 80.2075211472267,13.0376299855621 80.2075211041076,13.0376670021433 80.2075114040992,13.0376669750134 80.20751136098,13.037703991589 80.2074961812483,13.0377039487062 80.2074764479565,13.0377038926961 80.2074617748746,13.0377038506885 80.2074471017928,13.0377038086809 80.207422308291,13.0377037386682 80.2074076352091,13.0377036966606 80.2074076783282,13.0376666800849 80.2073874392849,13.0376666223245 80.2072690395338,13.0376662862636 80.2064041164254,13.0378397837473 80.2059643371949,13.0379100317847 80.2053616377079,13.0379752528981 80.2051586939122,13.0380142280296 80.2051296819217,13.0377271395264 80.2030647425444,13.0376724097475 80.203356054513,13.0417701040401 80.1993202096057,13.0419580516379 80.1997658593265,13.0465889839787 80.1982803611553,13.0468784145346 80.1982803611553,13.0531010860266 80.1997658593265,13.0533905089577 80.1999370575585,13.0572657936039 80.2001259220587,13.0594653701776 80.1998791521553,13.0595362701311 80.1999238424423,13.0607308631632 80.2011234886053,13.0608188048694 80.2011577674183,13.0608213180892 80.201391650989,13.0608384625878 80.2031790127401,13.0608014345998 80.2050516946803,13.0606441211564 80.2068151064477,13.0604374287234 80.2075363727725,13.060331694791 80.2087311797111,13.059912975618 80.2088151281727,13.0593910652612 80.2085832397602,13.0577078917287 80.2085957290376,13.0567847190211 80.2087165641214,13.054588875379 80.2089029618479,13.0542113899357 80.2096622682317,13.0539330231161 80.2107563129415,13.0537732873937 80.2108543928008,13.0529655472778 80.2110468146297,13.0522946983788 80.2114524974052,13.052010551064 80.2123128076646,13.0519635402725 80.2126539455887,13.0520886579165 80.2130027569219,13.0525517380909 80.2126815966314,13.0535363106737 80.2133173217816,13.0536516893875 80.2140087667339,13.0537804028437 80.2153049144163,13.0537937061358 80.2153293045746,13.0529358549856 80.2153094769597,13.0523473019132 80.2153082390812,13.0510214139486 80.2155270327518,13.0508568903578 80.2155591825575,13.0508327136427 80.2156052823013,13.0508326987658 80.2192200059865,13.0523229555731 80.2192365322928,13.0523229511976 80.2192845454481,13.0523229345705 80.2189642771847,13.0501642567678 80.2190640701313,13.0501414854185 80.2201315067423,13.0498646122124 80.2206259691191,13.0497620661776 80.220650762621,13.049762137062 80.2212637109871,13.049585894826 80.2215947024401,13.0495173662086 80.2222273814031,13.0493432083272 80.2223559006758,13.0493435732511 80.2224596695659,13.0493068515818 80.2233048971116,13.0491013520772 80.223774612699,13.0489591838626 80.2239872052992,13.0488903181507 80.2245850556803,13.0487185970351 80.2257414982681,13.0484074954005 80.2260330321205,13.0483317554616 80.2263346738165,13.0482656785855 80.2265944701899,13.0502374294359 80.2267770940939,13.0502673592081 80.2268069469074,13.0502674440942 80.2268266334869,13.050307052621 80.2268757138407,13.0503071917641 80.229648554408,13.0498916629006 80.2303154690648,13.049789607817 80.2309165830254,13.0496959555544 80.2304519060885,13.0458152069244 80.2304522187022,13.0458026208094 80.2304511658767,13.0457922478969 80.2304502352221,13.0457818636072 80.23044942584,13.0457714705658 80.2304426211017,13.0456525053907 80.230436886257,13.0456108080571 80.2304309358165,13.0455693470016 80.230423033337,13.0455282018614 80.2304132066661,13.0454875021559 80.2297291054413,13.0429204518589 80.2297269710441,13.0429122859283 80.2297249148005,13.0429041016196 80.2297229349136,13.0428958989327 80.2297210340784,13.0428876787426 80.2295653829891,13.0421953553826 80.2295443219873,13.0421211887978 80.2295181603513,13.0420496248661 80.2294859584433,13.0419804693078 80.2294480845726,13.0419144397426 80.2290164386887,13.0412283727019 80.2289828201375,13.0411729138257 80.2289541387271,13.0411141328818 80.2289298509768,13.0410534791104 80.2289103233991,13.0409933941696 80.2284380431216,13.0392966022606</coordinates></LinearRing></outerBoundaryIs></Polygon></MultiGeometry>
  </Placemark>
  <Placemark id="india_acs_map__ac.13">
	<Style><LineStyle><color>ff0000ff</color></LineStyle><PolyStyle><fill>0</fill></PolyStyle></Style>
	<ExtendedData><SchemaData schemaUrl="#india_acs_map__ac">
		<SimpleData name="id">ac.2351</SimpleData>
		<SimpleData name="tessellate">-1</SimpleData>
		<SimpleData name="extrude">0</SimpleData>
		<SimpleData name="visibility">-1</SimpleData>
		<SimpleData name="OBJECTID_1">2351</SimpleData>
		<SimpleData name="OBJECTID">2351</SimpleData>
		<SimpleData name="st_code">22</SimpleData>
		<SimpleData name="st_name">TAMIL NADU</SimpleData>
		<SimpleData name="dt_code">603</SimpleData>
		<SimpleData name="dist_name">Chennai</SimpleData>
		<SimpleData name="ac_no">23</SimpleData>
		<SimpleData name="ac_name">Saidapet</SimpleData>
		<SimpleData name="pc_no">4</SimpleData>
		<SimpleData name="pc_name">Chennai central</SimpleData>
		<SimpleData name="pc_id">334</SimpleData>
		<SimpleData name="status"></SimpleData>
		<SimpleData name="State_LGD">33</SimpleData>
		<SimpleData name="Dist_LGD">568</SimpleData>
		<SimpleData name="SHAPE_Leng">0</SimpleData>
		<SimpleData name="Type"></SimpleData>
		<SimpleData name="Phase"></SimpleData>
		<SimpleData name="Poll_Day"></SimpleData>
		<SimpleData name="DOA"></SimpleData>
		<SimpleData name="DOIN"></SimpleData>
		<SimpleData name="LDFN"></SimpleData>
		<SimpleData name="DSN"></SimpleData>
		<SimpleData name="LDWC"></SimpleData>
		<SimpleData name="DOCV"></SimpleData>
		<SimpleData name="Shape_Le_1">26279.4300623</SimpleData>
		<SimpleData name="Shape_Ar_1">22708034.7607</SimpleData>
		<SimpleData name="Shape_Length">26279.4300622972</SimpleData>
		<SimpleData name="Shape_Area">22708034.760711</SimpleData>
	</SchemaData></ExtendedData>
      <MultiGeometry><Polygon><outerBoundaryIs><LinearRing><coordinates>80.2215736333534,13.0380908051528 80.2217416533458,13.03806136487 80.2218944585723,13.038061798948 80.2220133640749,13.0380621376338 80.2225912754499,13.0379922817101 80.2227395271162,13.0379927035359 80.2232289741988,13.0378526196875 80.2236637318469,13.0377499041423 80.2233343474799,13.0365162605776 80.2224093836729,13.0330000862527 80.2226467661817,13.0329338267455 80.222691292077,13.0329339536459 80.224040399937,13.032794285268 80.2242428730156,13.0327253914261 80.2243369445921,13.0327601394099 80.2254239554933,13.0326197261589 80.2257255558667,13.0325886381433 80.225903704364,13.0325521275297 80.2260220600976,13.0325894809382 80.2261060525767,13.0325897198613 80.2262492449313,13.0325901268184 80.2268272928503,13.032836688403 80.2271039820427,13.0329069448619 80.227686789236,13.0329780712249 80.2277765785437,13.0324210470488 80.2280624359418,13.030091688522 80.2287377058291,13.030947682125 80.2293530715616,13.0309535642248 80.2306970221936,13.0313318885825 80.2308818478683,13.0306616058885 80.230881499322,13.030105809636 80.2309499823877,13.0296620719527 80.2309598943986,13.0286966602756 80.2310131797662,13.0282127321328 80.2319886774012,13.0282865283038 80.232870107053,13.028395492266 80.2330663377386,13.0277072986608 80.2340582125596,13.0286036126615 80.235810868798,13.030383141674 80.2372779595908,13.0317514648218 80.2372251072111,13.0324887026002 80.2387945897766,13.0327308463978 80.2433848057069,13.0333837941764 80.2437627637779,13.0328576786129 80.2438764734249,13.0324741212792 80.2438958617636,13.0318694731091 80.243797946296,13.0311317923949 80.2436890498223,13.0304399122436 80.2436542032741,13.0300143903965 80.2428877121647,13.030132688323 80.2419584436308,13.0305202296202 80.2412219634384,13.0308784201925 80.2405012585606,13.0312773464285 80.2398477907853,13.0296366083918 80.2399004751801,13.0284331771238 80.238943428941,13.0265319326148 80.2393515793887,13.0260075598922 80.2403982649167,13.0264360494203 80.2414923554406,13.0267264102531 80.2427475812685,13.0264655217176 80.2439596187926,13.0253157818247 80.2439955603871,13.0252816891978 80.2439955397259,13.0252364937485 80.2457187204432,13.0235815670699 80.2457207182964,13.0235787173918 80.2457234159372,13.0235760943925 80.2457261010016,13.0235734608907 80.2457287402519,13.02357085277 80.2467922242757,13.0225144670793 80.2468346732662,13.0224700859476 80.2468735999624,13.0224227325868 80.2469091921122,13.0223729207448 80.2469396351189,13.0223200587765 80.2471192604465,13.0220126462393 80.2471511829784,13.021947434049 80.247179092736,13.0218811479536 80.247201556008,13.0218128996094 80.2472183868432,13.0217433419252 80.2475390683316,13.0201377858566 80.249305711339,13.0176997580453 80.2500662645844,13.0163446617021 80.2513661160208,13.0151977202411 80.2533854712873,13.0134555425964 80.254589877623,13.012635258148 80.2558788306983,13.0119643585819 80.256659295102,13.0115540886316 80.2576512588562,13.011540973874 80.2584164438152,13.0118409580269 80.2592224625938,13.0123468010967 80.2592207719644,13.0119111714264 80.2589330559519,13.0103149072688 80.258426905595,13.0080826544216 80.2583390521568,13.0078546246716 80.2582511978203,13.007626594712 80.2574787050665,13.0067632225646 80.2571730721557,13.0067745038893 80.2565716069538,13.0068001299734 80.2543953905674,13.0066009934009 80.2516300967468,13.0069245107101 80.250049960162,13.0069262813755 80.2487934928623,13.0067343256011 80.247293910904,13.0067282109804 80.2440147717578,13.0066938645948 80.2429833836407,13.0066228225897 80.2428945752934,13.0062185157671 80.2428887820582,13.0062001718664 80.2428845869258,13.0061823338704 80.2428800243825,13.0061645816494 80.2428750980215,13.0061469283327 80.2421758404211,13.0037446371023 80.2421698351835,13.0037240076669 80.2429871421919,13.0036626760275 80.2430178753544,13.0036603696684 80.2430823600187,13.0035654308052 80.2430771048743,13.0034910495893 80.2430134852876,13.0025905703348 80.2429445889969,13.0016156894038 80.2431674187981,13.0008849332012 80.2431761037102,13.0005731368961 80.2440607394492,13.0000039328555 80.2440832566201,12.9995338325979 80.2441033941538,12.9989959372306 80.2441783864121,12.9980511857066 80.2438037718706,12.9969306428036 80.2436644377801,12.9959906442065 80.2436637577555,12.995384972215 80.2437093930702,12.994978127943 80.2439483781735,12.9943586375664 80.2441578257718,12.9941165937103 80.2442248877028,12.994039096176 80.2442803946041,12.9939749506388 80.2442527597311,12.9936709735858 80.2439576011765,12.9931196828123 80.2437039268217,12.9926859415808 80.2430122267479,12.9918907574216 80.2426849534219,12.991710128048 80.2423945496501,12.9916514920547 80.2418921578443,12.9916517073836 80.2414635662324,12.9916654691793 80.2409612292238,12.9916972818403 80.2404543000275,12.9917426829752 80.2401178980216,12.9918331587255 80.2397629979073,12.9919056466163 80.2393067498627,12.9918922857305 80.2389334037424,12.9917116335997 80.2385875846974,12.9913230407783 80.2384307235775,12.9910112788558 80.2383476114474,12.9905774280275 80.2384072622772,12.9898859170171 80.2384757022237,12.9881910546069 80.2383693884065,12.9875809554041 80.2380604730516,12.9871155216814 80.2376962250685,12.9867405436839 80.2372675032009,12.9864560375774 80.2367142083595,12.9858913170605 80.2363590019198,12.9850236694154 80.2362008409376,12.9843772320523 80.2361743406367,12.9842689218939 80.2360618949193,12.9842950509996 80.2354922965539,12.9844274104152 80.2330405758529,12.984482577366 80.2314828279799,12.9845599833446 80.2295104528062,12.9849312207841 80.2289205623967,12.9849902041248 80.2276946423083,12.9850132545686 80.2268559203618,12.985239498592 80.2261879456929,12.9858227585733 80.2249760069836,12.986496601671 80.2232575729642,12.9881106368619 80.2213501459854,12.9898151363006 80.2213320736785,12.9898408674244 80.2207881042481,12.9906153453418 80.2189544801582,12.9927265387944 80.2179226608498,12.9945527290434 80.2175173167391,12.9952624238416 80.2170017439531,12.9970432880628 80.2171679852813,12.9980013996042 80.2174770138239,12.9988600563878 80.2184130179257,13.0001749411243 80.2187174443991,13.0007443023247 80.2191047638136,13.001178074991 80.2191575946338,13.0012696230303 80.2200828063759,13.002872860997 80.2199618949352,13.0029023877376 80.2147970581586,13.004163658735 80.20987238238,13.004820184639 80.2106959497477,13.0083229533872 80.2108160221618,13.0088984437153 80.2094139128017,13.0084111754208 80.206084380863,13.0108383679247 80.204265720909,13.0121641000207 80.2042189761749,13.0121981743216 80.204174975794,13.0122298661918 80.1990967635602,13.0158875424003 80.1987419389045,13.0161362439307 80.1987110916559,13.0174623739313 80.1986990048238,13.0177296147322 80.1986869179916,13.0179968552449 80.1985720692809,13.018703389922 80.198748499301,13.0199185106553 80.1989535325781,13.0213371999279 80.1991169271451,13.0224047916077 80.1994079220084,13.0242351402418 80.1996018027012,13.0254260371414 80.1999156111794,13.0269919913159 80.2004783886369,13.0282799127301 80.2015140239886,13.0284622903551 80.202411958387,13.0284898711237 80.2030647425444,13.0376724097475 80.2051296819217,13.0377271395264 80.2051586939122,13.0380142280296 80.2053616377079,13.0379752528981 80.2059643371949,13.0379100317847 80.2064041164254,13.0378397837473 80.2072690395338,13.0376662862636 80.2073874392849,13.0376666223245 80.2074076783282,13.0376666800849 80.2074076352091,13.0377036966606 80.207422308291,13.0377037386682 80.2074471017928,13.0377038086809 80.2074617748746,13.0377038506885 80.2074764479565,13.0377038926961 80.2074961812483,13.0377039487062 80.20751136098,13.037703991589 80.2075114040992,13.0376669750134 80.2075211041076,13.0376670021433 80.2075211472267,13.0376299855621 80.2080549899489,13.0375275526008 80.2092310939633,13.0373524034719 80.2117913302523,13.0369413415429 80.2125276110187,13.0368739646347 80.2130069062402,13.0368357752186 80.2132441638832,13.0368019686057 80.213387393967,13.0367699219382 80.2138469469136,13.0367392825267 80.2140988839266,13.0367004463451 80.2144941345667,13.0366321005668 80.215112186262,13.0364928893605 80.2150975104852,13.0364208424611 80.2150977961495,13.036175924504 80.2151125914022,13.036146049037 80.2151570768734,13.0361066237769 80.2152360558549,13.0360672956538 80.2156165867008,13.0360384598688 80.2158640536969,13.0360021466762 80.2164813490107,13.0360039013807 80.2165309342178,13.0360040422822 80.2165952374224,13.0360412420159 80.2166689423949,13.0361109208321 80.2167082032644,13.0362869888861 80.216718240141,13.0363585151024 80.2167522764088,13.0366755357354 80.2167817618114,13.036990008369 80.2167913378523,13.0370965215511 80.2168309778109,13.037307071951 80.2168796072105,13.0376936043343 80.2171366879768,13.0376573176393 80.217759586083,13.0376266354549 80.2179519010123,13.0375901658419 80.2180359339155,13.0375559235029 80.2181351438555,13.0375237517853 80.2182287501048,13.0375240178336 80.2184165141688,13.0374849997421 80.2185056036888,13.0374533067274 80.2189701368953,13.0374171040125 80.2197312093669,13.0373503039641 80.2201218660227,13.0373164265335 80.2204528170515,13.0372828860347 80.2210854151661,13.0371781976419 80.2211395144075,13.03721283298 80.2211592099701,13.0372453416746 80.2212133613137,13.0376689056129 80.2212771641568,13.038060044258 80.2212918031027,13.038090003509 80.22136567606,13.0380902135467 80.2215736333534,13.0380908051528</coordinates></LinearRing></outerBoundaryIs></Polygon></MultiGeometry>
  </Placemark>
  <Placemark id="india_acs_map__ac.14">
	<Style><LineStyle><color>ff0000ff</color></LineStyle><PolyStyle><fill>0</fill></PolyStyle></Style>
	<ExtendedData><SchemaData schemaUrl="#india_acs_map__ac">
		<SimpleData name="id">ac.2352</SimpleData>
		<SimpleData name="tessellate">-1</SimpleData>
		<SimpleData name="extrude">0</SimpleData>
		<SimpleData name="visibility">-1</SimpleData>
		<SimpleData name="OBJECTID_1">2352</SimpleData>
		<SimpleData name="OBJECTID">2352</SimpleData>
		<SimpleData name="st_code">22</SimpleData>
		<SimpleData name="st_name">TAMIL NADU</SimpleData>
		<SimpleData name="dt_code">603</SimpleData>
		<SimpleData name="dist_name">Chennai</SimpleData>
		<SimpleData name="ac_no">25</SimpleData>
		<SimpleData name="ac_name">Mylapore</SimpleData>
		<SimpleData name="pc_no">3</SimpleData>
		<SimpleData name="pc_name">Chennai South</SimpleData>
		<SimpleData name="pc_id">333</SimpleData>
		<SimpleData name="status"></SimpleData>
		<SimpleData name="State_LGD">33</SimpleData>
		<SimpleData name="Dist_LGD">568</SimpleData>
		<SimpleData name="SHAPE_Leng">0</SimpleData>
		<SimpleData name="Type"></SimpleData>
		<SimpleData name="Phase"></SimpleData>
		<SimpleData name="Poll_Day"></SimpleData>
		<SimpleData name="DOA"></SimpleData>
		<SimpleData name="DOIN"></SimpleData>
		<SimpleData name="LDFN"></SimpleData>
		<SimpleData name="DSN"></SimpleData>
		<SimpleData name="LDWC"></SimpleData>
		<SimpleData name="DOCV"></SimpleData>
		<SimpleData name="Shape_Le_1">17235.1627296</SimpleData>
		<SimpleData name="Shape_Ar_1">13542688.538</SimpleData>
		<SimpleData name="Shape_Length">17235.1627295959</SimpleData>
		<SimpleData name="Shape_Area">13542688.5379648</SimpleData>
	</SchemaData></ExtendedData>
      <MultiGeometry><Polygon><outerBoundaryIs><LinearRing><coordinates>80.2825516674032,13.0470923958496 80.282545324399,13.0470637171222 80.2823382312849,13.0462908018044 80.2822783971988,13.0460286465797 80.2821497746198,13.0449574488549 80.2820578042027,13.0443789329613 80.2819473213042,13.0439179141767 80.2818737717404,13.0433122849368 80.2818002563124,13.0428602509779 80.2816253516317,13.0421957745758 80.2815240890413,13.0418161558618 80.281468887567,13.0415133340407 80.2813722252492,13.0411245593745 80.281201937909,13.0403651693006 80.2810593896465,13.0396194012557 80.2809490181391,13.0387515871765 80.2808388101251,13.0377347131459 80.2806917127939,13.0366996193171 80.2806135090586,13.0363470390882 80.2805399972239,13.0357550088856 80.2802826613361,13.0338205150601 80.2799560842044,13.0320351374342 80.2797307651716,13.0306294647814 80.2796255248411,13.0288577118489 80.2795107003849,13.0277865430616 80.2793362861842,13.0258294785682 80.2792213692015,13.0250791620585 80.2791065905594,13.0241210212341 80.2788950777341,13.0228192236037 80.2787202871394,13.0219604528577 80.2783845274289,13.0200846897275 80.2782330023017,13.0187558990709 80.2781318951199,13.0179784955864 80.278063357257,13.016396546434 80.2780496067449,13.0162158246217 80.2780358211986,13.0161569913655 80.2780220356522,13.0160982482444 80.2774648996147,13.014715012071 80.2768571587823,13.0131419835947 80.2767465016106,13.0130379685643 80.2766175044342,13.0129520982119 80.2764285330343,13.0128932361731 80.2763133564385,13.0128841283628 80.2762165521869,13.0129202628937 80.2761473244178,13.0129835099071 80.2761012372505,13.0130286927121 80.2759308879265,13.0126264172785 80.2759816265704,13.0125992443596 80.2760415459965,13.0125450700614 80.276359717592,13.0120932372581 80.276382810583,13.0120028214097 80.2764151571197,13.0119215343802 80.2764382231613,13.011817533717 80.2765398720273,13.011198410102 80.2765352789412,13.0111171018028 80.2756945169208,13.0112003347812 80.2750328241706,13.0112360441851 80.2737808897699,13.0114142952924 80.2728504534262,13.0117336086229 80.2719470402028,13.0121603005665 80.2710439521696,13.0124743185642 80.2702338604295,13.0127724985802 80.269603194591,13.0129140556495 80.2690191064,13.012854159936 80.2680184316825,13.012616414956 80.2672809911911,13.0123782592567 80.266193544607,13.0121659397932 80.2652154813836,13.0120636065818 80.263774014136,13.0120762591804 80.2628499513392,13.0120843666109 80.2618390097763,13.0118883414176 80.2608280700101,13.0116923125684 80.2601719225602,13.0117011736019 80.2597231143628,13.0118554880474 80.2592676622256,13.0123751661308 80.2592224625938,13.0123468010967 80.2584164438152,13.0118409580269 80.2576512588562,13.011540973874 80.256659295102,13.0115540886316 80.2558788306983,13.0119643585819 80.254589877623,13.012635258148 80.2533854712873,13.0134555425964 80.2513661160208,13.0151977202411 80.2500662645844,13.0163446617021 80.249305711339,13.0176997580453 80.2475390683316,13.0201377858566 80.2472183868432,13.0217433419252 80.247201556008,13.0218128996094 80.247179092736,13.0218811479536 80.2471511829784,13.021947434049 80.2471192604465,13.0220126462393 80.2469396351189,13.0223200587765 80.2469091921122,13.0223729207448 80.2468735999624,13.0224227325868 80.2468346732662,13.0224700859476 80.2467922242757,13.0225144670793 80.2457287402519,13.02357085277 80.2457261010016,13.0235734608907 80.2457234159372,13.0235760943925 80.2457207182964,13.0235787173918 80.2457187204432,13.0235815670699 80.2439955397259,13.0252364937485 80.2439955603871,13.0252816891978 80.2439596187926,13.0253157818247 80.2427475812685,13.0264655217176 80.2414923554406,13.0267264102531 80.2403982649167,13.0264360494203 80.2393515793887,13.0260075598922 80.238943428941,13.0265319326148 80.2399004751801,13.0284331771238 80.2398477907853,13.0296366083918 80.2405012585606,13.0312773464285 80.2412219634384,13.0308784201925 80.2419584436308,13.0305202296202 80.2428877121647,13.030132688323 80.2436542032741,13.0300143903965 80.2436890498223,13.0304399122436 80.243797946296,13.0311317923949 80.2438958617636,13.0318694731091 80.2438764734249,13.0324741212792 80.2437627637779,13.0328576786129 80.2433848057069,13.0333837941764 80.2438641790819,13.0338031910281 80.2455113111222,13.0350354671027 80.2455381042739,13.035055511945 80.2454858456805,13.0351809339495 80.2454618525776,13.0354508791488 80.2455168591174,13.035703195597 80.245659937386,13.0360918168767 80.2456692331525,13.0361144293645 80.2456765822699,13.0361367311671 80.2456833393974,13.0361592106259 80.2456876369378,13.0361821959274 80.246750589159,13.0403014698265 80.2561050516397,13.0404743607346 80.2561789245971,13.0404745707703 80.2562679772861,13.0404748236882 80.2568261966919,13.0403699239847 80.2570488270671,13.0403705567174 80.2575922835595,13.0403421843877 80.2582445341176,13.0403070217727 80.2587682222838,13.0403085095263 80.2591390621045,13.0403465811364 80.259455093913,13.0405234346849 80.2605664464634,13.0407689775695 80.261173962717,13.0409121787905 80.2617915984922,13.0410549020986 80.2625373376203,13.0411954540872 80.2627498053547,13.0412335815702 80.2629525775722,13.0412661046139 80.2630315107396,13.0412663286512 80.2638320506932,13.0411991340761 80.2639504055285,13.041236994639 80.2640789248013,13.0412373595748 80.2645232701684,13.0415900282253 80.2652055325418,13.0414185462056 80.265679720841,13.0413458610092 80.2657688112593,13.0413136617799 80.2670837148665,13.0410004749815 80.2675380845338,13.0410017666981 80.2677992418549,13.0418072416468 80.2678532117389,13.0419534335066 80.2679222876926,13.0421615319991 80.267936671517,13.0424095341562 80.2679514011927,13.0427954617214 80.2679359726277,13.0430083911512 80.2678911260338,13.0432830999408 80.267796982592,13.043743258774 80.2677471907724,13.0439190737324 80.2676777069835,13.0440598437525 80.2676578092999,13.0442012621677 80.2675691006657,13.044339441628 80.2671134455091,13.0450069831106 80.2665143087405,13.045921062585 80.266450393608,13.0460598204195 80.2663114287251,13.0463388253224 80.2662518129296,13.0466956382984 80.2661968001016,13.0470098706605 80.2661327699848,13.0473215420094 80.2660975991448,13.047467480324 80.2660185024841,13.0476082229455 80.2658845187594,13.0479546831459 80.2657952585595,13.0481324142513 80.2657605656233,13.0483777413024 80.265670446634,13.0492912394888 80.2671779274785,13.049226054614 80.2678054258573,13.0491558334189 80.2683837935766,13.0490535259974 80.2691201174622,13.048949132251 80.2695795464412,13.048950438803 80.2702661997798,13.0489179088938 80.2703552524688,13.0489181618031 80.2707904377149,13.0488823825736 80.271269637715,13.0488512913509 80.2720206769033,13.0487864914125 80.2723121227208,13.0487107515897 80.2724259680134,13.0487110753839 80.2727918715915,13.0486426454125 80.2728112752017,13.0489251426246 80.2728596252252,13.0496260617863 80.2731909885807,13.0495970866883 80.2746534386767,13.0494552049219 80.2746543810095,13.0486479390112 80.2746103024751,13.0482639563474 80.2762069123656,13.0480580569203 80.2771406518146,13.0478827262221 80.2777534762132,13.0478124635147 80.2807782016912,13.0474027211538 80.2825516674032,13.0470923958496</coordinates></LinearRing></outerBoundaryIs></Polygon></MultiGeometry>
  </Placemark>
  <Placemark id="india_acs_map__ac.15">
	<Style><LineStyle><color>ff0000ff</color></LineStyle><PolyStyle><fill>0</fill></PolyStyle></Style>
	<ExtendedData><SchemaData schemaUrl="#india_acs_map__ac">
		<SimpleData name="id">ac.2353</SimpleData>
		<SimpleData name="tessellate">-1</SimpleData>
		<SimpleData name="extrude">0</SimpleData>
		<SimpleData name="visibility">-1</SimpleData>
		<SimpleData name="OBJECTID_1">2353</SimpleData>
		<SimpleData name="OBJECTID">2353</SimpleData>
		<SimpleData name="st_code">22</SimpleData>
		<SimpleData name="st_name">TAMIL NADU</SimpleData>
		<SimpleData name="dt_code">603</SimpleData>
		<SimpleData name="dist_name">Chennai</SimpleData>
		<SimpleData name="ac_no">26</SimpleData>
		<SimpleData name="ac_name">Velachery</SimpleData>
		<SimpleData name="pc_no">3</SimpleData>
		<SimpleData name="pc_name">Chennai South</SimpleData>
		<SimpleData name="pc_id">333</SimpleData>
		<SimpleData name="status"></SimpleData>
		<SimpleData name="State_LGD">33</SimpleData>
		<SimpleData name="Dist_LGD">568</SimpleData>
		<SimpleData name="SHAPE_Leng">0</SimpleData>
		<SimpleData name="Type"></SimpleData>
		<SimpleData name="Phase"></SimpleData>
		<SimpleData name="Poll_Day"></SimpleData>
		<SimpleData name="DOA"></SimpleData>
		<SimpleData name="DOIN"></SimpleData>
		<SimpleData name="LDFN"></SimpleData>
		<SimpleData name="DSN"></SimpleData>
		<SimpleData name="LDWC"></SimpleData>
		<SimpleData name="DOCV"></SimpleData>
		<SimpleData name="Shape_Le_1">29115.6345118</SimpleData>
		<SimpleData name="Shape_Ar_1">20838081.5962</SimpleData>
		<SimpleData name="Shape_Length">29115.6345117683</SimpleData>
		<SimpleData name="Shape_Area">20838081.5962211</SimpleData>
	</SchemaData></ExtendedData>
      <MultiGeometry><Polygon><outerBoundaryIs><LinearRing><coordinates>80.2719470402028,13.0121603005665 80.2728504534262,13.0117336086229 80.2737808897699,13.0114142952924 80.2750328241706,13.0112360441851 80.2756945169208,13.0112003347812 80.2765352789412,13.0111171018028 80.2764617176992,13.0107645394243 80.2764202999748,13.0106018026048 80.2758585043758,13.0093180203085 80.2755686351017,13.0082467031621 80.2751726927587,13.0070489071393 80.2747630627858,13.0057425708439 80.2745007071121,13.004942501597 80.2738102889342,13.0027502104116 80.2737888766911,13.0026882500791 80.2733208903607,13.0013340196403 80.2733103046133,13.0013033889763 80.2732236135952,13.0010296725995 80.2727265856299,12.9991543542075 80.2724191291391,12.9980110900345 80.2720913545532,12.9969988988711 80.2718999073965,12.9952816070959 80.2718285506202,12.9947020648868 80.2718152007567,12.9945936384376 80.2717947434228,12.9944274869267 80.2714980810884,12.9932525793459 80.270755477979,12.9902881916785 80.2704088226025,12.9886342476411 80.2699975792553,12.9866097383515 80.2694663524272,12.9843096018903 80.2688668895701,12.9813406186748 80.2687942607794,12.9806672570493 80.2687877318239,12.980613026762 80.2686858853285,12.9799713153859 80.2684425766338,12.9790223492703 80.2682134056251,12.977323147955 80.2678558042768,12.9752398558864 80.2678284981871,12.9750888057328 80.2678269045758,12.9750888381218 80.2678253100662,12.9750888696355 80.267772077699,12.9750899358475 80.2648823106177,12.9751454278855 80.2635742234269,12.975144990196 80.2615931849005,12.9757755608531 80.2600379927346,12.9760191728674 80.2570956697176,12.9763796156867 80.253017168309,12.9766667200574 80.2529799555983,12.9803278842556 80.2498701120522,12.9813618889806 80.2477044679383,12.9821725752286 80.2476432720062,12.982195483251 80.2468675848432,12.9824858468477 80.2433512994451,12.9839182436444 80.2435034444098,12.9819067185892 80.2435063459682,12.9818838262966 80.2435945704106,12.9804855331936 80.2436555866796,12.9798951921346 80.2428392714113,12.9794169619509 80.2419261060772,12.9788800743324 80.2407593661013,12.9782620958413 80.2390714370724,12.9772875912403 80.2372631311004,12.9767442273873 80.237204951711,12.9767267453031 80.2360885209843,12.9763912704259 80.2338753434155,12.9755302748779 80.232342011752,12.974695676956 80.2317911450568,12.9743958352563 80.2313410756248,12.9741508578056 80.2308086917665,12.9738610709808 80.2288070961932,12.9725568597671 80.2283267813838,12.9716036503441 80.2258361214102,12.96914888884 80.2240063591777,12.9674112693934 80.2224447215996,12.9658466779009 80.2224375539419,12.9658505927425 80.2212134385689,12.9650840275827 80.2195031244213,12.9660574962373 80.2190197580349,12.966332615027 80.2179201608383,12.9669584606866 80.2162522525621,12.9673849336683 80.2126178171446,12.9715760588759 80.2088863582865,12.9756632657307 80.2090996057585,12.9769512391209 80.2074914282622,12.977282676029 80.2076509969044,12.9802792255672 80.2064621655591,12.9805695914025 80.2056993198131,12.9829296820626 80.2041554185719,12.9830486011871 80.204465502635,12.9859024373956 80.2045323714281,12.9868947117123 80.2046391047585,12.9876630005684 80.2049397879521,12.9888198301236 80.2057530309822,12.9909705771983 80.2067009395582,12.9941517471238 80.2073762238186,12.9965964180062 80.2078242163457,12.9975271151198 80.208046294257,12.9983947418393 80.2081205283371,12.9989009073027 80.2083513378729,12.9992577711069 80.2085226115633,13.0000169650704 80.2088247796721,13.0006123183521 80.2089342339995,13.0009539286751 80.2090436874287,13.0012955402783 80.2093440795682,13.0025667714057 80.2098698167915,13.0048092725914 80.20987238238,13.004820184639 80.2147970581586,13.004163658735 80.2199618949352,13.0029023877376 80.2200828063759,13.002872860997 80.2191575946338,13.0012696230303 80.2191047638136,13.001178074991 80.2187174443991,13.0007443023247 80.2184130179257,13.0001749411243 80.2174770138239,12.9988600563878 80.2171679852813,12.9980013996042 80.2170017439531,12.9970432880628 80.2175173167391,12.9952624238416 80.2179226608498,12.9945527290434 80.2189544801582,12.9927265387944 80.2207881042481,12.9906153453418 80.2213320736785,12.9898408674244 80.2213501459854,12.9898151363006 80.2232575729642,12.9881106368619 80.2249760069836,12.986496601671 80.2261879456929,12.9858227585733 80.2268559203618,12.985239498592 80.2276946423083,12.9850132545686 80.2289205623967,12.9849902041248 80.2295104528062,12.9849312207841 80.2314828279799,12.9845599833446 80.2330405758529,12.984482577366 80.2354922965539,12.9844274104152 80.2360618949193,12.9842950509996 80.2361743406367,12.9842689218939 80.2362008409376,12.9843772320523 80.2363590019198,12.9850236694154 80.2367142083595,12.9858913170605 80.2372675032009,12.9864560375774 80.2376962250685,12.9867405436839 80.2380604730516,12.9871155216814 80.2383693884065,12.9875809554041 80.2384757022237,12.9881910546069 80.2384072622772,12.9898859170171 80.2383476114474,12.9905774280275 80.2384307235775,12.9910112788558 80.2385875846974,12.9913230407783 80.2389334037424,12.9917116335997 80.2393067498627,12.9918922857305 80.2397629979073,12.9919056466163 80.2401178980216,12.9918331587255 80.2404543000275,12.9917426829752 80.2409612292238,12.9916972818403 80.2414635662324,12.9916654691793 80.2418921578443,12.9916517073836 80.2423945496501,12.9916514920547 80.2426849534219,12.991710128048 80.2430122267479,12.9918907574216 80.2437039268217,12.9926859415808 80.2439576011765,12.9931196828123 80.2442527597311,12.9936709735858 80.2442803946041,12.9939749506388 80.2442248877028,12.994039096176 80.2441578257718,12.9941165937103 80.2439483781735,12.9943586375664 80.2437093930702,12.994978127943 80.2436637577555,12.995384972215 80.2436644377801,12.9959906442065 80.2438037718706,12.9969306428036 80.2441783864121,12.9980511857066 80.2441033941538,12.9989959372306 80.2440832566201,12.9995338325979 80.2440607394492,13.0000039328555 80.2431761037102,13.0005731368961 80.2431674187981,13.0008849332012 80.2429445889969,13.0016156894038 80.2430134852876,13.0025905703348 80.2430771048743,13.0034910495893 80.2430823600187,13.0035654308052 80.2430178753544,13.0036603696684 80.2429871421919,13.0036626760275 80.2421698351835,13.0037240076669 80.2421758404211,13.0037446371023 80.2428750980215,13.0061469283327 80.2428800243825,13.0061645816494 80.2428845869258,13.0061823338704 80.2428887820582,13.0062001718664 80.2428945752934,13.0062185157671 80.2429833836407,13.0066228225897 80.2440147717578,13.0066938645948 80.247293910904,13.0067282109804 80.2487934928623,13.0067343256011 80.250049960162,13.0069262813755 80.2516300967468,13.0069245107101 80.2543953905674,13.0066009934009 80.2565716069538,13.0068001299734 80.2571730721557,13.0067745038893 80.2574787050665,13.0067632225646 80.2582511978203,13.007626594712 80.2583390521568,13.0078546246716 80.258426905595,13.0080826544216 80.2589330559519,13.0103149072688 80.2592207719644,13.0119111714264 80.2592224625938,13.0123468010967 80.2592676622256,13.0123751661308 80.2597231143628,13.0118554880474 80.2601719225602,13.0117011736019 80.2608280700101,13.0116923125684 80.2618390097763,13.0118883414176 80.2628499513392,13.0120843666109 80.263774014136,13.0120762591804 80.2652154813836,13.0120636065818 80.266193544607,13.0121659397932 80.2672809911911,13.0123782592567 80.2680184316825,13.012616414956 80.2690191064,13.012854159936 80.269603194591,13.0129140556495 80.2702338604295,13.0127724985802 80.2710439521696,13.0124743185642 80.2719470402028,13.0121603005665</coordinates></LinearRing></outerBoundaryIs></Polygon></MultiGeometry>
  </Placemark>
  <Placemark id="india_acs_map__ac.16">
	<Style><LineStyle><color>ff0000ff</color></LineStyle><PolyStyle><fill>0</fill></PolyStyle></Style>
	<ExtendedData><SchemaData schemaUrl="#india_acs_map__ac">
		<SimpleData name="id">ac.2354</SimpleData>
		<SimpleData name="tessellate">-1</SimpleData>
		<SimpleData name="extrude">0</SimpleData>
		<SimpleData name="visibility">-1</SimpleData>
		<SimpleData name="OBJECTID_1">2354</SimpleData>
		<SimpleData name="OBJECTID">2354</SimpleData>
		<SimpleData name="st_code">22</SimpleData>
		<SimpleData name="st_name">TAMIL NADU</SimpleData>
		<SimpleData name="dt_code">604</SimpleData>
		<SimpleData name="dist_name">Kancheepuram</SimpleData>
		<SimpleData name="ac_no">27</SimpleData>
		<SimpleData name="ac_name">Shozhinganallur</SimpleData>
		<SimpleData name="pc_no">3</SimpleData>
		<SimpleData name="pc_name">Chennai South</SimpleData>
		<SimpleData name="pc_id">333</SimpleData>
		<SimpleData name="status"></SimpleData>
		<SimpleData name="State_LGD">33</SimpleData>
		<SimpleData name="Dist_LGD">574</SimpleData>
		<SimpleData name="SHAPE_Leng">0</SimpleData>
		<SimpleData name="Type"></SimpleData>
		<SimpleData name="Phase"></SimpleData>
		<SimpleData name="Poll_Day"></SimpleData>
		<SimpleData name="DOA"></SimpleData>
		<SimpleData name="DOIN"></SimpleData>
		<SimpleData name="LDFN"></SimpleData>
		<SimpleData name="DSN"></SimpleData>
		<SimpleData name="LDWC"></SimpleData>
		<SimpleData name="DOCV"></SimpleData>
		<SimpleData name="Shape_Le_1">59573.3936394</SimpleData>
		<SimpleData name="Shape_Ar_1">117375580.301</SimpleData>
		<SimpleData name="Shape_Length">59573.3936393737</SimpleData>
		<SimpleData name="Shape_Area">117375580.301429</SimpleData>
	</SchemaData></ExtendedData>
      <MultiGeometry><Polygon><outerBoundaryIs><LinearRing><coordinates>80.2615931849005,12.9757755608531 80.2635742234269,12.975144990196 80.2648823106177,12.9751454278855 80.267772077699,12.9750899358475 80.2678253100662,12.9750888696355 80.2678269045758,12.9750888381218 80.2671080825669,12.9727679674229 80.2667286692252,12.971000054872 80.2664078637692,12.9696300109529 80.2661561082159,12.968210233073 80.266098451646,12.9677883319953 80.2660845897429,12.9676868970476 80.2660769046556,12.9676306618771 80.2659645326001,12.9668084349845 80.2656919873362,12.9651037042737 80.2654179787166,12.9632270642702 80.2650463088526,12.9612645262745 80.2647117870206,12.959912508194 80.2643886684028,12.9588226761485 80.2641766830638,12.9580444276201 80.2641743681053,12.9580359323574 80.2641634356083,12.9579743171816 80.2641589763712,12.9579491833121 80.2638887038449,12.956426009181 80.2635756131207,12.9548658327029 80.2632026182416,12.9538936229632 80.2626310543623,12.9517954121306 80.2624740620883,12.9506737608051 80.2620642479608,12.9485753801534 80.2618929042018,12.9468069105952 80.2617194233507,12.9459295410163 80.2614963842421,12.9452060382772 80.261155029824,12.9441478161803 80.2610493493191,12.9430849240953 80.2609495932034,12.9421757653265 80.2609400611799,12.9421395145773 80.2608082882092,12.9416383640188 80.2607946616646,12.9415865442272 80.2604774880974,12.9403802858024 80.2602740187872,12.9386433359115 80.2596202330083,12.9355271071286 80.2593951484357,12.9345501668118 80.2592297236762,12.9335278345625 80.2592115983687,12.9324240117548 80.2591735798692,12.9317183184242 80.2588799798917,12.9297053254151 80.2587224306622,12.9285110867787 80.2586956851213,12.9274794743854 80.2586157925531,12.9267421448658 80.2584108571924,12.9259776658089 80.2579708542814,12.9241503237254 80.2578149283077,12.9231595689156 80.2576921672359,12.9222592901923 80.2576673719374,12.9214810256067 80.2575492614439,12.9188748114138 80.2575405900064,12.9177933001545 80.257365367322,12.916698512105 80.2568148689362,12.9132057298883 80.2567257147375,12.9124681603448 80.2564569998899,12.9106764511448 80.2563101963078,12.9090926798052 80.2560832737823,12.9071814719013 80.2560450082461,12.9068591786957 80.2560383634079,12.906803215261 80.2559035011309,12.9056672782034 80.255733282961,12.9040427102402 80.2552312343117,12.9008299850421 80.2549336368311,12.8988977369994 80.2543294084114,12.8956261908214 80.253998404382,12.8935535290851 80.2535068040378,12.890494395077 80.2528954223335,12.8868965548593 80.2524199359688,12.8835213571965 80.2522775790474,12.8825108484222 80.2522501166508,12.8823288691723 80.2522424773776,12.8822781947638 80.2521554072704,12.8817006991389 80.2516760985742,12.8778668066688 80.2516814875676,12.8768208897151 80.2516765513251,12.8767300263341 80.2516437816818,12.8761269449628 80.2516054739248,12.8754219063081 80.2515248375517,12.8745934286874 80.2512727397402,12.8731405260003 80.2510449763915,12.8718414283971 80.2508475455567,12.8697136052504 80.2504733783762,12.8668887960147 80.2503155138381,12.8656619462526 80.2499917690945,12.8627733473846 80.2496028129496,12.8598306041229 80.249499601015,12.8590745138924 80.2493501527927,12.8571725860835 80.2491221567804,12.8566973289293 80.2476743105959,12.8569091090141 80.2472799645592,12.8569691280086 80.2437417342171,12.8573879643959 80.2423261510261,12.8573859141673 80.240653473594,12.8575903781884 80.2395878659528,12.8578671280181 80.2376554945553,12.8582301033488 80.2363821272501,12.8583445750561 80.2362036023588,12.8581186364223 80.2361855839508,12.8580962153409 80.2337573622793,12.8534778494014 80.2335405934114,12.8531158262082 80.2333980173011,12.8529625065662 80.2330709685539,12.8523881988239 80.232936368585,12.852239033579 80.2328719575825,12.8522100766796 80.2326692221959,12.8521515322875 80.2306563886983,12.8522304313755 80.228293394598,12.8522283162949 80.227359438655,12.8522005688877 80.2256447371356,12.8521496282764 80.2225218958656,12.8523199557594 80.2200163014004,12.8525077169777 80.2195848747054,12.8540493179243 80.2177566944061,12.8545527651424 80.217407641426,12.8555745302302 80.2172009417741,12.8561577576741 80.2165793534116,12.856420491982 80.2158518303209,12.8566968849016 80.2155943893301,12.8572123663291 80.2154243993323,12.857659969414 80.2147811903175,12.858399578068 80.2138784211862,12.8594376451183 80.2128802267172,12.8608532261346 80.2120212567442,12.8633398229925 80.2111167224234,12.8663597776927 80.2101429522487,12.8692668092165 80.2095914746991,12.8708951416846 80.2089302598528,12.8728474867819 80.2080525195819,12.8750719639486 80.2077122117011,12.8756869490006 80.2067262585745,12.8755658244181 80.2053532716976,12.8753682136165 80.2047077737755,12.8747767271514 80.2041910089252,12.8739094226052 80.2037349540183,12.8727632442923 80.2037293341579,12.8727491186361 80.2037200168318,12.8727257031479 80.2022036040384,12.8718412173435 80.2020883924082,12.8716403511 80.2018667744344,12.8712539664095 80.2013406428505,12.870201361809 80.2008186677716,12.8686561127401 80.2003335981794,12.8671605463976 80.2002041437604,12.8666499441195 80.1995998138311,12.865696839272 80.1989994849981,12.8640793448456 80.1982702613965,12.8625433176197 80.1976285597548,12.8609981737632 80.1974102296149,12.858987048263 80.1976669977675,12.8576807484267 80.1978969718701,12.8573054201304 80.1981078145522,12.856157255843 80.1977804927171,12.8558547302956 80.1975392034352,12.8553600384221 80.1975359030248,12.8553532702483 80.1972313714486,12.854784066887 80.1964801364276,12.8543282427718 80.1953646031179,12.8534207749067 80.1946545702257,12.8526711367184 80.193239321208,12.8513933099734 80.1920595700336,12.8507570557644 80.1912214921792,12.8510379828761 80.1910515758432,12.8516211534196 80.1910987113445,12.8528414016653 80.1907692182814,12.8552958195864 80.1905349915542,12.8560869469236 80.1894535609876,12.8572900718738 80.1888828091853,12.857787706103 80.1884732070602,12.8582038515767 80.187851502815,12.8583806347672 80.1870363158306,12.8585394992161 80.1864701346565,12.8590054870652 80.1865208634189,12.8590732387481 80.1862631664083,12.8593762657445 80.1860931800037,12.8599006807869 80.1855366152947,12.8608457373423 80.1851091789162,12.861971471708 80.1844832588774,12.8626228089675 80.183774017401,12.862799652101 80.1829820096459,12.8631573464008 80.1819504122214,12.8634519549372 80.1810938084109,12.8636876649879 80.1800438611,12.8640817120476 80.1795603878141,12.8643306762491 80.1790355776521,12.8647288208846 80.1786257823892,12.864950605942 80.177866178663,12.8655206786488 80.1776408012397,12.865936662419 80.1770838295939,12.866447817878 80.1763104636776,12.867099248607 80.1760759620659,12.8676327483646 80.1761158167218,12.8705012577085 80.1754133593225,12.8707753502982 80.1746096096883,12.8710889649164 80.1735224945826,12.8715275353582 80.1726104611258,12.871884697897 80.1724124023686,12.871966033222 80.1713851330271,12.8724678751668 80.1698650362427,12.8731233449195 80.1688378630209,12.8736431817792 80.169040622662,12.8740815673518 80.169409258017,12.8748951137054 80.170247836233,12.8762192359959 80.1707545516302,12.8763276167031 80.1711415692108,12.8763276123245 80.1724498621159,12.8763274152863 80.1750110667888,12.876232196741 80.1768077359846,12.8761370552235 80.176232669574,12.877554334589 80.174306607943,12.8786548223286 80.1735006313852,12.8796763333628 80.1728833926653,12.8805396719989 80.1725932458117,12.8810639149317 80.1722985696524,12.8820267062108 80.1715525870809,12.8844312180193 80.1713453933556,12.8849735595637 80.1719765146399,12.8851588198721 80.1734507614122,12.8855834780715 80.1745610377809,12.8858635561612 80.1768321872283,12.885863240912 80.1786058900956,12.88596243932 80.1806835639903,12.8861022391284 80.1814667386112,12.8862059849058 80.182402115689,12.8873312796395 80.1830518922868,12.8882757213918 80.1833698967957,12.8888767988551 80.1834714719998,12.8901196465658 80.1833565882548,12.8919862581779 80.1830530115876,12.8946167300288 80.18286907794,12.8967455062752 80.1828416344081,12.8978301409659 80.182321089447,12.8981466192356 80.1815379606402,12.8986212934205 80.1805199062169,12.8992406338972 80.1797735957603,12.8995842719958 80.1792254150279,12.8997334948805 80.1767837356951,12.9003349257315 80.1763691083943,12.9005880736209 80.1761019611069,12.9008638521671 80.1756459843535,12.9014740585688 80.1751162604069,12.9022875745984 80.174075339368,12.9041362694009 80.1736055141862,12.9050492863413 80.1728317188752,12.9066222089746 80.1725251059024,12.9072324389777 80.1715236074298,12.9092256421821 80.1708787095823,12.9103013616087 80.170579354997,12.9108979888682 80.1700450999481,12.91235785058 80.1704092113873,12.9133069225707 80.170570462574,12.9138582945702 80.1708423808139,12.9145000597465 80.1711603637632,12.9149294015846 80.1704049551695,12.916063838698 80.1700686447917,12.9164887937943 80.169502011765,12.9170808558761 80.1693039206684,12.9174921606767 80.1685853456962,12.9187351848992 80.1684426105841,12.9194401811982 80.1683551730659,12.920312495569 80.1684243604108,12.9214243439787 80.1685119497443,12.9216593383929 80.1686456756524,12.922264892932 80.1685259688526,12.9233902749506 80.1684828910415,12.9238518422307 80.168383158282,12.9238106664239 80.1663189609131,12.9230605971476 80.1662222491879,12.9233724809251 80.1661765959069,12.9236818899807 80.1660748670908,12.9243713408015 80.1661071687118,12.9247555001122 80.1660381224025,12.9255870704359 80.1660381879795,12.9258717782954 80.1661397371325,12.9272005128272 80.1662505272548,12.9296095169385 80.1662414812199,12.930911146037 80.1670110310928,12.9313765753948 80.1693103948267,12.9329265659121 80.1693382021763,12.9339253446536 80.1695134203691,12.9350868173133 80.1695042575532,12.935593072175 80.1693937180609,12.9359184757846 80.1681820407612,12.9373512648442 80.1672053106376,12.9379298917749 80.1652111513182,12.9392285252593 80.1654696927452,12.9405780711029 80.1658013004424,12.9412098026632 80.1661363352125,12.9416655683326 80.1674697351314,12.942662549711 80.1696448447935,12.9439615962918 80.1705434223857,12.9447647062133 80.1715699757699,12.9459424771355 80.1726048547401,12.9467907352493 80.1732696421863,12.9472148851104 80.1737821472256,12.9473184995805 80.1741358543772,12.9473047826072 80.1746159428111,12.9471692455982 80.1752901239402,12.9471237654145 80.176082729075,12.9476065287056 80.1767812617348,12.947818488345 80.1780165880826,12.9480753377526 80.1794007625781,12.9485127645986 80.1800183471494,12.9483635323429 80.1803414702588,12.9482189312543 80.1806645915715,12.9480743300817 80.1815101739518,12.9480424129131 80.1823437081275,12.9481188645799 80.1834267035593,12.9478926533399 80.1838908370155,12.9478744058151 80.1846107684437,12.947738722036 80.1848077016119,12.9477205130208 80.185085783193,12.9477698898365 80.1850870237664,12.9477701095808 80.1852608603503,12.9482215795625 80.1856059840993,12.9491606162245 80.1862176649425,12.9500092590957 80.1867163682658,12.9506592578488 80.1874614381489,12.9511105369975 80.1882502874275,12.9514444377274 80.1888410797454,12.9514622997873 80.1896409549458,12.9513536627595 80.1909552396138,12.9512945541321 80.1918445438973,12.9512942310863 80.1925219499783,12.9512939474362 80.1929531269416,12.9513389900029 80.1935132615556,12.9513839310077 80.194055008554,12.9515057052091 80.1945189830083,12.9517177946018 80.1950455709363,12.9519750295699 80.1956183673042,12.9521554803176 80.1958653653798,12.9521237177528 80.1962973921493,12.9518662194244 80.1969378639975,12.9512336481648 80.1971185349641,12.9508542781552 80.1974050607088,12.9505515545926 80.1976994853398,12.9503842591893 80.1982234340174,12.9502802108872 80.1985921996281,12.9502800909482 80.1989451000925,12.9503250522798 80.1990566582744,12.9503914914154 80.1990740550482,12.9504018516817 80.1997263577086,12.9509164921589 80.2003681635549,12.9516434293892 80.2007992560766,12.9521581565987 80.2012232653823,12.9525509278939 80.2017171438541,12.9526411106158 80.202045767348,12.9528216703132 80.2022932271576,12.9531106622072 80.202331316624,12.9536841819221 80.2016755042458,12.9546103376154 80.2011361476643,12.9553195852532 80.200960873776,12.955712607194 80.2007984763389,12.9562455702815 80.2006910243562,12.9567739247682 80.2005899513103,12.9574107427315 80.2007321079074,12.9577133634104 80.2009192593204,12.9579978236067 80.2009676398867,12.9582732515797 80.200953226418,12.9584990970902 80.2007579632179,12.9588649693588 80.200344999597,12.9592127668563 80.1998103097635,12.9595289642029 80.1988716340719,12.959714331164 80.1982244302491,12.9597596155782 80.1973902708459,12.9597597311354 80.1966160991408,12.959683138595 80.1960629776743,12.9597599491183 80.1957685763995,12.9599270578849 80.1956331320142,12.9602115540712 80.1956859861906,12.9627717477433 80.1958356284489,12.9641488546517 80.1959014354334,12.9655891797573 80.1959546004268,12.9664199319179 80.19597675378,12.9671920089026 80.1959048696927,12.9681938691547 80.1958802432775,12.9685370236135 80.1958802621421,12.9685370673837 80.1958802387859,12.9685373956595 80.1959078242517,12.9686015600177 80.1959184135922,12.9686261920816 80.1959656685694,12.9687361092887 80.1963541486073,12.9688399669195 80.1966523443659,12.9690521045746 80.1968087796844,12.9695217328876 80.1968631268608,12.9699777242508 80.1967203306632,12.9702937293398 80.196342799292,12.9705374430172 80.195738587042,12.9707632108687 80.1946268607925,12.9708217292349 80.1939026372138,12.9708082000154 80.1928973918682,12.9711105076462 80.1925143322647,12.971336186563 80.1919916106857,12.9718507723849 80.1918467088371,12.9722886310454 80.1917221502365,12.9727580282734 80.191843762363,12.9734983931549 80.1923684252013,12.9749067687903 80.1928070752495,12.9757103163795 80.1930327293539,12.9764957953969 80.1932305644306,12.9773579859849 80.1932369604355,12.977782288601 80.1931319940911,12.9785089968002 80.1929700736595,12.9792360276354 80.1928656328296,12.9797049749423 80.1927007650255,12.9804316092427 80.1925888457209,12.9809597022835 80.1925294787587,12.9815193052932 80.192676188916,12.9818217530887 80.1927980633506,12.9819369052146 80.1929199395818,12.9820520564118 80.1935118188613,12.9822462818051 80.1943595095875,12.9823232945711 80.1950982193985,12.9822795986551 80.1951171639695,12.982278478202 80.1957782629332,12.982080089647 80.19628392281,12.9819009412442 80.1964147777025,12.9818545806719 80.197261226957,12.9817510681147 80.1977596410227,12.9817647674332 80.1982007362852,12.9816928298086 80.1983119746668,12.9816746880539 80.1988640334263,12.9812640914277 80.1993167457019,12.9808083422266 80.1997019720419,12.98046080689 80.200041728357,12.9802182496616 80.2001001224438,12.9801765623298 80.2004664608065,12.9799779882711 80.2011288048352,12.9797975953381 80.2019052178369,12.9799919074032 80.2023512592233,12.980131974043 80.2026462920137,12.9801320720834 80.203141644621,12.9800103363994 80.2036480752523,12.9798434485839 80.2044247846981,12.9796450143172 80.2052660955892,12.9790537503777 80.2062299241087,12.9785076539868 80.2064895318359,12.9782954613706 80.2064961326566,12.9782900866109 80.2065060716169,12.9782819938334 80.2067667177966,12.9780697686359 80.2074914282622,12.977282676029 80.2090996057585,12.9769512391209 80.2088863582865,12.9756632657307 80.2126178171446,12.9715760588759 80.2162522525621,12.9673849336683 80.2179201608383,12.9669584606866 80.2190197580349,12.966332615027 80.2195031244213,12.9660574962373 80.2212134385689,12.9650840275827 80.2224375539419,12.9658505927425 80.2224447215996,12.9658466779009 80.2240063591777,12.9674112693934 80.2258361214102,12.96914888884 80.2283267813838,12.9716036503441 80.2288070961932,12.9725568597671 80.2308086917665,12.9738610709808 80.2313410756248,12.9741508578056 80.2317911450568,12.9743958352563 80.232342011752,12.974695676956 80.2338753434155,12.9755302748779 80.2360885209843,12.9763912704259 80.237204951711,12.9767267453031 80.2372631311004,12.9767442273873 80.2390714370724,12.9772875912403 80.2407593661013,12.9782620958413 80.2419261060772,12.9788800743324 80.2428392714113,12.9794169619509 80.2436555866796,12.9798951921346 80.2435945704106,12.9804855331936 80.2435063459682,12.9818838262966 80.2435034444098,12.9819067185892 80.2433512994451,12.9839182436444 80.2468675848432,12.9824858468477 80.2476432720062,12.982195483251 80.2477044679383,12.9821725752286 80.2498701120522,12.9813618889806 80.2529799555983,12.9803278842556 80.253017168309,12.9766667200574 80.2570956697176,12.9763796156867 80.2600379927346,12.9760191728674 80.2615931849005,12.9757755608531</coordinates></LinearRing></outerBoundaryIs></Polygon></MultiGeometry>
  </Placemark>
  <Placemark id="india_acs_map__ac.17">
	<Style><LineStyle><color>ff0000ff</color></LineStyle><PolyStyle><fill>0</fill></PolyStyle></Style>
	<ExtendedData><SchemaData schemaUrl="#india_acs_map__ac">
		<SimpleData name="id">ac.2356</SimpleData>
		<SimpleData name="tessellate">-1</SimpleData>
		<SimpleData name="extrude">0</SimpleData>
		<SimpleData name="visibility">-1</SimpleData>
		<SimpleData name="OBJECTID_1">2356</SimpleData>
		<SimpleData name="OBJECTID">2356</SimpleData>
		<SimpleData name="st_code">22</SimpleData>
		<SimpleData name="st_name">TAMIL NADU</SimpleData>
		<SimpleData name="dt_code">604</SimpleData>
		<SimpleData name="dist_name">Kancheepuram</SimpleData>
		<SimpleData name="ac_no">29</SimpleData>
		<SimpleData name="ac_name">Sriperumbudur</SimpleData>
		<SimpleData name="pc_no">5</SimpleData>
		<SimpleData name="pc_name">Sriperumbudur</SimpleData>
		<SimpleData name="pc_id">335</SimpleData>
		<SimpleData name="status"></SimpleData>
		<SimpleData name="State_LGD">33</SimpleData>
		<SimpleData name="Dist_LGD">574</SimpleData>
		<SimpleData name="SHAPE_Leng">0</SimpleData>
		<SimpleData name="Type"></SimpleData>
		<SimpleData name="Phase"></SimpleData>
		<SimpleData name="Poll_Day"></SimpleData>
		<SimpleData name="DOA"></SimpleData>
		<SimpleData name="DOIN"></SimpleData>
		<SimpleData name="LDFN"></SimpleData>
		<SimpleData name="DSN"></SimpleData>
		<SimpleData name="LDWC"></SimpleData>
		<SimpleData name="DOCV"></SimpleData>
		<SimpleData name="Shape_Le_1">216446.842143</SimpleData>
		<SimpleData name="Shape_Ar_1">647699156.353</SimpleData>
		<SimpleData name="Shape_Length">216446.842143028</SimpleData>
		<SimpleData name="Shape_Area">647699156.353133</SimpleData>
	</SchemaData></ExtendedData>
      <MultiGeometry><Polygon><outerBoundaryIs><LinearRing><coordinates>79.9908379336393,13.0538060389396 79.9915984608336,13.0534034946084 79.9916537395629,13.053258869828 79.9914549720349,13.0528221928934 79.9914528178749,13.0528174585761 79.9914527001956,13.0528172012953 79.9912937774421,13.0524680595842 79.9910318296035,13.051933385803 79.9908554687537,13.0515734273682 79.9906232335915,13.0517082694187 79.9906232111336,13.0517082834204 79.9905051365726,13.0517768516854 79.9893852158911,13.0524055507473 79.9877399415667,13.0533191705641 79.9877399074308,13.0533191880661 79.9868042231292,13.0538032001108 79.9860893007069,13.0527865822491 79.9854066547528,13.05202299072 79.9845904526722,13.0513093157482 79.9845904167396,13.0513092842443 79.9845074663062,13.0512333194159 79.9835989084313,13.0504012831021 79.9831423037555,13.05006703768 79.9822755929997,13.0497781044223 79.9817039446788,13.0496878852352 79.9817039150343,13.0496878817348 79.9817014805999,13.0496877312148 79.9806159851567,13.0496204899216 79.9801037217642,13.0494761167114 79.9801019026758,13.049475603893 79.9794632651875,13.0492956106999 79.9788732400308,13.0491601853799 79.9787851611155,13.0478585973478 79.9787340451792,13.0466971330146 79.9786430638072,13.0457734553602 79.9786089601658,13.0454271303741 79.9785229294093,13.0449534433726 79.9785227506446,13.0449524588483 79.9783734003387,13.0441300366402 79.9783809794248,13.0439783510871 79.9783809893062,13.0439781428047 79.9783916864446,13.0437640222733 79.9783917250722,13.0437640257739 79.9786010711609,13.0437859190731 79.978601914679,13.0437860065868 79.9787789321973,13.0438045297324 79.9787781479681,13.0437950931324 79.9787775928092,13.0437884035866 79.9787233938548,13.0431355987836 79.9783223167417,13.0431177371932 79.9782928106779,13.0423842486855 79.9782570469498,13.041495187911 79.9782569795762,13.0410613816833 79.9782569813728,13.0410613388011 79.9782889613969,13.0403924529425 79.9782288443415,13.0400760304236 79.9777125115808,13.0397644129546 79.9773851583048,13.0396469413992 79.9772803222161,13.0396289141531 79.9771499874482,13.0396065023962 79.9764631867859,13.0396428395641 79.9752463181223,13.0397698511432 79.9751261244356,13.0397882923254 79.9748037702841,13.0398377252236 79.9745240519726,13.039402334689 79.9742286221268,13.0389424845862 79.9742087289348,13.0389115207616 79.9742087495961,13.0389114953821 79.9742825821293,13.0388360675905 79.9744345034135,13.0386808650441 79.9745773840527,13.0384051359627 79.9750242393127,13.0378942491916 79.9754805268831,13.0375371137124 79.9759090636979,13.0371301355886 79.9765725611634,13.0364339489002 79.9776876489087,13.0352628810991 79.9783281036888,13.0345847736584 79.9783281360282,13.0345847369013 79.9785608616705,13.0343058508922 79.9789317562884,13.0338613987208 79.9795260430528,13.0331289478596 79.979526063714,13.0331289259803 79.9802081257632,13.0325049712612 79.9807703624349,13.0322335919334 79.9810975953367,13.0321069423108 79.9819133275984,13.0316998502359 79.9823119316496,13.03154574069 79.9823158060834,13.0315442423816 79.9828027558494,13.0313559726841 79.9839642128331,13.03092166033 79.9844112702141,13.0306729596406 79.9851256850881,13.0304828190126 79.9865177485884,13.0304144881459 79.9865177854193,13.0304144863955 79.9873763053364,13.0303414566451 79.9874257944237,13.0303372470082 79.9876379333746,13.0304908470742 79.9884588255594,13.0314215158408 79.9890722123034,13.0322211784126 79.98936502895,13.0326182348584 79.9897086884451,13.0330842159349 79.9899384739015,13.0334017676167 79.990303731591,13.0339065085793 79.9906027555962,13.0342695908307 79.9909586878748,13.0347017067627 79.9914014333423,13.0356429378243 79.9917430177291,13.0363690310621 79.9924635725882,13.0395866959639 79.9924635815713,13.0395867318451 79.9927564584051,13.0404092094168 79.9933035854137,13.0419456421055 79.9942548384175,13.0455608179794 79.9942548474007,13.0455608521095 79.99455507964,13.0467448807888 79.9945551101827,13.0467448764132 79.9954306621575,13.046102630841 79.9968731453997,13.0452840044031 79.9981406961134,13.0450800557897 79.9981407356393,13.0450800522892 79.9986147838012,13.0450617734011 80.0061705585717,13.0424912496244 80.0112873911762,13.0424981746184 80.0113547684157,13.0424920477534 80.0114494068292,13.0424834433629 80.0132143969365,13.0423228137238 80.0133389043332,13.0422928917414 80.0134771846999,13.0422596590923 80.0143854757752,13.0418985077554 80.0164739186736,13.0414474767544 80.0185162169125,13.0410732530449 80.0185162573367,13.0410732512946 80.0198714306214,13.0411958619052 80.0221626340593,13.0408714170651 80.0225576268829,13.0407447246053 80.0237808753818,13.0403523483683 80.0246252746808,13.0393789996258 80.0249292663696,13.0390285822191 80.0250637306929,13.038811373359 80.0251922005583,13.0386038487756 80.0251972320222,13.037632148079 80.0251274616707,13.0374317331761 80.0240186001486,13.0342464723257 80.024069511269,13.0337719780114 80.0240695076758,13.03377194563 80.0243876792713,13.0332126854199 80.0244062636179,13.033180017789 80.0244802533563,13.0326376970291 80.0242409771989,13.0316432882481 80.0230920705781,13.0270398767976 80.0230767740654,13.0269785868102 80.0230400365635,13.0268683671925 80.0227855671998,13.0261051008801 80.0224046671462,13.0249625666141 80.0223730949573,13.0246475063185 80.0223358615854,13.0242755677526 80.0224558244051,13.0239005251436 80.0226433755684,13.0237283823397 80.0228201235921,13.023566185284 80.0234702891605,13.023024105156 80.0245121758882,13.0226494142377 80.0250885691105,13.0221524896145 80.0264443631312,13.0206615741056 80.0267998273874,13.0204039472523 80.0273480745952,13.020006596404 80.0278782198517,13.0198441002115 80.0278782459028,13.0198440958353 80.0286526026609,13.019821810945 80.0299800242916,13.0200121558071 80.0308193759571,13.0201417952414 80.0321509046853,13.0203474430747 80.0327975362814,13.0203505711099 80.033164959809,13.0203523574333 80.0348520354384,13.0202580673729 80.0361102167237,13.020063091907 80.0375578967198,13.0198387359789 80.0402123051967,13.0193948766253 80.0419001821233,13.0191126100235 80.0427206727611,13.019040577322 80.0430368132658,13.0190628272737 80.0431078502418,13.0190678221784 80.0435180326786,13.0192080733194 80.043757627738,13.0194702989616 80.0439603092256,13.0198545179725 80.0439831991974,13.0202929343856 80.0438401433867,13.0207719627766 80.0434296680991,13.0214452435946 80.0425714778638,13.0238177410358 80.0423268351709,13.0247758121418 80.0419988449893,13.0267869196273 80.0417931209077,13.0275309812005 80.0417726824384,13.0276048948506 80.0415050509591,13.0283821657282 80.0414979812178,13.0285267402894 80.0414864800872,13.0287618059249 80.0418088962225,13.0294579266734 80.0420116334057,13.0296975423955 80.0420116720333,13.029697553773 80.0420723262812,13.029724440381 80.04215450596,13.0297608673937 80.0422374860378,13.0297382972096 80.042518693756,13.029661552967 80.0425187216038,13.0296615407143 80.0430074176948,13.0293815149152 80.0434361745967,13.0290833767671 80.0434361961563,13.0290833601386 80.0442938509957,13.0282882042958 80.0450270056249,13.0276285819768 80.0453312937578,13.0273711076518 80.0453313117241,13.027371072644 80.0455158059205,13.0270140943956 80.0457695728017,13.0263226700944 80.0458987451497,13.0260244223643 80.0459587651871,13.0257442209129 80.0458712890413,13.0254232933839 80.0458285507934,13.0253109139503 80.0456272077955,13.0247814405791 80.0455581444181,13.0245554382877 80.0455581372316,13.0245554050299 80.0455259550865,13.0243158788544 80.0455490804169,13.0240808737642 80.0456044669441,13.0240024998837 80.0457151070478,13.0238459130866 80.0460516824285,13.02356581157 80.0465911171633,13.0231818171171 80.0473240840447,13.0228973431722 80.0473241235706,13.0228973291688 80.0474864392609,13.0228585153219 80.0477205635802,13.0228025385812 80.0485134229381,13.0226898026228 80.0494122691266,13.0226494081112 80.0503756404036,13.0226542331526 80.0510650425869,13.0226596279565 80.0515786552489,13.0226636679329 80.0520073618452,13.0226863831717 80.0521561237546,13.0227159023014 80.0524406237984,13.0227723770569 80.0527930122231,13.0229273944048 80.052975242665,13.0230075584305 80.0538093948816,13.0235049635784 80.055344059645,13.0244183741707 80.0561827276926,13.025259263889 80.0563573808451,13.0253692409167 80.0564915038086,13.0254536961411 80.0572173955587,13.0258287591535 80.0573579271035,13.02590137539 80.057357951358,13.0259013867676 80.0583995838625,13.026281323959 80.0594458211312,13.0266883803078 80.0603813823636,13.0272852273883 80.0607085002811,13.0277417541592 80.0607085254339,13.0277417917925 80.06095251056,13.0288762763707 80.0610629799838,13.0294412561011 80.0610074820655,13.030087503386 80.0610074766756,13.0300875427694 80.0608136391019,13.0309507330103 80.0607580405724,13.0319495493478 80.0608477643029,13.0323853958345 80.0609329731009,13.0327992702689 80.0610527607491,13.03301180222 80.061269301445,13.0333959582144 80.0617116848915,13.0338932260968 80.062343043331,13.0345171099282 80.0628085458197,13.0347658111312 80.0633247815623,13.0349015296374 80.0635230451354,13.0349188045832 80.0636889352223,13.0349332606111 80.0640771574437,13.0348653046699 80.0643850235663,13.0348114004172 80.0649751205882,13.0345901025648 80.0652747779058,13.0344636309322 80.0656573964364,13.0344049612913 80.0661497001616,13.034368560342 80.0668144346072,13.0343193906526 80.0671878427112,13.034337431413 80.0672846173185,13.0343420995711 80.0683954865752,13.0345321996024 80.0687273278345,13.0347447003098 80.0688200303785,13.0348494746235 80.0689393113769,13.0349842899105 80.0695383116016,13.0360058617489 80.0699945066456,13.0366748697372 80.0701658306416,13.036870938327 80.0703263101756,13.0370545943583 80.0704390703033,13.037173397388 80.0704507169609,13.0371856697596 80.0704507412155,13.0371856898883 80.070616667235,13.0372942106028 80.0708240783526,13.0373801224003 80.0708241205734,13.0373801337774 80.0710149685538,13.0374101106139 80.071054542037,13.037416326871 80.0710967466857,13.0373789208063 80.0711514046792,13.0373304991014 80.0711986048592,13.0372785636202 80.0712302381336,13.0372437733879 80.071340424588,13.0371226232118 80.0715940594169,13.0367068814105 80.0715940719933,13.0367068577811 80.0719583612989,13.0361239353955 80.0719583882484,13.0361238951379 80.0720874788497,13.035929611292 80.0723134563476,13.0354822337306 80.0727654050552,13.034632655046 80.0729176380549,13.0342665636159 80.0729645714352,13.0341419743107 80.0730282961248,13.0339728422157 80.0730698575797,13.0336565287608 80.073069861173,13.0336564876277 80.0730744309028,13.0335044018252 80.0730884805539,13.0330373328223 80.0730378524028,13.0325672575818 80.073051762815,13.0322463704027 80.0730517673066,13.0322463310197 80.0731071969528,13.0318983373856 80.0731810142147,13.0314871106158 80.0733701068871,13.0310261518278 80.0733701203618,13.0310261246972 80.073669859426,13.03047031526 80.0738029717848,13.0302383896591 80.0741263805584,13.0296749573275 80.0758834807626,13.0257794599888 80.0779543112915,13.0202885644126 80.0792133405864,13.0170708622856 80.0796421424042,13.0164201252276 80.0798357509074,13.0162213193426 80.0798357742636,13.0162213035883 80.0799706823547,13.0161452693495 80.0800201633571,13.0161173817496 80.0800461354487,13.0161230471434 80.0803105276031,13.0161807145955 80.0803113010525,13.0161823784161 80.0805457020529,13.0166866293312 80.0809555628929,13.017568361623 80.0810523267203,13.017726567185 80.0812919307628,13.0180519919775 80.081291951424,13.0180520191095 80.0813577584085,13.0181232573917 80.0814255794158,13.0181966802207 80.0816145571038,13.0183594628174 80.0817138110612,13.0184504102354 80.0818956588208,13.0186170891708 80.0820891828825,13.0189063572602 80.0820891945606,13.0189063808913 80.0821997663923,13.0191685385853 80.0823333324003,13.0197109150973 80.0823563319665,13.0199504588534 80.0823484842842,13.0201951714288 80.0823424017914,13.020384295948 80.0822914762979,13.0216181791795 80.0822914753996,13.021618209812 80.0822590372347,13.0224904451331 80.082286547242,13.0230328493814 80.0823576030827,13.0238843206827 80.0823785679648,13.0241356196759 80.0824521965804,13.0247186551838 80.0825658801762,13.0251111367223 80.0827009032516,13.025577461878 80.0828785954047,13.0261555517421 80.0829773364241,13.0264768774126 80.0832959949065,13.0269991110371 80.0833552010703,13.0270961422705 80.0835487179454,13.0275029320961 80.0836790805611,13.027822656165 80.083732987563,13.0279549065877 80.0837647870258,13.0283365743829 80.0837744052875,13.0284520812516 80.0837235893885,13.0290079556075 80.083723582202,13.0290079871143 80.0835944386001,13.0294463733228 80.0834422514146,13.0298440626026 80.0830779692955,13.0304903035851 80.0826860145741,13.031199777367 80.0826498645704,13.0312769018365 80.0825831350162,13.0314192377458 80.08250862156,13.0315781757387 80.0824508580906,13.0317013879265 80.0824508419209,13.0317014351861 80.0824152066519,13.0318483130307 80.0823400859346,13.0321578724226 80.0822893257312,13.0326188956166 80.0823490681891,13.0335137731797 80.082376263786,13.0337833640022 80.0823996397464,13.0340154166824 80.0826576278111,13.0350007815752 80.0828141808089,13.0358821283554 80.0828279501856,13.0361804219705 80.0824314239377,13.0366910689851 80.0822377786035,13.0368492159474 80.0816384424089,13.0374501710319 80.0816384109679,13.037450210414 80.081269371371,13.0379963223115 80.0811773228005,13.0381325370101 80.0811773012409,13.0381325781425 80.0809990979465,13.0386229472861 80.0808636328999,13.0389957131954 80.0808912093825,13.0395697626532 80.0810662712684,13.0401302127022 80.0810662883364,13.0401302555845 80.0812459612747,13.0405008663574 80.0813565358014,13.0406726063068 80.0813565654458,13.0406726264352 80.0815040194081,13.0408172507015 80.0815040508491,13.0408172795814 80.0816492365654,13.0409280382041 80.0817944258748,13.0410388002777 80.0819649674383,13.0411246976476 80.0821262985751,13.0411879943426 80.0821263318127,13.041188003094 80.0821745578688,13.0411957157559 80.0823244893846,13.0412197122581 80.0824625676303,13.0412012466785 80.0826287622461,13.0411790591015 80.0829099789475,13.0410706407328 80.0832234855917,13.0409079859612 80.0836107322427,13.0407092023618 80.0841409008554,13.0404607224192 80.0844351835526,13.0403742209659 80.0846019324289,13.0403252362512 80.084919974667,13.0403207546127 80.0849200150912,13.0403207546127 80.0851320094135,13.0403298264081 80.0854546653989,13.0403570024105 80.0854546986366,13.040357005036 80.0858972249152,13.040406799257 80.0860918808541,13.0404530079841 80.0861830481773,13.0404746722875 80.0865332950184,13.0406012318631 80.0865333381375,13.0406012476157 80.0868651865833,13.0407550180912 80.0870430269584,13.0408421818977 80.0872063029478,13.0409222587335 80.0873706614071,13.0409968956315 80.0874552045535,13.0410353005666 80.0875479349453,13.0410520526216 80.087630385017,13.0410669476148 80.0879253890614,13.041098636666 80.0882250131413,13.041125812584 80.0882446188723,13.0411264146846 80.0883725362738,13.0411303545929 80.0885891991406,13.0411077915717 80.0887493229417,13.0410485144043 80.0887966515807,13.0410309930951 80.0888155036253,13.0410221759931 80.0889995154264,13.0409361359386 80.0892154829971,13.0408603385771 80.0893729091574,13.0408051071568 80.0898523552959,13.040628924173 80.0898523831437,13.0406289119209 80.0903687123111,13.0403804564018 80.0913644831254,13.0397297876002 80.0915698101516,13.039591410406 80.0920283686631,13.0392824177849 80.0924939879328,13.0389751540819 80.0930011093685,13.0387040548975 80.093369982777,13.0385057937453 80.0935727549945,13.0383968167309 80.0941213588335,13.0380172788278 80.0946561789227,13.0376512431639 80.0951217937008,13.0373214035667 80.0954629648625,13.0370276551617 80.0955741448537,13.0368811855904 80.0956104808086,13.0368333177653 80.0956596500957,13.0367910518403 80.0962098089184,13.0363181630783 80.0962098403594,13.0363181403241 80.096615491694,13.0360696402186 80.0969566296181,13.035861786024 80.0978821575671,13.0354849187405 80.0983335376411,13.0340074351191 80.0973241142311,13.0333790979947 80.096084042982,13.034237660233 80.0964852512491,13.0327372229296 80.0932815202811,13.0335096493637 80.0918434881911,13.0324066827677 80.0917929247187,13.0313626625661 80.0922725262658,13.0297899305833 80.0938261580581,13.027964249271 80.0956747283177,13.0264820795897 80.0964861899886,13.024746676597 80.0993720458051,13.0212082140307 80.096827858817,13.0198068586594 80.0969892941584,13.0188622940641 80.0970954040581,13.0180261920107 80.0979529951171,13.0156218960443 80.0981541647402,13.0151351389736 80.100293233993,13.0137166942749 80.1028924778266,13.0138148238882 80.1057150572128,13.014054409228 80.104776215333,13.0112648697287 80.1039077681337,13.0085170173123 80.1021228713597,13.0068692052021 80.1013570881228,13.0050207878495 80.1045169283043,13.0053683527092 80.1071673671259,13.0059660817636 80.1090536441696,13.0068641706647 80.1111424643604,13.0061130116242 80.1107836880157,13.0035647393349 80.1103459416727,13.00138635741 80.1099371147937,13.0004258720198 80.1097298581863,12.9999015709937 80.1095362910055,12.9992914209125 80.1094764883604,12.998866614102 80.1095779440886,12.9981389842471 80.1096194480513,12.9976146810159 80.1098177062345,12.9970452566169 80.110200281646,12.9963808919259 80.1102050031912,12.9959334928675 80.1100897933577,12.9957345576481 80.1099146856577,12.9955718862466 80.1137541597422,12.9923679219673 80.1175843802809,12.9884815442476 80.1195386490118,12.9865383036986 80.1204696683622,12.9854356069825 80.120119461047,12.9845858681982 80.1202762476068,12.9838582183847 80.1208246960372,12.9831396595862 80.1208201074427,12.9828549033827 80.1207371875521,12.9823170532983 80.1202764146934,12.9817204840552 80.1197602292565,12.9813136471647 80.1194376478312,12.9805769829423 80.1193639913678,12.9798537866154 80.1192689765602,12.9791104188972 80.1192648784459,12.9790783603977 80.1191889591262,12.9784843849732 80.1193274056812,12.9769432443416 80.1194472544148,12.9759986137853 80.1195625244355,12.9752032028993 80.1195349183085,12.9746699372611 80.1194150884395,12.9741410937879 80.1192447166576,12.9731377675806 80.1186088046579,12.9724913763433 80.1180907992341,12.9716535126427 80.1180672256444,12.9716153823416 80.1179130352158,12.971365982296 80.1176734626144,12.9703897007548 80.1174062425634,12.9695761441751 80.1173105809688,12.9689932688971 80.1172957183425,12.9689027086729 80.1166598557501,12.9672982299007 80.1159318421792,12.9667513233314 80.1155492200553,12.9674517674371 80.1151667012376,12.9675060321092 80.1145676902331,12.9675511417754 80.1136875505622,12.96701321657 80.1130700755853,12.9666063626218 80.1124893991958,12.966262857087 80.1123240013857,12.9661355461261 80.1118903513603,12.9658017526375 80.1110977821582,12.9656479926037 80.1105309649769,12.9655395070834 80.1100978467542,12.9651145760454 80.1097338449095,12.9647665504314 80.1094435345625,12.9642151193928 80.1092177924232,12.9637089104243 80.1089183596845,12.9631710662065 80.1088723497722,12.9627733681506 80.1087663252125,12.9624795621353 80.1085636464198,12.962181210568 80.1080382855905,12.9621811492883 80.107522175612,12.9622037142347 80.107267702655,12.9619361948275 80.1071351562348,12.9617968524242 80.106821773558,12.9615889368958 80.1064670477169,12.9605584296103 80.1063012986656,12.959659065048 80.1061216787279,12.9588454523795 80.1059559171001,12.9579234576429 80.1057071816827,12.9571370594368 80.1056565436502,12.9563460819197 80.1053156976785,12.9555732437988 80.1048871734402,12.9549359107494 80.1048565256177,12.9548447816209 80.1045831592936,12.9540319533878 80.1041869402695,12.9535030581813 80.10416667787,12.9534760101152 80.10416667787,12.9533591823264 80.1037620362418,12.9526312599593 80.1036561625991,12.9518809718169 80.1034811438323,12.9509905853191 80.103439800668,12.9504979200625 80.1035365887499,12.9500595695815 80.1035320405796,12.9496482711912 80.1035365941398,12.9493782782273 80.1031612223186,12.9496484532887 80.1019823200521,12.9501263405899 80.1009130661492,12.9503858814282 80.1009677151595,12.9500600020623 80.1009444829296,12.9496487071746 80.100907102234,12.9485413654166 80.1008837226804,12.9478136837371 80.1004088292038,12.9472850747436 80.0999661906357,12.9467474130521 80.0998366697414,12.9456807911143 80.0986615377042,12.945590911417 80.0985213825536,12.9456325301254 80.0968323252406,12.946134083255 80.0948693796823,12.9464829429746 80.0934993042453,12.946713661585 80.0934143218228,12.9467279721656 80.0933626013203,12.9467366823063 80.093105323823,12.9467645111557 80.0930673682056,12.9467686171517 80.0930615767669,12.9467692431191 80.092561896975,12.9468232916776 80.0917267584082,12.9469136261793 80.09117371779,12.9467918155901 80.0903805215638,12.9453955087826 80.0900894503438,12.9447756690478 80.0900832286121,12.944762421195 80.0899285207539,12.9444329677415 80.08989545287,12.9443829380267 80.0894028607856,12.9436376880084 80.0891399203087,12.9429643399508 80.0886926473321,12.9422729837762 80.0886635158657,12.9422117219043 80.0885701207206,12.9420153106767 80.0881253630268,12.9410799767215 80.0875026418887,12.9395254036987 80.0869303800184,12.9373741980033 80.0869159836177,12.9357154371848 80.086952545948,12.9351911276082 80.0865098058704,12.9342511785693 80.0860579586723,12.9335779023515 80.0855784415669,12.9328413595628 80.0852832632494,12.932149942933 80.0850433304236,12.9313274326026 80.0847343252372,12.9306224619898 80.0846143103152,12.9300846531812 80.0845541366659,12.9293886288268 80.0845075940527,12.9281954235681 80.0843644511055,12.9274225962456 80.0841659045631,12.9263650429226 80.0839999264413,12.9261074768451 80.0837187304011,12.9257957173103 80.0828938550864,12.9255790731326 80.082414574238,12.925389417718 80.0819628779569,12.9250325197946 80.0809441560854,12.9239436235947 80.0801651074266,12.923189961413 80.0798839994213,12.9229180135716 80.0794322806824,12.9224752367992 80.0790773751783,12.9221680169126 80.0785750130169,12.9218292105918 80.0782639201458,12.9216259293806 80.077952828173,12.9214226480038 80.0776408037489,12.921168733203 80.0774642713209,12.9210250768501 80.0764872133122,12.9203700442652 80.0755886204487,12.9198189379264 80.0745930553486,12.9191819828169 80.0734823100593,12.9182829155658 80.0721413544105,12.9178630121175 80.0713903179172,12.9178768103872 80.0711968118219,12.9179175493824 80.0705885643396,12.9177866667561 80.0702935782616,12.9174839345874 80.0702519206869,12.9168963809657 80.07011357115,12.9165212841296 80.0693391703744,12.9154955411844 80.0687493132027,12.9152109773512 80.0682838601214,12.9149263764191 80.0676294140807,12.9143661238899 80.0676015654086,12.9137152889583 80.0677672138487,12.9130011203834 80.0675549078111,12.9118441296355 80.0667389141396,12.9103167022395 80.0654990243502,12.908708041091 80.0650656294464,12.9077093059737 80.0641806586358,12.9065253916863 80.0636228443703,12.9054272566791 80.0632909869414,12.9049844173911 80.0629913799295,12.904537048576 80.0626226502514,12.9040399826567 80.0620511672205,12.9034254586497 80.0617745777411,12.902892207627 80.0617330207778,12.9027535844159 80.061294967211,12.9012923592979 80.0612350630562,12.9012562181978 80.0609355153332,12.9009851168743 80.0608203216694,12.9009399513884 80.0605945364109,12.9008315384275 80.0601520343867,12.9000904254321 80.06008260809,12.8989424378858 80.0602022861437,12.8985446716077 80.0600823367988,12.8979616618812 80.0599499942962,12.8972084432435 80.0598885306662,12.8968589061044 80.0593633333303,12.8969313603223 80.0591191218287,12.8968093922513 80.0588564445581,12.8965608771314 80.0584554950058,12.8960864135736 80.0584876169637,12.8956118361564 80.0585013701707,12.8953587313935 80.0586670096276,12.8945541806288 80.0587130824219,12.8945541692452 80.058330545638,12.8940164246721 80.0579986774293,12.8934244305719 80.0575331938053,12.89279631289 80.0570813241494,12.8913682062522 80.0570582275651,12.8911377070989 80.0569797561318,12.8905592073624 80.0569611601071,12.8899174184096 80.0566845131356,12.8890497074202 80.0562329327372,12.8886882469797 80.0558228068942,12.8882815770899 80.0556753439487,12.8881279453118 80.0554679346277,12.8877528631253 80.0551313385857,12.8866275466424 80.0549423222702,12.8861033100991 80.0548132963476,12.885981309606 80.0546796557794,12.8858231543408 80.0543801385991,12.8855565653875 80.0540575356142,12.8850820783468 80.0537901754261,12.8844358285657 80.0533155235963,12.8838664626532 80.0526842891242,12.8834914791686 80.0524584769163,12.8831796743824 80.0522741749593,12.8830667263495 80.0521035875819,12.8825108466708 80.051946837853,12.8820272789224 80.0521816673497,12.8815300623398 80.0527298130479,12.8812497149408 80.0531443675852,12.8810010372581 80.0531536103512,12.8809978452976 80.0533355712985,12.8809350078901 80.0538123000332,12.8807703761896 80.0538535398913,12.8798754732657 80.0538811262553,12.8796585230916 80.0541435978117,12.879188416594 80.0545257662864,12.8784109436346 80.0546546862078,12.8781352139168 80.0547467275918,12.8777690999104 80.0548986794187,12.8774798054344 80.0552301891996,12.8767882173285 80.055884201354,12.8762276193211 80.056552085293,12.8758749212971 80.0572199368927,12.8754092292573 80.057671269356,12.8749390710025 80.0581916642984,12.8743333047046 80.0585508341052,12.8737682568538 80.0590803451511,12.8728280331412 80.0592874131123,12.8719782865884 80.0595774395917,12.8712821872385 80.0597476945925,12.8705906372066 80.0599732570688,12.8700075448971 80.0601065733452,12.8690131900422 80.0602123472749,12.8683758945662 80.0602767097684,12.8679058360953 80.0602028475908,12.8673409016212 80.0602026787076,12.8667307530595 80.0602532772142,12.8664686014175 80.0602946715825,12.8662380898691 80.0609162267074,12.8650808996566 80.0612984077585,12.8645203639279 80.0613442353127,12.8636797016129 80.0609295127904,12.8631781380948 80.0607590412956,12.8630606725763 80.0604364877181,12.8626946714294 80.0597176890654,12.8619898025705 80.0594826457696,12.8615650220808 80.0592568434432,12.8612396697592 80.0589896162057,12.8610408767529 80.0586256125644,12.8606794030715 80.0584781361442,12.8604127847529 80.0580173605906,12.8599021880095 80.057662525155,12.8593554063 80.0568607212718,12.8582257086403 80.0560542497423,12.85682935487 80.055657796258,12.8556182001479 80.0555702347723,12.8554555162445 80.0550770947156,12.8543980529764 80.0549480454368,12.8541043113676 80.054528671438,12.8532908867678 80.0542332658467,12.8526539481052 80.0542273037282,12.8526410921148 80.0536714540782,12.8514425805636 80.0534640070279,12.8507646919945 80.0533672261325,12.8505568146166 80.0532565545878,12.8500551679503 80.0531735691201,12.8497478557103 80.0527540379161,12.8482248562564 80.052675421854,12.8469413157597 80.052605926387,12.8452736106747 80.0523292300082,12.8438952070278 80.0521999831,12.8427382291401 80.0519234753674,12.8421236319287 80.0516975463785,12.841138419969 80.0514440418053,12.8403972706657 80.0512228361581,12.8398911307359 80.0510523440021,12.8395883596292 80.0507922646593,12.8392444326085 80.0506422882277,12.8390461056653 80.0497487016752,12.838892639928 80.0490808204311,12.838802395185 80.0484866558376,12.8388070433559 80.048155032869,12.8388251919792 80.0478280065797,12.8388071826171 80.0474042712602,12.8388524687769 80.0469160827174,12.8390378717454 80.0465246642902,12.8394401940177 80.0461792908095,12.8397792317582 80.0458522851815,12.839865168706 80.0455529216131,12.8399736991168 80.0452673462859,12.8399466396522 80.0447468660036,12.8399105869291 80.0446983417069,12.839908011922 80.0426390203934,12.8397987457663 80.0423147950511,12.839781541383 80.0421665631478,12.8397736735938 80.0401638940877,12.8396673940404 80.0401046924155,12.8391677015638 80.0402944758923,12.8345365678127 80.0402645404338,12.8345320159087 80.0402734373484,12.8342755553589 80.0396746608041,12.8341807509175 80.0380349497464,12.8339866916147 80.0373624826028,12.8338918940713 80.0365103874367,12.83378356599 80.0361096579716,12.8336570827358 80.035731965802,12.8335712724197 80.0338781601608,12.8316344176011 80.0336083385888,12.8313525062069 80.0328252645792,12.8307470043793 80.0319086685791,12.8304081716811 80.0317979628984,12.8292602269736 80.0307937209709,12.8278999900586 80.030489623281,12.8270322827476 80.030282276842,12.826386018411 80.0299966494126,12.8258301568792 80.0299597376376,12.8253556121294 80.0300379144235,12.8244878548777 80.0302634688149,12.8236155582991 80.0303380990521,12.8229494948391 80.0303738645768,12.8226302913612 80.0295863277369,12.8227659807428 80.0279927739151,12.8226260790961 80.0270302012403,12.8225855216974 80.0261413227583,12.8225856250552 80.0248517624218,12.8226219272689 80.0239812823351,12.8224141247255 80.023585199855,12.8223960879111 80.0230002780274,12.8222741212772 80.0228895040748,12.8222572406595 80.0227885549964,12.8222418561022 80.0223186408814,12.8221702422192 80.0220330826223,12.8220482430671 80.0217111057632,12.821832123231 80.0212408736445,12.8215421354148 80.0202367673627,12.8205524536077 80.0196886638853,12.8200643965737 80.0191175177226,12.819386522392 80.0186661178856,12.8186995954362 80.0183437044453,12.8183696976244 80.0181226272573,12.8182115339349 80.0173212132429,12.8174839579603 80.0159810076873,12.8173439517706 80.0147881824322,12.8172581621701 80.0133892531083,12.8173830515882 80.0132683847868,12.8173938430597 80.0126466374224,12.8172537737529 80.0121262029542,12.8169961910441 80.0119016340146,12.8168192149531 80.0115412847198,12.8165352337753 80.0110254577107,12.8162324529579 80.0101319762611,12.815730832428 80.0088654469319,12.8149444938913 80.0086445826446,12.814679922319 80.0086330653443,12.8146661236271 80.008510812719,12.8145196750762 80.0085204812864,12.8144682433129 80.0088193085606,12.8128745708445 80.0092244730082,12.8103029714218 80.0092705035817,12.8097877486041 80.009371805698,12.8094261863511 80.0088145618626,12.8093990911916 80.0068112478121,12.8092364597321 80.0066454951675,12.8105199963773 80.0063922439192,12.8119120024252 80.0061021347948,12.8129560119875 80.0040251058904,12.8129379797513 80.0030810016797,12.8129199168557 80.0024823005939,12.8128476127035 80.0017914934455,12.8127301131562 80.0009763396988,12.8125357797866 80.0003730347473,12.8122194178269 80.0000017520572,12.8121654392095 80.0000000003424,12.8121651843082 79.9999999886643,12.8121653060652 79.999716492937,12.8121412305977 79.9990062534324,12.8123816663235 79.9985355838342,12.8123939558812 79.9983657375668,12.8123119705923 79.9981549963944,12.8122602668342 79.9981319698787,12.812237217988 79.9975632132347,12.8116694736043 79.9966160781081,12.8114721419099 79.9965045953848,12.8114390248017 79.9964091655555,12.8114106772473 79.995632289023,12.811179895346 79.9953244696128,12.8110524398134 79.9943033770872,12.8109180965931 79.9939776946776,12.8106505364152 79.993803528412,12.8104151568038 79.9937640160143,12.8103489004063 79.9934878936589,12.8098857367013 79.9929780009204,12.8096311842813 79.9920715837308,12.8096146129054 79.9904051891158,12.8097986717946 79.9889505453796,12.809956424687 79.9878583206566,12.8104359773863 79.9867378007987,12.8111367029897 79.9857138022232,12.811828663636 79.9849023989428,12.8122866153776 79.9843065311435,12.8126222813891 79.9839940890028,12.812798247834 79.9832658580397,12.8131661716224 79.9828562532196,12.8131828627693 79.9816585438243,12.8135626760659 79.9806724020515,12.8139477435726 79.9795484659006,12.814291668379 79.978540462727,12.8145647317308 79.978393029426,12.8146046711311 79.9783463287093,12.8146172312461 79.9779664671083,12.8146859811997 79.9775866037106,12.8147547302586 79.9768830952823,12.8146123864177 79.9763910619501,12.814524927219 79.9754803058976,12.8144180799024 79.97481393023,12.8141810053589 79.9741157003023,12.8138265077634 79.9734722604205,12.81360750865 79.9726949715614,12.8135100668377 79.9717947832899,12.8135901413022 79.9712550071952,12.8136381561865 79.9712266626531,12.8136406771538 79.9711983001446,12.8136429616162 79.9711937052619,12.8136433321405 79.9699885335616,12.8137403963695 79.9689298303717,12.8138406761494 79.9677833303375,12.8140446158527 79.9669630552954,12.8143896047958 79.9668838984474,12.8143912655811 79.9668172955557,12.8144509084343 79.9665034736027,12.8147319339115 79.9662554819905,12.8149754548515 79.9656332818752,12.8155864376934 79.9653019068416,12.8159662061968 79.9647632500478,12.8165494081405 79.9644732253651,12.8169471686014 79.964289130919,12.8173133984097 79.9640727941407,12.8176976114059 79.9638886161512,12.8180049987243 79.9634052623413,12.8188684162109 79.962535307769,12.8203149652728 79.9618126553437,12.8216032647566 79.9613200219368,12.822249741958 79.9611266173511,12.8225933716301 79.9609978034309,12.8228328838005 79.9608873196341,12.8230589303575 79.9607814280251,12.8233663304003 79.9607079305635,12.8238273066955 79.9605141217359,12.8241034280114 79.9601328228304,12.8241021728355 79.9595217151123,12.8239859818911 79.959479953333,12.8239780417833 79.9594131195742,12.8239769083581 79.958817297589,12.8239668030049 79.9583331936857,12.8242496353693 79.9578529193006,12.8247267161994 79.9575947955902,12.8248477023829 79.9570212311627,12.825169720832 79.9569436292986,12.8252132891719 79.9568433476685,12.8252695913926 79.9568669886318,12.824945385061 79.9568692766408,12.8249140013888 79.9569157617618,12.8242764863049 79.9569225943479,12.8223394250469 79.9569913621795,12.8197476831904 79.9569768427096,12.8186459168985 79.9567937804277,12.8183787792428 79.9562164879919,12.8176634115906 79.9560108950644,12.8172292292724 79.9561953147006,12.8171440273832 79.9569735863167,12.816947941174 79.9572822672113,12.8168361879084 79.9573310574093,12.8160414893876 79.9569147754117,12.8153176587877 79.9567749265866,12.8145360323999 79.9576769528111,12.8144893806512 79.9581378092131,12.8142922359893 79.9581545466235,12.8134704145737 79.958178726576,12.8117861914223 79.9583478398181,12.8108023314109 79.9584909100018,12.8106537564241 79.9587211338361,12.810624046672 79.9595820315937,12.8105129466913 79.9611885912243,12.8103197056802 79.9622342409947,12.8100025254222 79.9635329273162,12.8094878678595 79.9635335803914,12.8094876085757 79.9637318098285,12.8093889361998 79.9635948032729,12.8091084347185 79.9633296197028,12.8086199271652 79.9626983259419,12.8075520532343 79.9621964740236,12.8063130935873 79.9618186866325,12.8051151917533 79.9617932867679,12.8044738747526 79.9617725850921,12.8038235212806 79.961586384995,12.8031139349474 79.9612076274234,12.802236553728 79.9607241280864,12.8009840383208 79.9606632465646,12.7999677840233 79.9605141828213,12.7991951143773 79.9602150339503,12.7981772857109 79.9600093206485,12.7974773641695 79.9596237448639,12.7972006153651 79.959574350998,12.7968526998241 79.9592763744284,12.7965220042834 79.9586438697386,12.7958155002194 79.9584072211534,12.7950740878614 79.9581251106283,12.7941609303845 79.9577274848425,12.7933783606315 79.9574266660033,12.7925464572855 79.9571254546003,12.7918544761349 79.9565570572824,12.7912112516049 79.9559971885698,12.7907713129293 79.9555006133554,12.7906792910119 79.9534710217862,12.7907809299163 79.9519418502208,12.7908403882578 79.9515473478773,12.7908557283027 79.9494541600775,12.7907629819446 79.9486899066715,12.7908551860442 79.9475806516873,12.7909463126019 79.9470792767744,12.7909130246015 79.9466932365608,12.7907627077492 79.9460766410346,12.7907515340673 79.9451012260446,12.7907618737747 79.9435363590231,12.7908604632087 79.9415396862175,12.7907860161092 79.9402611392264,12.7905920687979 79.9402109817925,12.7904609927614 79.9402444197824,12.7901042375859 79.9403440303709,12.7892421389961 79.9406064138924,12.7879061782143 79.9408951279331,12.7869272578727 79.9407602728427,12.7860099622903 79.9404771544078,12.7853904566058 79.9403052599816,12.7845408535968 79.9392114569186,12.7841532479608 79.9393428993093,12.7834130041603 79.9376409224259,12.7845770106093 79.9372911382172,12.7845939060147 79.9367202965834,12.7847049254276 79.9359705770203,12.7845985070033 79.9351520788458,12.7844377430515 79.9349897892066,12.7848029556828 79.934724778113,12.7855878095833 79.9344383547762,12.7859075207639 79.9341105873768,12.7861999210104 79.9336173260475,12.7864782631287 79.9331149629878,12.7867023676976 79.932621395333,12.7870710049837 79.9323761184296,12.7874450486206 79.9323283370396,12.7879777843112 79.9321409888955,12.7889344879636 79.9320281452245,12.7896025151366 79.9318038601525,12.7905680666087 79.9318252697007,12.7910198345741 79.931659172103,12.7911592544326 79.9312901360994,12.7914425108177 79.929733589274,12.7931172021585 79.929496582261,12.793793777784 79.9295874755981,12.794105738128 79.9295949549712,12.7946114646272 79.9295240491492,12.7951486230486 79.9291729255524,12.795544866749 79.9286237611647,12.7960171558675 79.9279542476817,12.7966741608153 79.9273251718613,12.7975842642192 79.9269994130949,12.7979850794343 79.9269745477278,12.7980156736825 79.9266736534302,12.7983858931365 79.9263468642961,12.7984254671818 79.9262789956781,12.7967678940077 79.9258322518092,12.7955787743514 79.9251817610507,12.7947365877729 79.9248168078901,12.795155328017 79.9239768822011,12.7958660440144 79.9230828096601,12.7962784567554 79.9221840353369,12.7966908635662 79.9208891767369,12.7972329257947 79.9197506968616,12.7977844380146 79.9186727535549,12.7982304141019 79.9185833675909,12.7982673943427 79.9170871677896,12.7988864006342 79.9155078756212,12.7991836449828 79.9133943284039,12.7996325286442 79.9122799871586,12.7998546356564 79.9117042748593,12.8000377214374 79.9116735075608,12.7995951640426 79.9111032426454,12.7995210015904 79.9109463393046,12.7996513712496 79.9106831958084,12.7998944127014 79.9102738101773,12.7998749078642 79.9094552643921,12.7997367367316 79.9093416266103,12.7995190472495 79.90893634628,12.7996169342191 79.9081166686175,12.8002949710839 79.9075456922364,12.801140207688 79.9071957238731,12.8015198945952 79.9064174935795,12.8023109142298 79.9058142461202,12.8029030486251 79.9048932861043,12.8041686415974 79.9047276071216,12.8054296468792 79.9046678251377,12.8063923434236 79.9040921748222,12.8067494469716 79.9040822196922,12.8069451898554 79.9040774415532,12.8070391461054 79.9040737863083,12.8071110235765 79.9040416436891,12.8081912294331 79.9037331855768,12.8094341645839 79.9036089593528,12.8108126764278 79.903558545899,12.8136284375857 79.9036231069201,12.8145685236791 79.9038074448097,12.8158340160212 79.9037062055755,12.8167967157343 79.9037431281303,12.8176644889847 79.9037283104197,12.8176966286124 79.9034576309566,12.8182837086618 79.903038593826,12.8191967174342 79.9024030312709,12.819481507592 79.9016661728878,12.8201414382657 79.9020945794468,12.8210453386338 79.9024178678462,12.8215452825834 79.9024781519883,12.8216385072531 79.9027901341915,12.8221209641409 79.9027487173653,12.8225367771316 79.9023203799766,12.8224961347549 79.901928946278,12.8231741161841 79.9017829619596,12.8237391385834 79.9017677948043,12.8237978437519 79.9017719028001,12.8237976291542 79.90359167397,12.8237027813485 79.9059775104315,12.8241635739628 79.9059959860819,12.8247104523837 79.9059961037612,12.8259172048567 79.9063048134018,12.8271239261422 79.9068991028612,12.8284797693962 79.907134094953,12.8293927192879 79.9079955730223,12.8310875086827 79.9094029761543,12.8309503645656 79.909713557884,12.8309201001462 79.9097164486626,12.8309503260267 79.9097550591519,12.8313539838207 79.9094191943385,12.8346398163933 79.9094193578318,12.8361132269416 79.9097466347511,12.8383368673442 79.9097467236843,12.8391278089786 79.9089867534455,12.8393945497392 79.9090098437416,12.8399414265775 79.9090697999986,12.8406374490477 79.9087612107322,12.8408092277355 79.9077893252229,12.8407957694303 79.9053711494113,12.8409858287305 79.903934079417,12.8413068525757 79.9042013183325,12.8422469193459 79.9046758821275,12.8436976904026 79.9048602020507,12.8444931336097 79.9048372393155,12.8452253206847 79.9049616910166,12.846133762305 79.9050446504331,12.8466399562253 79.9050447285865,12.8474715740112 79.9049204897861,12.848845562289 79.9050742607015,12.8492949879805 79.9050977390698,12.8493636075936 79.9051462579766,12.8495054124094 79.9053305608318,12.8500703528713 79.9051647902209,12.8506534039233 79.9045291944281,12.8513901658058 79.9048148218575,12.8518059487876 79.9053676585581,12.852673673059 79.905431304196,12.8529293992992 79.9054599460805,12.8530444847366 79.905653361446,12.8538216395808 79.9062293315618,12.8556520479853 79.9069251045971,12.8577445821802 79.9074780239427,12.8592134161258 79.9083810877214,12.861116100031 79.9084226437865,12.8620245445914 79.9083812862491,12.8629646389042 79.9086900246358,12.8639092153838 79.9095469877725,12.8652830988122 79.9097129039105,12.8660017061266 79.9095861372509,12.8659748596495 79.9087316876004,12.8657939070495 79.9078472414059,12.86587083226 79.9077044532932,12.8660199946581 79.9076538431084,12.8666120754016 79.9061752314221,12.8675342292946 79.9032271484075,12.8689491445963 79.9018452259885,12.8696543240579 79.9016754201453,12.8697170049071 79.9015782233299,12.869752884331 79.9003389066656,12.8702103557312 79.9005416609168,12.8710419558518 79.8992610298343,12.8712183140179 79.8977040185799,12.871729137315 79.8968425764432,12.8717291898595 79.8958567706403,12.8720320640772 79.8951013108426,12.872597062421 79.8941983476752,12.8714852737763 79.8937054447737,12.871652523914 79.892765702782,12.871973462132 79.8911764267375,12.8724345322723 79.8892094001329,12.8729995559812 79.887735282718,12.8737001439585 79.8865882338131,12.8743781176907 79.8853352178408,12.8747351929742 79.8849482586507,12.8750018582453 79.8846211892423,12.8754899845822 79.8834695131154,12.8757747345773 79.8821704189588,12.8763080617483 79.8800835660785,12.8769679307272 79.8800440824268,12.8769735502444 79.8799392517281,12.8769884699437 79.8774162559975,12.8773475574207 79.8742191599862,12.8777768579193 79.8734728656993,12.8777316400821 79.8727127409503,12.8780208747184 79.8725883422497,12.8784909142246 79.8726205351746,12.8800818323847 79.8717083427159,12.8813156654121 79.8711232807512,12.8812116908008 79.8694786675869,12.8807280207138 79.8675300169197,12.8801629697659 79.8657748579749,12.8796205135972 79.8647060945522,12.8794261041033 79.8640934390368,12.8787345581486 79.8633748272337,12.8780972392201 79.8630417454011,12.8780596218114 79.8629195017589,12.8780458160913 79.8618131474348,12.8779208622491 79.8604219238593,12.877703812302 79.8594361117682,12.877315041857 79.857312390232,12.8774142883115 79.8558750776925,12.877463870803 79.8523370746241,12.8776171728443 79.8522943399695,12.8776482863393 79.8514432868491,12.8782679020015 79.850881168755,12.8790406982046 79.8499642349883,12.8805230352419 79.8488860060174,12.882362401654 79.8474485686121,12.8831305606468 79.8458130122625,12.8840071568443 79.8429058079832,12.8857648910109 79.840846339346,12.8869035332227 79.8408346100434,12.8869460838085 79.840431472195,12.8884085118143 79.8399798208297,12.8894524792875 79.8392242164032,12.8898229703728 79.8375977384278,12.891061088249 79.83596666018,12.8921726437883 79.8346256946497,12.8932069106921 79.8345412655894,12.8932720278828 79.8342618167725,12.8934875599449 79.8334232223868,12.8940794820913 79.8330223294283,12.894495216174 79.8325016479233,12.894919966244 79.8322343721769,12.8952588895962 79.8318334423874,12.8958418487022 79.8312989394035,12.8962485150664 79.8298200815788,12.896148796216 79.8286821137432,12.8962254038763 79.8269729162016,12.8960623487785 79.8265394862635,12.8977345269211 79.8264921504379,12.8977283579612 79.8252941616666,12.8975722442556 79.8252541363308,12.8975670280003 79.8252135118187,12.8975620192743 79.8240424976587,12.8974176181852 79.8224529898489,12.8976432481886 79.8204395760397,12.8980631146712 79.8197346671379,12.89813526469 79.8187073160498,12.8979768342685 79.8175509318525,12.8979584771421 79.8164498245879,12.8979717651308 79.8156851390922,12.8975964463828 79.8152890063064,12.8972935303969 79.8146026934294,12.896737439748 79.8134556364397,12.8963213381121 79.8120367681097,12.8958916009255 79.811991281017,12.8958913828869 79.8110370312334,12.8958868145829 79.8111612727287,12.8964246856097 79.8117970499812,12.8964338948774 79.8117739021929,12.8968406557257 79.811207217064,12.8968811818623 79.8113175733,12.8976540703607 79.811750558572,12.8979570016718 79.8115844960086,12.8987026979961 79.8106262900444,12.8984222235922 79.8105794599704,12.8983996423702 79.807817554595,12.8970678457876 79.8064540269781,12.8964528274212 79.8054129496324,12.8960231894096 79.8043626618601,12.8955935462821 79.8034044972185,12.895236238036 79.8028148933716,12.8948971062459 79.8019581107964,12.8944629874267 79.7989593358503,12.8931378897616 79.7973240894195,12.8923600380313 79.7958500061405,12.8918714795857 79.794214609691,12.8916224043866 79.7922567414108,12.8913325383336 79.7921669745611,12.8913995422115 79.7918512284168,12.8916352233515 79.7911784863887,12.8920056166342 79.790579505927,12.8922223660925 79.7895520353629,12.8925564839238 79.7887411198677,12.8928047963623 79.7880454088161,12.8929627528193 79.7875202096836,12.8929670978814 79.7871792657956,12.8930438168497 79.7863637069087,12.893382513318 79.7854560257894,12.8936669391172 79.7837236301539,12.8941092634085 79.7816318913367,12.8945198100197 79.7796230409691,12.8950117240805 79.778544873982,12.8953277024106 79.7778122601385,12.8955714893242 79.7775837053741,12.8955908361197 79.7775776067116,12.8956710394027 79.7775680001279,12.8957973784356 79.7776000044066,12.8964301348132 79.7775905658079,12.897013158616 79.7776042507429,12.8973656937724 79.7776269772213,12.8981656716137 79.7776496956148,12.8989882473324 79.7776585898344,12.8998153377916 79.7776674849524,12.9006424281432 79.777690215024,12.9014333668051 79.7776807144416,12.9021790974245 79.7777035711757,12.9026401040736 79.7777076827647,12.9027138832017 79.7777310245891,12.9031327508341 79.7777214970572,12.9039417546058 79.7776935208243,12.9048049894175 79.7776885962599,12.9056275529342 79.7776974931745,12.9064501242525 79.777687944083,12.9073178825999 79.777761354408,12.9081088404274 79.778581489313,12.9080051921678 79.7791988897296,12.9079376253388 79.7802217528346,12.9078069292454 79.7816915367767,12.9076311922682 79.7829493641257,12.9075141276139 79.7843546319623,12.9073699905774 79.7855479566806,12.9072438526523 79.7855570000206,12.9077274531123 79.785570685854,12.9081116231302 79.7855473835555,12.9088573495953 79.7855332719207,12.9096753921449 79.7855283796957,12.9104798793853 79.7855142887221,12.9112346463969 79.7864894045731,12.9112765667884 79.7865739593976,12.9112802022937 79.7865740330594,12.9110723006921 79.7865252662176,12.9098571107172 79.7865237911839,12.9098203553021 79.7871597166584,12.9094861186805 79.7883117269585,12.9089486706426 79.7889568413,12.908673188213 79.7897217163403,12.9084790946149 79.7904911449407,12.9084431883422 79.7914587023669,12.9083576260211 79.7925920780148,12.9084031815665 79.793918993894,12.9083448403108 79.794637708105,12.9084128553438 79.7962917347152,12.9083726821968 79.797683207124,12.9081335581476 79.7979412140534,12.9081336325748 79.7986184548444,12.9082287444197 79.7994477597517,12.9082470622654 79.8001848813413,12.9083919010381 79.800760722998,12.9086225646706 79.8015899677182,12.9088487782306 79.8025666619092,12.909029834566 79.8034511539177,12.9094097226013 79.8043679134112,12.9097444233977 79.8051971419618,12.9100519781582 79.8057353001906,12.9101634867715 79.805776062145,12.9101719328793 79.8068956558398,12.9101451357933 79.8072037357614,12.9122287757823 79.8078901429616,12.91254986337 79.808820709561,12.9129930473757 79.8093597463422,12.9130926281701 79.8096219609804,12.9145254238971 79.809529607881,12.9152440212252 79.8093726614211,12.9162744548409 79.8091192385946,12.9163105421103 79.8074281600722,12.9167891517093 79.8062531672738,12.9170825939085 79.8048570415919,12.9172810526075 79.8033502820945,12.9176466990322 79.8018527267354,12.9180304177635 79.8001708119273,12.9185858166284 79.798074200648,12.9191817499137 79.7969267942137,12.9195836292005 79.7967331354048,12.9200084128259 79.7963228370853,12.9206862243247 79.7960785195825,12.9210296368146 79.7960362286955,12.9210407521655 79.7955117401304,12.9211785999868 79.7943182986311,12.9214267859374 79.7920512176536,12.9218870242351 79.7907701697527,12.9222888308747 79.7904799106097,12.9222390147351 79.7901297706682,12.9221394612268 79.7899638410554,12.9222975900247 79.7898118155666,12.9222297433774 79.7892912122151,12.9220894506819 79.7883788742294,12.9221930799657 79.7877429523482,12.9224007569243 79.7873743295696,12.9224458195934 79.7872084987716,12.9223327702146 79.7869828823964,12.9219214033397 79.786656175009,12.920777817729 79.7866516609747,12.920529236251 79.7863251152841,12.9189653258967 79.7851225298335,12.9190326796058 79.7846115375571,12.9178799852412 79.7856115376398,12.9174238714308 79.7854465925806,12.9149922479671 79.7853544487887,12.9149831742239 79.7847099803359,12.9150556363241 79.7846173900812,12.9150660462152 79.7844329210376,12.9150867863174 79.7831749535514,12.9154343296529 79.7818156246601,12.9157682693755 79.7803686965539,12.9162332383834 79.7789770840079,12.9166259051342 79.7778020040729,12.917054807279 79.7757422246186,12.9176189378573 79.7746915379943,12.9180433579559 79.7746948428963,12.9180546459289 79.7747881553964,12.9183733295716 79.7753957327354,12.9198288975743 79.7755891507959,12.9200639968073 79.7758885898228,12.9201861470348 79.7769806079333,12.9201052318953 79.777298506441,12.9201595944318 79.7774043576259,12.9204534126695 79.7774455768227,12.9210545397528 79.7773716337967,12.9215923470014 79.7767171410437,12.92212088173 79.7766755957584,12.9223061714349 79.7770760916615,12.923183138161 79.7773108358183,12.9237707838117 79.77784064241,12.9239382213957 79.7788174632634,12.9239114870754 79.7789598776769,12.9249465376349 79.7790930681892,12.9260087032449 79.7794057744345,12.9275229006172 79.7797140888164,12.9285128186027 79.7799257157277,12.9293219144288 79.7800083158181,12.930162597891 79.7798697973979,12.9308721260854 79.7796253451478,12.9314731414043 79.779325635728,12.9319837418537 79.7790721482228,12.9321327912957 79.7785789803184,12.9324715687479 79.7783207775563,12.9328782341637 79.7781638885885,12.9334295673263 79.7776704278333,12.934468885107 79.7773336961456,12.9353455587005 79.7773334589904,12.935919551795 79.7775913967495,12.9361637132243 79.7782501789581,12.9364984271912 79.7785035784284,12.9365753604288 79.7790795745953,12.9365303896133 79.7799596846218,12.936499095209 79.7810563524123,12.9364904792663 79.7821068620685,12.936685222613 79.7821124603693,12.9366954976485 79.7823186686428,12.9370739918051 79.7828754228963,12.939103513568 79.7832850905985,12.9402154953873 79.7842297221204,12.9401887304173 79.7843217087071,12.940631689382 79.7844873975714,12.9411379469965 79.7846715414249,12.9415899779268 79.7845929675836,12.9422091365678 79.7845234909812,12.9431401536154 79.78452628564,12.9431601253297 79.7847302795663,12.9446181472 79.7848635715882,12.9455040415989 79.7851532522162,12.9471312139781 79.7854798904333,12.9485278980203 79.7857281560317,12.9500239827077 79.7860597457626,12.9505303017889 79.7861058284384,12.9505565736368 79.7872575926001,12.9512131990946 79.7886074963675,12.9519503801002 79.7887917300525,12.9521945048177 79.7887316210819,12.9527503966719 79.7884043109249,12.9531073310949 79.7879020053574,12.9531568670516 79.7876944819504,12.9535771173049 79.7878372934193,12.9536901604014 79.7879938571969,12.9539930298527 79.7880030038431,12.9541828569895 79.7876434926765,12.9543815917073 79.7872240414226,12.9546706956002 79.7871732668461,12.9548966590617 79.7869564324012,12.9555654847035 79.7867397901957,12.9557145533137 79.7862189371125,12.9560533363642 79.7856934666887,12.956410193392 79.7849649581461,12.9574855955939 79.7845407871437,12.9580458712195 79.7842227610752,12.9581948998256 79.7841597765974,12.9581794316982 79.7835223769875,12.9580228935643 79.782541016947,12.9575344040637 79.7817624794296,12.9569013630789 79.7812697040889,12.9561373581803 79.7806986468594,12.9552422542189 79.779077399774,12.9531987567632 79.7786445052318,12.9525387222502 79.7772075205775,12.9507257853172 79.7758625871886,12.9492247312971 79.7748576194224,12.9501915226081 79.7748034240613,12.9501990936454 79.7746318090111,12.950223067428 79.7742632293517,12.9500647295859 79.7733417914322,12.9496485452129 79.7724249259374,12.9493227524297 79.7710749781527,12.9488295463359 79.770153465673,12.9486031746541 79.7692180778154,12.94849882357 79.7687157228405,12.9486703531473 79.7683883983105,12.9490091834227 79.7680794344467,12.949506207958 79.7678808537683,12.9504642802875 79.7676224551734,12.9512279830424 79.7669767623169,12.9524525175766 79.7662759748856,12.953220545994 79.7658471775595,12.9537446320541 79.7653122829101,12.9544991710296 79.7646759801432,12.9553078980109 79.7642472663603,12.9556376382397 79.7643945927619,12.9559269604118 79.7645556696755,12.9563789934055 79.7646891018345,12.9568219761188 79.764556212258,12.9574140510249 79.7645363433205,12.9575025782776 79.7645136258252,12.9576037906365 79.7644578197849,12.9586929933252 79.7642962910187,12.9592081568148 79.7639367627841,12.959388780035 79.7631671482324,12.9594652658631 79.7626325500271,12.9595508955755 79.7627061498966,12.9598311445909 79.7630238983856,12.9603013295698 79.7635809966939,12.961372730895 79.7639814719358,12.9623265502875 79.7639718635555,12.9631626744185 79.7636070918546,12.9646856191195 79.7635236680091,12.9656934553979 79.7632740827855,12.9672526098264 79.763276283658,12.9672872374183 79.7633335512573,12.9681881956641 79.7633237084168,12.9695169575866 79.7631849699093,12.9705473656229 79.7631570610501,12.9710942262057 79.7624381177687,12.9711436150187 79.7619772398071,12.9712066792111 79.7618849720476,12.9714145394324 79.7620599575767,12.9716993542594 79.7626957294393,12.972119968009 79.7628384133475,12.972499680278 79.7627596382836,12.9734080866818 79.7627817943317,12.9752837351186 79.7627307574472,12.9760113688901 79.7625966946708,12.976883592057 79.7625038079721,12.9783930998991 79.7641972921828,12.9784740136207 79.7642227782857,12.9784752312567 79.7641302823542,12.9791666891127 79.7640469654082,12.9799395047248 79.7638803917034,12.9813540676638 79.7639821007565,12.9821156999482 79.7639860201061,12.982145046208 79.7659769607618,12.9821594948081 79.7672995126254,12.9824628907076 79.7684561133166,12.9828565998148 79.7697646460719,12.9836074178063 79.7697715819642,12.9836407441026 79.7698474258253,12.9840051797116 79.7694732218139,12.9860162439824 79.7692884967505,12.9868568122122 79.7687671397124,12.9881175572479 79.7683195999362,12.9891975491407 79.7681767031273,12.9892517224088 79.7673885581279,12.9893372517064 79.7667525311439,12.9893640892956 79.7660887623872,12.9895807383851 79.765623204203,12.989729678069 79.7651761791614,12.9896662054213 79.764609396116,12.9894490102011 79.7645540320467,12.9895755336833 79.7644109438967,12.9900364688697 79.7641755358849,12.9908001770667 79.7636821299269,12.9913558662307 79.763179629425,12.9916448930099 79.7627779558305,12.9917098129325 79.7626907743322,12.9917239029703 79.7620642021165,12.9918251688015 79.7615940409648,12.9919469818521 79.7614740511956,12.9922813765929 79.7607365109912,12.9925341343779 79.7596163306965,12.9929991334182 79.7583994269985,12.9933284919301 79.7574498143184,12.9936986483819 79.7568460413446,12.993716439133 79.7560165028753,12.9935940116047 79.7552052963259,12.9936794921399 79.7545508350139,12.993679174401 79.7540900316125,12.9935117241869 79.7536936419085,12.9935612450941 79.7529653274021,12.9937778283749 79.7522278455881,12.9938904531818 79.751716309831,12.9937952873766 79.7512647473989,12.9935871613963 79.7508042027123,12.9929270677492 79.7501267768684,12.9927775811591 79.748644919569,12.9925487521855 79.7478910794337,12.9924245550633 79.7462087361291,12.9921677558183 79.7440931290749,12.9919290824345 79.7425859895901,12.9918529260835 79.7408989480966,12.9913564675769 79.7394561639188,12.9908012213282 79.7383084718202,12.9906434668939 79.7400606061375,12.9924867858052 79.742886804836,12.9946097494037 79.7439883612582,12.9951741682479 79.7452839897144,12.9958380083586 79.7460170131896,12.9967332244082 79.7462754818531,12.9970488873693 79.7470966156846,12.9987117427657 79.747701154023,13.0002210111815 79.7476865177721,13.0010940167545 79.7476851433497,13.0012969573679 79.7475888682058,13.0029018284329 79.7485476446001,13.0036055833483 79.7487382787815,13.0037455080042 79.7487383066293,13.003745526385 79.7488350839315,13.0037998549038 79.7503232779469,13.0047632182658 79.7509706659244,13.005202087624 79.7513507215615,13.0054597293996 79.7527699240648,13.0062830371313 79.7527699519126,13.0062830537614 79.7538020227493,13.0069343793464 79.7538020631735,13.0069344047291 79.7550066249177,13.0076828348335 79.7550322313949,13.0076987453895 79.7550322664292,13.0076987663959 79.7564975785577,13.0085446887022 79.7574652949857,13.0089519273548 79.7583914382807,13.0094505370579 79.759128818585,13.0098475153386 79.7608428885888,13.0108742778137 79.7608429254197,13.0108742970692 79.7616861290611,13.0113627990046 79.7623439150381,13.0117604674219 79.7630177871468,13.0121678653401 79.7643126295771,13.0129593750055 79.7653632488277,13.0135745249933 79.7663585974339,13.0141670292068 79.7674368776088,13.0147641016293 79.7674369234228,13.014764126136 79.7678240263434,13.0149721932152 79.7678650101816,13.0150179078028 79.7679253275614,13.0150851891296 79.767936444213,13.015241623045 79.7679436370235,13.0153428451436 79.7679253257647,13.0155627571895 79.7678973468369,13.0158987734214 79.7678643678862,13.0162043476741 79.7678602913314,13.0162421402899 79.7678602841449,13.0162421858021 79.7678848081522,13.016386744692 79.7678878893736,13.0164049162933 79.7678878983567,13.0164049574293 79.7680544217559,13.0165560419624 79.7681320613492,13.0166264903393 79.7683542299904,13.016795234299 79.7686619532809,13.0170289588342 79.7686619811286,13.0170289763389 79.7688278505543,13.0171149012937 79.7689340439973,13.0171329170504 79.7690951352839,13.0171602487643 79.769422420288,13.0171693756726 79.769786522744,13.0172464047346 79.7705330946103,13.0175812082415 79.7709661993583,13.0178706026978 79.7713092219478,13.0180360041905 79.7714915404246,13.0181239155628 79.7717740866326,13.018242052875 79.7722381527151,13.0184360819035 79.7731069969697,13.0188035051974 79.7731368300203,13.0188161215677 79.7731368560715,13.0188161329456 79.7739386716328,13.0191463892939 79.7746423031302,13.0194700363948 79.7750400439004,13.0196529832743 79.7750400771381,13.0196529999036 79.7758926762591,13.0201098426919 79.7758927166832,13.0201098636972 79.7760404994289,13.0201762833 79.7763857642134,13.020331479942 79.7771461907964,13.0207385460681 79.7778231962288,13.021148144403 79.7782152515615,13.0213853411907 79.7784233543819,13.0215083518988 79.7786037926848,13.0216150021483 79.7786207690471,13.0216250356154 79.778620803183,13.0216250522445 79.7793903925819,13.0220094735892 79.7800125441881,13.0223215938996 79.7805932097979,13.0225342092367 79.7810090219766,13.0225712166972 79.7813076641979,13.0225977960043 79.7821096737953,13.0226613328686 79.7829208974126,13.022738462623 79.7832310362729,13.0228046933508 79.783450933973,13.0228516527937 79.7840006589094,13.0228786854299 79.7841008551996,13.0228836128664 79.784100884844,13.0228836137417 79.7848752793313,13.0228296491166 79.7866269968303,13.0225952088784 79.7866270282713,13.0225952053775 79.7873614665931,13.0224641467575 79.7874105325739,13.0224553911342 79.787410575693,13.0224553937599 79.7877931223585,13.0225097549376 79.7881618044258,13.0228082362049 79.789069508003,13.0236853693755 79.7898896527894,13.0245714956703 79.7908390516704,13.0250147252303 79.7924060162582,13.0257248185893 79.7924060548857,13.0257248369684 79.7935536427797,13.0262811602968 79.7951897695595,13.0270184099878 79.7951897974073,13.0270184239909 79.7957980736357,13.0273078004216 79.7966691331357,13.0276652149683 79.7967429243464,13.027543158654 79.7970198372193,13.0266619782295 79.7975101664474,13.0251390416891 79.7978826951008,13.0239820690556 79.7982102271416,13.0230602399588 79.7985332927588,13.021862642422 79.7985620729839,13.0216111660799 79.7986119249906,13.0211757172339 79.7985865035664,13.0208793870355 79.7985522472113,13.0204796099668 79.7985984403798,13.020090923924 79.7986814770514,13.0197746373737 79.7990596605995,13.0193408648534 79.7994656155646,13.0182924563256 79.8005080763159,13.0160465428733 79.8007540727699,13.0155501914173 79.801052324224,13.0149484296085 79.8019141382632,13.0152107936691 79.8038958909503,13.0159120026043 79.8038959205947,13.0159120139824 79.805545824836,13.016486390903 79.8055458508871,13.0164864014058 79.8069560926955,13.0169659036536 79.8069561232382,13.0169659132811 79.8086245866733,13.01747255373 79.8102883833604,13.0180831465846 79.8104522477463,13.0181360173339 79.8108369422836,13.0178347717177 79.8108369593516,13.0178347507122 79.811505605062,13.0167367223906 79.8125338652452,13.0154578863178 79.8134883279295,13.0141655806821 79.8140647525928,13.0130854917655 79.8148350309995,13.0113546836733 79.815577449056,13.0098905867208 79.8165458311356,13.0079518515825 79.8171915239922,13.0065012338085 79.8178233127247,13.0050460552525 79.8180951052005,13.0045092659288 79.818113877295,13.0044721918768 79.8182431367795,13.0038304187385 79.8181097594177,13.0024790908442 79.8180455972486,13.0013417501734 79.8181750435827,12.9995552650254 79.818193909102,12.9978287950427 79.8184110660421,12.9956368296511 79.8184442587919,12.9953607471953 79.8186142487897,12.9939465213538 79.8188235787088,12.9929478232522 79.8189981869455,12.9921146195644 79.8190111163974,12.9920529244248 79.8189255770194,12.992027354589 79.8179972454284,12.9917498649809 79.8162644949583,12.9910669774162 79.8158638661045,12.9910566459784 79.8153795843348,12.9910441962583 79.8142980756148,12.9908139301563 79.8136790402643,12.9906821518576 79.8136498809502,12.9906748428989 79.8135693945957,12.9906546692967 79.8134624402797,12.9906278721119 79.8129647313914,12.9903068256126 79.8129972333368,12.9894616438202 79.8134307189704,12.9886482179329 79.8144048062504,12.986808747406 79.814440525961,12.9867412929735 79.8148323414435,12.9865605609417 79.8148323728846,12.986560543435 79.8154498173187,12.9867685877696 79.8164409788774,12.9870615037575 79.8176388320031,12.9874154907169 79.8192471361619,12.9880034058669 79.8192471711962,12.9880034137449 79.8193548603341,12.9880136814103 79.8198647369029,12.9880622720589 79.8199891948922,12.9879267607511 79.8199894266575,12.9870364148433 79.8199894239626,12.9870363877079 79.8198237422849,12.9862589496116 79.819247860204,12.9852916638101 79.8192478458309,12.9852916401758 79.8190735484113,12.9850410379967 79.8185153092426,12.9842384011692 79.8184014900012,12.9840210252588 79.8179993492828,12.9832530332645 79.8181009523347,12.9825886316806 79.8186402918481,12.9820961672859 79.8188454437028,12.9817711864172 79.8192165584079,12.9811832941616 79.8197328372697,12.9807315075645 79.8197328785922,12.9807314664226 79.8198255353222,12.9806247066882 79.8211251082808,12.9791273510845 79.8211251379252,12.9791272950611 79.8211783828687,12.9790245770754 79.8215584780317,12.9782913051232 79.821411210919,12.9774370696425 79.8212637443803,12.9772021365788 79.8210196694226,12.976813281214 79.8208538494043,12.9763567736568 79.8208356522316,12.975484414709 79.8209265213142,12.9742953851816 79.8209696682956,12.9737308803932 79.8215506312477,12.972519756435 79.8221869214382,12.971399028357 79.8222856822205,12.9708844678624 79.8223760230937,12.9704137811423 79.8222613522494,12.9682759793693 79.8223951113952,12.9678647548393 79.8224005686605,12.9676271943957 79.822409023604,12.967259070329 79.8223585293018,12.9665495179222 79.822358521217,12.9665494864074 79.8218564923306,12.9654692543127 79.8218564779576,12.9654692149191 79.8216493462159,12.9644703700126 79.8216493354362,12.9644703323697 79.821641747367,12.9644521035679 79.8213821755724,12.9638285136876 79.8212153727972,12.9635121222065 79.8210413709233,12.9631820763792 79.8210195014376,12.9628908629714 79.8210060859972,12.962712233879 79.820990802061,12.962508662967 79.8211014179101,12.9622976429032 79.8212490066197,12.9620160914053 79.8213621880573,12.9619534958626 79.8216084575992,12.9618172796151 79.8218434990983,12.9618444755976 79.8226498547451,12.9622830635864 79.8226498825929,12.9622830828458 79.8234377796572,12.9628527015631 79.8239563761724,12.9631273686765 79.8245989069592,12.9634676709995 79.8252716588687,12.9637073136594 79.825883804141,12.963663849085 79.8260965701161,12.9636487410948 79.8260966132352,12.9636487419702 79.8264883002586,12.963689471737 79.8273177605745,12.9638704129845 79.8286587144267,12.9640017572809 79.8295667153462,12.964023184894 79.8304006357975,12.9640428581672 79.8313499969493,12.9639752452359 79.831856904586,12.9638804190209 79.831856941417,12.9638803971354 79.8329815306431,12.9632343258876 79.834465469339,12.9625521303694 79.8344655088649,12.9625521111101 79.8347835079839,12.962393980703 79.8346821375956,12.9621091893663 79.8338850786137,12.9614221067552 79.8332031872445,12.9605135130222 79.8325214854198,12.9591485169113 79.8325214629619,12.959148474015 79.8323769869147,12.9588782996281 79.8321299017026,12.9584162333999 79.8321776498549,12.9583760963174 79.832355706724,12.9582263989846 79.8325866788549,12.9582642363143 79.83277049123,12.9582943478948 79.8331944870609,12.9583800891906 79.8335308378629,12.9584481063429 79.8342924106961,12.958556751657 79.8354662311931,12.9587242009007 79.836779509748,12.9589549204302 79.8375306504458,12.9590182976156 79.8375306935649,12.9590182993664 79.8386965253441,12.9589416855874 79.8396336235939,12.9588892889801 79.8403094154024,12.9588514990189 79.84145690538,12.9587567872852 79.8430652778108,12.958404468389 79.8445030799321,12.9579617773858 79.8460192627568,12.9573925029075 79.8481852608069,12.9564345911677 79.848489421379,12.956122839784 79.8485169879801,12.955869142403 79.8486048279435,12.9550607534167 79.84867841344,12.9545855054371 79.8487297117343,12.9542544059885 79.8487385295972,12.9541974919341 79.8485819164122,12.9536686811227 79.8485359109915,12.9531669811996 79.8486447167354,12.9531124892852 79.8489599068225,12.95295466192 79.8493315901612,12.9528216878223 79.8496926078026,12.9526925744238 79.8507158715561,12.9525750581573 79.850950647154,12.9525480992872 79.850950678595,12.9525480940345 79.8519690725815,12.9523041482572 79.8519691121073,12.9523041386271 79.8521518402159,12.9521804930828 79.8524299182037,12.9519923488062 79.8524879224216,12.9517855701953 79.8525313667454,12.9516307920984 79.8523978348733,12.9507765430209 79.8524625890323,12.9486523481853 79.8525061941545,12.9485472450909 79.8525732147629,12.9483856975746 79.852573226441,12.9483856704349 79.8526411489579,12.9483783033277 79.8527390482559,12.9483676855882 79.8529813822785,12.9485261199352 79.8530570410867,12.9485755841385 79.8532814141935,12.9487117909943 79.8536974805955,12.9489643663065 79.8542230947497,12.9490891480569 79.8549923167376,12.9492717589285 79.8562364771179,12.9493939491348 79.8571535105976,12.9494889183148 79.8576668573583,12.9494681950794 79.8582686387671,12.9494438981759 79.8595220823375,12.9492270644253 79.8605542690569,12.9490372842897 79.8613284218974,12.9491322536057 79.8636002307082,12.9489652338984 79.8655310004096,12.9486489767416 79.8675769889276,12.9481700132759 79.8688442324175,12.9479169390135 79.8703833402483,12.9475735267623 79.8713780654237,12.9475161681908 79.8714800224117,12.9475102893676 79.8720883336744,12.9468639953052 79.8720883642171,12.9468639567841 79.8731297505833,12.9468369106238 79.8737564009524,12.9468549840043 79.8752172224029,12.9471126345915 79.878175498601,12.9474562033126 79.8782492502858,12.948052793413 79.8795026669068,12.9481883667114 79.8816361225874,12.9481205883884 79.8833503695593,12.947939790657 79.8835254862424,12.947307113127 79.8841383277091,12.9471760060352 79.8846622422507,12.9470332462631 79.8851659788345,12.9468959712817 79.8852165827311,12.946882180745 79.8852805993732,12.9468575333979 79.886695748678,12.9463126673308 79.8874523735906,12.9461681219584 79.8881150508942,12.9460415203705 79.8890142159846,12.9457572820267 79.8897738493552,12.9455171467085 79.8904235657659,12.9450515773966 79.8907231197771,12.9451013198182 79.8922576506916,12.9458695608732 79.8931101276417,12.946601734186 79.893699992,12.9475237200489 79.8941423907178,12.9478084063724 79.8943898280696,12.9478763773848 79.8947183779016,12.9479666292101 79.8951188720081,12.9486255368456 79.8951331390514,12.9486490100095 79.8950502559917,12.949236601798 79.8950595301987,12.9500817346622 79.8951509921694,12.9503279325642 79.8952576751942,12.9506151028811 79.8954650683455,12.9514557303174 79.8955020178498,12.952296358419 79.8957370925866,12.9533403644048 79.8958247591752,12.9548679679266 79.8959584823884,12.9565266967107 79.895953956676,12.9580362510173 79.8959539611676,12.9580362912875 79.8960691916623,12.9586147563854 79.8961414602286,12.9589769166356 79.8961521645535,12.9590305572187 79.8961522013845,12.9590305685994 79.8962942573702,12.9590559947553 79.8964224730124,12.9590789434258 79.897262765214,12.9592293537256 79.8978711411553,12.9605219294117 79.8981814363225,12.9604531879692 79.8984425361514,12.9603953762639 79.898487997193,12.960615861341 79.8985347554018,12.960842778003 79.8985347832496,12.9608427683733 79.8991983418005,12.9606935864009 79.9001339093211,12.9622754167545 79.9006791786138,12.9632588823212 79.9008806006634,12.9636221808642 79.9014612833411,12.9641283287298 79.9017009529607,12.9646119117155 79.9023093306986,12.965511267137 79.9028255107457,12.9658637563095 79.9035260223941,12.9664331689892 79.9046551148748,12.966717807434 79.9052149054339,12.9666739083072 79.9059822634176,12.9666137283143 79.9059823074351,12.9666137309405 79.9070237683614,12.9662701387503 79.9077654138667,12.966130305917 79.9080790597498,12.9660711789121 79.9090941488344,12.9660025519302 79.9100868959195,12.9659354280109 79.910221947741,12.9659262965933 79.9102434408325,12.9659679364152 79.9106045249491,12.966667474927 79.9099269949006,12.9668123865781 79.9095262025534,12.9668981048055 79.9097096160766,12.9684622931293 79.9097752802289,12.9690223033121 79.9103144814018,12.9694696711592 79.9106740042464,12.9700029829628 79.9106808458157,12.9701559498223 79.9106879505913,12.9703147826169 79.9103239325769,12.9710922241811 79.9103239208988,12.9710922548198 79.9103643774259,12.9713447654094 79.9104853831896,12.972100036259 79.9105961939732,12.9737949182319 79.9118680691766,12.9735507149046 79.9118681078042,12.9735507061508 79.9127485367327,12.9755437364365 79.9127485484108,12.9755437618224 79.9128494364037,12.9757747038592 79.9128559527828,12.9757896229069 79.9136567271967,12.9776226788698 79.9140439954073,12.9789242628016 79.9139727958362,12.9789480762516 79.9116107431702,12.9797380951763 79.9116107171191,12.9797381030545 79.9112637850614,12.9798164130098 79.9097074511367,12.9801677229304 79.9090320105695,12.9803707016526 79.908624418874,12.9804931855931 79.9084104024441,12.9808251570001 79.9082834848675,12.9810220234331 79.9082834552231,12.9810220391896 79.9078226554149,12.9812435879269 79.9073157109473,12.9816865281203 79.9073156804046,12.981686554381 79.9062281628536,12.982590545202 79.9047211581161,12.9829703456466 79.9032878538595,12.9831964856125 79.9030054648567,12.984103049715 79.902730333343,12.9849862773297 79.9016842011772,12.985153566976 79.9016704264106,12.9857501341047 79.9013939429325,12.9862292493249 79.901085227902,12.9867852305735 79.9006473989139,12.9871242102757 79.9006473728628,12.9871242304084 79.8999192820368,12.9875490756903 79.8999192380194,12.987549095823 79.8988131612747,12.9879152649883 79.8968544854089,12.9886204891788 79.8968267175852,12.9889945636237 79.8967853896922,12.9895514997937 79.8967853771158,12.9895515304302 79.8961447274013,12.9897409934304 79.8949971952028,12.9900803481154 79.8927757728963,12.9905912143918 79.8927896267146,12.9914363538261 79.8911074190557,12.9915584778064 79.8910797716062,12.9919697261637 79.8892086033273,12.9922319718479 79.8892085718862,12.9922319753491 79.8891533039367,12.9931539400436 79.8892275685595,12.9936554814057 79.8892275748477,12.9936555181689 79.8892362929976,12.9937143987768 79.8895131690395,12.9937678410481 79.8909923403762,12.9940533471391 79.891918662436,12.994238574572 79.8919186983686,12.9942385833251 79.8935917486015,12.9947040150779 79.8944950926545,12.9950609978305 79.8958778271506,12.9957208240877 79.8975462681278,12.9959693051289 79.8976891281057,12.9954540532472 79.8976891397838,12.9954540296139 79.8980117490569,12.9954721178438 79.8995142568281,12.9955397966096 79.8995142945573,12.9955397931084 79.8998745162913,12.9956771602889 79.9001779339566,12.9957928644373 79.9001226875666,12.9962583440441 79.9004591587428,12.9963939400865 79.9010722104152,12.9967690304271 79.9024780244275,12.9979530446053 79.9028556402403,12.9984158723876 79.9037317410858,12.9994896504208 79.9047642188593,13.0006309908994 79.9050685258567,13.0009673923571 79.9052408397962,13.001138329939 79.905460337746,13.0013560882458 79.9056521056012,13.0016471139135 79.9059305707629,13.0020697049965 79.90603200044,13.0024900056202 79.9062715802279,13.0025215788172 79.9062578198344,13.0030955447362 79.9064611238546,13.0030761809027 79.9065896979246,13.0030639348505 79.9065459742247,13.0032877098922 79.9064607672234,13.0037237695911 79.9069235891392,13.0038372126463 79.9084150125981,13.004202769602 79.9090464473945,13.0039631196021 79.909958958755,13.0030364344042 79.9100461573213,13.0028762168259 79.9106133068793,13.0018341580232 79.9106887743464,13.0016463856757 79.9108077481209,13.0013503638705 79.9108685703539,13.0012258332909 79.910926643742,13.001106929873 79.9113137242047,13.0005735824184 79.9115625485552,13.0002978179322 79.9115625781996,13.0002977829206 79.9121293378888,12.9995565149439 79.9124450157611,12.9993206478535 79.9126133052481,12.9991948995962 79.913004323925,12.9990586836245 79.9137424138984,12.9988015603799 79.9137424453394,12.9988015446246 79.9150743387837,12.9979381540227 79.9158486155917,12.9977301829424 79.9179271761236,12.9972824475743 79.9187166227818,12.9970672485772 79.9193374682376,12.9968980071535 79.9203005799015,12.996323913987 79.9214512966276,12.9953582578196 79.9214803059231,12.9953339137554 79.9220920586316,12.9949061958954 79.9223790083811,12.9947055670029 79.9228232612217,12.9942231331953 79.9232406759949,12.9937698411394 79.9237935692893,12.9928974794251 79.9243213807227,12.9916534939137 79.9245491440714,12.9911166607457 79.9249500037922,12.990714368169 79.9249500424198,12.9907143401586 79.9256320811127,12.9903436137982 79.9256321062656,12.9903436041696 79.9260184042956,12.9902416987463 79.926060673623,12.9902305479691 79.926106677247,12.990225400177 79.927517037633,12.9900675858548 79.9275170699723,12.9900675841041 79.9285908603674,12.9900538353498 79.9289412185996,12.9902888166611 79.9294016824378,12.9904897493585 79.9295726695656,12.9905643673066 79.9295726983117,12.9905643743093 79.930609697306,12.9906816608006 79.9313529939148,12.9909363179151 79.9321260669803,12.991201171401 79.9322477608536,12.9917375623494 79.9324398098815,12.9925840616275 79.9346962053987,12.9925080621592 79.9358134383209,12.9924704129812 79.935813469762,12.9924704173578 79.9359703299836,12.9933516869024 79.936060611568,12.9933501253405 79.9362330216272,12.9933471527708 79.9362516311266,12.9942600398432 79.9362516742458,12.9942600380926 79.9364158207027,12.9942523799899 79.9365420241186,12.9942464917674 79.9365618454454,12.9943095553493 79.9365789358936,12.9943639585844 79.9365789529617,12.9943640005994 79.9372936543983,12.9960405602574 79.9372936795511,12.996040573387 79.9374279929575,12.9960756731344 79.9378467974244,12.9961851317962 79.9380589983591,12.9969533367665 79.9385199409994,12.9972606088107 79.9385199841186,12.9972606368204 79.9387182297253,12.9976899200362 79.9390647440664,12.9978539406363 79.9395295018517,12.9980739417132 79.939529536886,12.9980739565933 79.93980622518,12.9987699044318 79.9409586711631,12.9998950141822 79.9415157047926,13.0005246327237 79.9416502508627,13.0006767177586 79.9416502823037,13.0006767413914 79.9422125755693,13.0009477447642 79.9422126124002,13.0009477648958 79.9422139095674,13.0009593642145 79.9422564609658,13.0013397413902 79.9422564636608,13.0013397720252 79.942272696218,13.0015891236024 79.9422729998485,13.0030082311043 79.9421166579548,13.0044907485972 79.9421168879235,13.0053292017634 79.9421170235691,13.0057833698599 79.9421020953657,13.0058962684302 79.9420847695588,13.0060273892012 79.9419660167698,13.0062647833882 79.9419650861152,13.0062666433357 79.9418360503112,13.0065245921002 79.9418790427824,13.0067200692393 79.9418867368528,13.006755068571 79.9418867458359,13.0067550992053 79.9419513688408,13.00695391093 79.9419513859088,13.0069539459407 79.9418777797511,13.0078081814189 79.9418365336048,13.0085719285852 79.9418365336048,13.0085719688472 79.9418351861319,13.0085724589936 79.9417821630722,13.0085917593792 79.9416932172827,13.008624134414 79.9415507678348,13.0086759822501 79.9406059323954,13.0089655253929 79.9388177585673,13.0095037028597 79.9373152687624,13.0101006771054 79.9373152247449,13.0101006946105 79.9368083674139,13.0103176853285 79.9356837395602,13.010534856159 79.9351260070413,13.0106299393973 79.9348791356282,13.0106756810431 79.9344669526432,13.0107520539322 79.9334760605792,13.0111002917067 79.9329968246465,13.0115703980536 79.9327216059963,13.0119017239832 79.9325912586519,13.0120586439202 79.9316789125813,13.0130937260736 79.9316788784454,13.0130937645844 79.9309507247373,13.0139254930606 79.9290564086701,13.013998160924 79.9290563808224,13.0139981644249 79.9284203295837,13.0141158205702 79.9282429311798,13.0140847319827 79.9281114510598,13.0140617008684 79.9278180145756,13.0140760110731 79.9274615639692,13.0140934073795 79.9267297568129,13.0141457932207 79.9262585643952,13.0141795224041 79.9256086970676,13.0141796274331 79.9231473464268,13.0142523582393 79.9214603588322,13.0142841933865 79.9214405357088,13.0142841329948 79.920461277726,13.0142811703036 79.9200591423975,13.0142799502175 79.9199440484467,13.0149262641857 79.919967224981,13.0161600721909 79.9199539694407,13.0165441142855 79.9199442918901,13.0168244574269 79.9199625285887,13.0170435148076 79.9199950907211,13.0174346422706 79.9200114149065,13.0181285691477 79.9200203405671,13.0185080202562 79.9200321947356,13.0190119478577 79.9200415165533,13.0195000101483 79.9200415075702,13.0195000460324 79.9188061605611,13.0193872219242 79.9188061551713,13.0193871834144 79.9187692595659,13.0190257413941 79.9187692532777,13.0190257037595 79.9175293374371,13.0188450407541 79.9175293158775,13.0188450801392 79.9174738610784,13.0189974497647 79.91743720173,13.0190981793287 79.9170084457263,13.0190123399582 79.9168747925817,13.0187637787243 79.9150540682993,13.0184341520292 79.9134868027759,13.0182038106974 79.9131352902086,13.0181256458877 79.9121869405598,13.0179147605949 79.9113849731831,13.0176572814252 79.9113849372505,13.0176572604197 79.9113986356603,13.0170606159528 79.9113247627029,13.0160527701695 79.9111448454228,13.014832532214 79.9110111895833,13.014629176434 79.9110111671254,13.0146291571787 79.9108640419465,13.0146595463813 79.9107484727869,13.0146834054168 79.9107048595799,13.0147059778478 79.9096653911168,13.0152439669316 79.9093222436614,13.0153241036849 79.909084597048,13.0153796016098 79.9088481829231,13.0154089159292 79.9086835756304,13.0154293255833 79.9086559937579,13.0157908901302 79.9087067827074,13.0164733411736 79.9084071217967,13.0165864213012 79.9081075830567,13.0167762137511 79.9075221689524,13.016902875589 79.9074761293958,13.0172418806673 79.9070312782772,13.0174170877821 79.906890868005,13.0174723926877 79.9068908248859,13.0174724058161 79.9067616749958,13.0171334640698 79.9065535021068,13.0167723977381 79.9062821803483,13.016301886395 79.9061278749353,13.016307935137 79.9059365283899,13.0163154752776 79.9053392322693,13.0162797149665 79.9048809504389,13.0162523043844 79.9044052341054,13.0162683596795 79.9038070127201,13.0162885775866 79.9031801853828,13.0165959385845 79.9028806735923,13.0167857844163 79.9016269192048,13.0168356323906 79.900410041558,13.0169848139078 79.9004073358324,13.0170090516947 79.9003040610157,13.0179339526002 79.9002535226962,13.0192536593431 79.9001613717177,13.0196152752001 79.8990504889862,13.0195520753905 79.8991150302444,13.0204334088894 79.8993162465798,13.020618712897 79.8994193228688,13.0207136268508 79.8997235508145,13.020803952875 79.8994931437239,13.0214140876597 79.8996816677627,13.0218590260363 79.8997650952015,13.0220559019282 79.8998457684055,13.0220516212581 79.9001061846165,13.0220377736268 79.8999818155604,13.0229868903383 79.8995070550344,13.0231722895842 79.8996222567831,13.0235122715697 79.8999266293575,13.0244105699647 79.8997758911545,13.0244427276328 79.8995025625597,13.0245010600548 79.8996178783944,13.0251608946262 79.8999743873913,13.0251608491157 79.9003691879755,13.0251607668466 79.9003691960604,13.0251607983539 79.900429715561,13.0256641479186 79.9005767886377,13.026887250435 79.8997379076894,13.0271268984015 79.8999272438052,13.0277888019358 79.9000882838879,13.0283516574324 79.9002314304284,13.0287791985746 79.9003833993233,13.0292329797509 79.9004501890647,13.0297208626183 79.9004755889294,13.0299063635958 79.9000932336051,13.0300702176008 79.8999270848034,13.0301414147937 79.8999731800556,13.0306655739693 79.9000192842909,13.0311899368276 79.9000700552741,13.0314701583721 79.89804643301,13.03139348118 79.897975062759,13.031634190754 79.8979312007186,13.0317821232295 79.8970922550916,13.0317822597575 79.8972549516677,13.0324202313838 79.8972582143488,13.0324330273469 79.8972582251286,13.0324330632292 79.8974427292064,13.0329617929682 79.8976347180473,13.0335696827363 79.897723969264,13.0338522137911 79.8978060429416,13.0344229906683 79.8978714995831,13.0348780707509 79.8979222822445,13.0361119902825 79.8979981279022,13.0366720342123 79.8980028979564,13.0367072559797 79.8981205961232,13.0375763059523 79.8981206006148,13.0375763357077 79.8982728120548,13.038552478912 79.8982916982354,13.0388422024224 79.8983143986626,13.0391897443401 79.8983814713733,13.0397759947035 79.8984204304088,13.0401162750665 79.8991533694424,13.039876655429 79.8991696091861,13.0399551021721 79.8992132780887,13.0401659590671 79.8995544815898,13.0415308841954 79.8997758471371,13.041937605664 79.9000800930491,13.0427872319015 79.9001591456924,13.0432451714303 79.9001861831858,13.0434018798513 79.9003635483522,13.0443457137196 79.9004214411789,13.044653793377 79.900434194561,13.0449612434303 79.9004372443414,13.0450347755675 79.9004583682253,13.0455441423661 79.9006566273069,13.046773495669 79.9006429576432,13.0483869265679 79.9006429594398,13.0483869615727 79.9006675957365,13.0491028844089 79.9006799763177,13.0494626119102 79.9007580722553,13.0494531974041 79.9009795698549,13.0494264643353 79.9022678788381,13.049279267008 79.9032753115815,13.0491641540391 79.9040744339936,13.0490498312484 79.9048564749406,13.0489379482355 79.9055570961835,13.0487843211171 79.9066404293819,13.0485672450921 79.9075577826618,13.048305040649 79.9075577628989,13.048304996893 79.9072903290489,13.0474238002656 79.9080647954014,13.0473965996611 79.9089360444461,13.0472699044182 79.9089360731921,13.0472698974171 79.9095030709348,13.047070942156 79.909779605617,13.0468449855983 79.9099222904235,13.0467827798834 79.910152979585,13.0466822042306 79.9103117783711,13.0466745416221 79.9104341702353,13.0466686283914 79.9107853369512,13.046630547253 79.9112685317594,13.04657813503 79.9117064164429,13.0465916277371 79.9118216846669,13.0464018021364 79.9119369510943,13.046234562574 79.9119369753488,13.0462345223181 79.9123226966605,13.0463652883105 79.9124302312882,13.0464017373769 79.9128035953748,13.0463881142655 79.9129189579218,13.0468943549522 79.9132323962942,13.0469439912095 79.9140990576426,13.0468986920758 79.9148827577779,13.0469120928772 79.915860047552,13.046984270615 79.9158600780947,13.0469842758658 79.9163118273763,13.0471107480982 79.9169848631535,13.0473367009125 79.9169572435518,13.047517411383 79.9169296203568,13.0478022482086 79.9172522970035,13.0477524546014 79.9172523338344,13.0477524476004 79.9173504882539,13.0477318673367 79.9177071086419,13.047657074074 79.9177916589748,13.0476393423284 79.9179990979402,13.0472010006053 79.9180634999595,13.0465817624312 79.9181001206804,13.0449909191776 79.9181001179855,13.0449908771712 79.9180240216978,13.0445030620415 79.917989435661,13.0442813449171 79.9179985140353,13.0433366960493 79.9185054989271,13.0432371954156 79.9183902100418,13.0425004963685 79.9183901830924,13.0425004946182 79.9183901777025,13.0425004587374 79.9180629061731,13.0424779369729 79.9179475544058,13.0416283044221 79.9177539306312,13.0415334676229 79.9178090557486,13.0403944981653 79.91761081643,13.0403673597984 79.9175093077012,13.0397753575935 79.9175662150761,13.0397668773799 79.9176614445811,13.0397526771785 79.9175967820503,13.0391697260873 79.9176950271997,13.0391300623922 79.9177535677118,13.0391064271256 79.9177534958466,13.0386228247644 79.9176473482177,13.0379675182569 79.91764731498,13.037967513006 79.9170756729472,13.0378907188055 79.9171839936009,13.037313289961 79.9172554168524,13.0369325584264 79.9170616816867,13.0364219119101 79.9173613048682,13.0363540902777 79.9173613138514,13.0363540648979 79.9174037439772,13.0360945806448 79.9174810197529,13.035621865585 79.9179050560081,13.0353370348619 79.9180336139084,13.0351789709493 79.9181014097629,13.035095613877 79.9181954507967,13.0349799622048 79.9181954840344,13.034979952578 79.9184074621869,13.0349347370198 79.9192002218319,13.0348580363963 79.9196705446803,13.0348125503887 79.9199708451916,13.0347606607631 79.9205237402827,13.0346651553279 79.9209012671623,13.0345999420938 79.9214290166119,13.0344913843158 79.9214290534429,13.0344913379318 79.9219568046891,13.034382789733 79.9223010346144,13.0342909817471 79.9224823415882,13.0342426189496 79.9233396730341,13.0340887691623 79.9241416871232,13.0338582148453 79.924141729344,13.0338582043432 79.9247362631451,13.0337225246476 79.9247363053659,13.0337225150208 79.9248129190833,13.0337051726032 79.9250359716666,13.0336546803961 79.9256996685581,13.0335189253241 79.9276495112896,13.0334236863377 79.9299404488261,13.033138517893 79.9306483554059,13.0330768233341 79.9314477787537,13.0330071874225 79.9323973590944,13.0329075776137 79.9330195717861,13.0328532721042 79.9333922477632,13.0328387468159 79.9339553432243,13.03281683767 79.9349925865604,13.0327940577223 79.9358037760417,13.0326672928632 79.9360502009921,13.0326231078402 79.9362324880279,13.032590452384 79.9367717341166,13.0325948378931 79.9367717691509,13.0325948396435 79.9378274207637,13.0327030875658 79.9386986365707,13.0328068011556 79.9390316312667,13.0328306908248 79.9397035594211,13.0328789016176 79.9404039246442,13.0329663071214 79.9410773170525,13.0330503650507 79.9411933120136,13.0330714550124 79.9412754728278,13.0330864029964 79.941275510557,13.0330864056219 79.9414116286788,13.0331002473843 79.9419853952272,13.0331585646392 79.9423961103649,13.0331530562913 79.9426676692787,13.0331493858096 79.9429521827972,13.0331249728169 79.9432484669408,13.033099548995 79.943766049258,13.0331266470258 79.9441934065848,13.0331490287385 79.9444035674455,13.0331445635983 79.9448387742512,13.0331353007515 79.9452028892836,13.0331641920107 79.9455210195567,13.0331894337897 79.9457162360443,13.0331619629415 79.9458113909891,13.0331485806491 79.9458114224301,13.0331485806491 79.946429116596,13.0332388767579 79.9467655868738,13.0332342715915 79.9469960047442,13.0330759674133 79.9473094440148,13.032944868831 79.9475873971368,13.0329319416181 79.947798080817,13.0329221169008 79.9481006118451,13.0329097996838 79.9484664696092,13.0328949033244 79.9486556880457,13.0328123593963 79.9489642243115,13.0326778046039 79.9490225402448,13.0327948453805 79.949056506444,13.0328630311861 79.9491599743984,13.0333020739499 79.9492503530008,13.0336855696137 79.9511036852298,13.0345392692221 79.9516725496717,13.0348228283683 79.9521639874209,13.0350677424136 79.9521778960364,13.0354202859578 79.9522339563001,13.0354554553934 79.9524084774002,13.0355649106687 79.953058174048,13.035746040192 79.953072323412,13.0357499854371 79.9530285170672,13.0358917490418 79.952980131111,13.0360483369723 79.9530006279709,13.0360594900647 79.9530830169572,13.0361043212204 79.9531876482299,13.0361612138759 79.9543712900078,13.0369447739245 79.9543828531221,13.036952428958 79.9543955382323,13.0369608243775 79.9543955786564,13.0369608523826 79.9556266353117,13.0377694753041 79.9564932104219,13.0377421371132 79.9578024699142,13.0378140418523 79.9596048002929,13.0378632327263 79.9604775082015,13.0378452736126 79.9611629272549,13.0378311669428 79.9653530209813,13.0377032739592 79.9653530479307,13.0377032722088 79.9687798440586,13.0374792840778 79.9688287582241,13.0374760871214 79.9688763976803,13.037733458169 79.9688769267879,13.0377363190613 79.9689534120462,13.0381495334305 79.9690456771107,13.0385608296443 79.9690446736925,13.0385904352719 79.9690413319597,13.0386890626199 79.9690366014314,13.0388274105636 79.9688892660467,13.0392477599824 79.9682855990741,13.039835533846 79.9682627189838,13.0403507949788 79.9682996801662,13.0407123248889 79.9682996846578,13.0407123563942 79.9684384249618,13.0417925112253 79.9686093510042,13.0422914031246 79.9686691024453,13.0424658031361 79.9686691096318,13.0424658337661 79.9687801422992,13.0435278507117 79.9688280835893,13.043778027089 79.9688494149841,13.0438893908554 79.9689302570714,13.0442014065651 79.9690894520145,13.0448158996022 79.9691641783714,13.0451215108013 79.9692187079058,13.0453446212566 79.9692787737573,13.0457377903176 79.969463499719,13.0467817262314 79.9696437556639,13.0479477854335 79.9697360925937,13.0484538356509 79.9697361015768,13.0484538732811 79.9698699999615,13.0490097823356 79.9703126690723,13.0493621712404 79.9706850297407,13.0495895895671 79.971391270844,13.0500209410139 79.9714146980083,13.0500352491399 79.9716594763468,13.0500412244231 79.9716609684485,13.0500412603029 79.9719587006764,13.0500485613847 79.972738287426,13.0500180190056 79.9738210744487,13.0499756328177 79.9753837998866,13.0498755887836 79.9766883216641,13.0497485578916 79.9770295233686,13.0497981962012 79.9777258057487,13.05044415578 79.978357476802,13.0504981800168 79.9791275872237,13.0511125987713 79.9802296431092,13.0518984856185 79.9802296718553,13.0518985048709 79.980434621589,13.0519932825626 79.9804739399507,13.0520114664266 79.9804739839682,13.0520114821786 79.9812484718802,13.0522235548176 79.9817418814315,13.0522866228938 79.982101563278,13.0522547313766 79.9827145233222,13.0522003802338 79.9837516184363,13.0519604362648 79.9841899334129,13.0528234434182 79.984189945091,13.0528234731718 79.9842239894436,13.052949342095 79.9842730581194,13.0531307249175 79.9848641585595,13.0531305831507 79.9850982559293,13.0531305192682 79.9856376223921,13.0531664510259 79.9857394095987,13.054029586983 79.9859487440093,13.0545679386442 79.985956028448,13.0545866710057 79.9862331632047,13.0552993984098 79.9863805839294,13.0557235588649 79.9865378726474,13.0561761066096 79.9865378924103,13.0561761599903 79.986800561596,13.0560810793703 79.9868716776238,13.0560404479095 79.9868718249475,13.0560403639005 79.9871093987975,13.0559046246173 79.9879545005791,13.0553729003437 79.9889852266378,13.0547243747331 79.9898711757137,13.0542852387328 79.9898758173088,13.0542829380957 79.9908379336393,13.0538060389396</coordinates></LinearRing></outerBoundaryIs></Polygon></MultiGeometry>
  </Placemark>
  <Placemark id="india_acs_map__ac.18">
	<Style><LineStyle><color>ff0000ff</color></LineStyle><PolyStyle><fill>0</fill></PolyStyle></Style>
	<ExtendedData><SchemaData schemaUrl="#india_acs_map__ac">
		<SimpleData name="id">ac.2373</SimpleData>
		<SimpleData name="tessellate">-1</SimpleData>
		<SimpleData name="extrude">0</SimpleData>
		<SimpleData name="visibility">-1</SimpleData>
		<SimpleData name="OBJECTID_1">2373</SimpleData>
		<SimpleData name="OBJECTID">2373</SimpleData>
		<SimpleData name="st_code">22</SimpleData>
		<SimpleData name="st_name">TAMIL NADU</SimpleData>
		<SimpleData name="dt_code">787</SimpleData>
		<SimpleData name="dist_name">Chengalpattu</SimpleData>
		<SimpleData name="ac_no">30</SimpleData>
		<SimpleData name="ac_name">Pallavaram</SimpleData>
		<SimpleData name="pc_no">5</SimpleData>
		<SimpleData name="pc_name">Sriperumbudur</SimpleData>
		<SimpleData name="pc_id">335</SimpleData>
		<SimpleData name="status"></SimpleData>
		<SimpleData name="State_LGD">33</SimpleData>
		<SimpleData name="Dist_LGD">730</SimpleData>
		<SimpleData name="SHAPE_Leng">0</SimpleData>
		<SimpleData name="Type"></SimpleData>
		<SimpleData name="Phase"></SimpleData>
		<SimpleData name="Poll_Day"></SimpleData>
		<SimpleData name="DOA"></SimpleData>
		<SimpleData name="DOIN"></SimpleData>
		<SimpleData name="LDFN"></SimpleData>
		<SimpleData name="DSN"></SimpleData>
		<SimpleData name="LDWC"></SimpleData>
		<SimpleData name="DOCV"></SimpleData>
		<SimpleData name="Shape_Le_1">34181.0103281</SimpleData>
		<SimpleData name="Shape_Ar_1">35962171.2621</SimpleData>
		<SimpleData name="Shape_Length">34181.0103281175</SimpleData>
		<SimpleData name="Shape_Area">35962171.2621424</SimpleData>
	</SchemaData></ExtendedData>
      <MultiGeometry><Polygon><outerBoundaryIs><LinearRing><coordinates>80.1491127799798,12.9909591262179 80.1491403420893,12.9898066307438 80.148946750654,12.987953638758 80.148992739905,12.9864214818068 80.1494442915572,12.9838318126229 80.1499986796483,12.9821336158293 80.1499742418793,12.9821188135844 80.1497852075975,12.9819968670376 80.1496285459035,12.9817572691354 80.1495363329412,12.9814363879955 80.1494211599387,12.9811426950617 80.1493197248717,12.9810025493339 80.1492505671713,12.9809121668041 80.1490155418418,12.9807765938232 80.1493149943435,12.9784219047458 80.1498218867088,12.9775134247443 80.1499278456915,12.9766365966943 80.1495544968763,12.9754525168115 80.1489046555998,12.974272979776 80.1483838761784,12.9729080661446 80.1479828502693,12.9716335747276 80.1476648736082,12.9705759367725 80.1475634618974,12.9691523002745 80.1476370869198,12.96833429085 80.1479550429196,12.9674846170517 80.1483928036357,12.9667885570843 80.1488859257261,12.9662416493948 80.1493928207864,12.9659705066231 80.1499227118197,12.9658800538497 80.1507522125598,12.9659975270694 80.1514159103496,12.9663636080447 80.1518767407004,12.9669375953382 80.1522408467497,12.9676968372751 80.1527938882662,12.9689984827839 80.1532271960334,12.970214246856 80.1536050454082,12.9706977829981 80.1540889453938,12.9709102193291 80.1546143682069,12.9709372742548 80.1551857551181,12.9705439900987 80.1556373436013,12.9701824323206 80.1566834048002,12.9696038400377 80.1573515681153,12.9692423150337 80.158301000234,12.9704715362458 80.1588034118027,12.9709596309389 80.1594992755679,12.9713211184314 80.1605039109575,12.9715650998474 80.1605444034172,12.9715762750976 80.1616007548177,12.9718678241197 80.162614609617,12.9720168960971 80.1634901732699,12.9717772439325 80.1644118411582,12.9712619313825 80.1651722012658,12.9711172866919 80.1660800602515,12.970873148141 80.1668172788591,12.9702990911413 80.1678494467138,12.9694176689471 80.1698493121319,12.9676593209022 80.1709137241155,12.9669044199996 80.1725450125691,12.9665698431756 80.1750426946733,12.9660226137295 80.1779366038863,12.9655657563379 80.1801072291585,12.9660535183693 80.1822132422056,12.9665368026011 80.1852827208527,12.9681407890539 80.1858493035737,12.9683616393158 80.1860242747298,12.968207039601 80.1860274628508,12.9682093174009 80.1868906962281,12.9688260200257 80.1891720676051,12.9697521473986 80.1899416776652,12.9699101173091 80.1906284316151,12.9700997922448 80.191089210762,12.9700409603166 80.1914763029027,12.9698375415913 80.1918633680941,12.9696160150811 80.1924208940004,12.9692904979136 80.1927895051009,12.9690779569021 80.1944116109757,12.9687251028634 80.1950119173508,12.9686050642524 80.1951811500689,12.9685712238305 80.1957341808056,12.9685349769228 80.1958802387859,12.9685373956595 80.1958802621421,12.9685370673837 80.1958802432775,12.9685370236135 80.1959048696927,12.9681938691547 80.19597675378,12.9671920089026 80.1959546004268,12.9664199319179 80.1959014354334,12.9655891797573 80.1958356284489,12.9641488546517 80.1956859861906,12.9627717477433 80.1956331320142,12.9602115540712 80.1957685763995,12.9599270578849 80.1960629776743,12.9597599491183 80.1966160991408,12.959683138595 80.1973902708459,12.9597597311354 80.1982244302491,12.9597596155782 80.1988716340719,12.959714331164 80.1998103097635,12.9595289642029 80.200344999597,12.9592127668563 80.2007579632179,12.9588649693588 80.200953226418,12.9584990970902 80.2009676398867,12.9582732515797 80.2009192593204,12.9579978236067 80.2007321079074,12.9577133634104 80.2005899513103,12.9574107427315 80.2006910243562,12.9567739247682 80.2007984763389,12.9562455702815 80.200960873776,12.955712607194 80.2011361476643,12.9553195852532 80.2016755042458,12.9546103376154 80.202331316624,12.9536841819221 80.2022932271576,12.9531106622072 80.202045767348,12.9528216703132 80.2017171438541,12.9526411106158 80.2012232653823,12.9525509278939 80.2007992560766,12.9521581565987 80.2003681635549,12.9516434293892 80.1997263577086,12.9509164921589 80.1990740550482,12.9504018516817 80.1990566582744,12.9503914914154 80.1989451000925,12.9503250522798 80.1985921996281,12.9502800909482 80.1982234340174,12.9502802108872 80.1976994853398,12.9503842591893 80.1974050607088,12.9505515545926 80.1971185349641,12.9508542781552 80.1969378639975,12.9512336481648 80.1962973921493,12.9518662194244 80.1958653653798,12.9521237177528 80.1956183673042,12.9521554803176 80.1950455709363,12.9519750295699 80.1945189830083,12.9517177946018 80.194055008554,12.9515057052091 80.1935132615556,12.9513839310077 80.1929531269416,12.9513389900029 80.1925219499783,12.9512939474362 80.1918445438973,12.9512942310863 80.1909552396138,12.9512945541321 80.1896409549458,12.9513536627595 80.1888410797454,12.9514622997873 80.1882502874275,12.9514444377274 80.1874614381489,12.9511105369975 80.1867163682658,12.9506592578488 80.1862176649425,12.9500092590957 80.1856059840993,12.9491606162245 80.1852608603503,12.9482215795625 80.1850870237664,12.9477701095808 80.185085783193,12.9477698898365 80.1848077016119,12.9477205130208 80.1846107684437,12.947738722036 80.1838908370155,12.9478744058151 80.1834267035593,12.9478926533399 80.1823437081275,12.9481188645799 80.1815101739518,12.9480424129131 80.1806645915715,12.9480743300817 80.1803414702588,12.9482189312543 80.1800183471494,12.9483635323429 80.1794007625781,12.9485127645986 80.1780165880826,12.9480753377526 80.1767812617348,12.947818488345 80.176082729075,12.9476065287056 80.1752901239402,12.9471237654145 80.1746159428111,12.9471692455982 80.1741358543772,12.9473047826072 80.1737821472256,12.9473184995805 80.1732696421863,12.9472148851104 80.1726048547401,12.9467907352493 80.1715699757699,12.9459424771355 80.1705434223857,12.9447647062133 80.1696448447935,12.9439615962918 80.1674697351314,12.942662549711 80.1661363352125,12.9416655683326 80.1658013004424,12.9412098026632 80.1654696927452,12.9405780711029 80.1652111513182,12.9392285252593 80.1645226088226,12.9382695920204 80.1640964372721,12.9381966989038 80.1633554861644,12.9382149628961 80.1626314718932,12.9385576456081 80.1619561130727,12.9386101673107 80.1614815465829,12.938269856424 80.1611367399392,12.9378506222183 80.1606944059,12.9375540989938 80.1602903841094,12.9375486034097 80.1599540952912,12.9376248998269 80.1595712108592,12.9377957356022 80.1591541374459,12.9381088476901 80.1588865535772,12.9382812327842 80.1584532359286,12.9383370245692 80.1577977164011,12.9382184194053 80.1568717824136,12.9375021654125 80.1568692545544,12.937500207769 80.1557022441856,12.9365974531652 80.1546212142676,12.936217691414 80.1543856831867,12.9362761916308 80.1541461546027,12.9363538481128 80.153696134578,12.9365706379026 80.1533806552333,12.9367277025628 80.152740761002,12.936970404596 80.1521194151845,12.9371232884311 80.1505075950197,12.9370681179888 80.1481431537334,12.9372254353588 80.1475413139341,12.9374397440666 80.1474756848161,12.937500060683 80.1474715148365,12.9375038927965 80.1470486832222,12.9378924952412 80.1465073260926,12.9384110137811 80.1458075986734,12.9389888327874 80.1448099629565,12.9395150359763 80.1439259829877,12.939691752091 80.1418421673113,12.9407515506162 80.1411642707502,12.9413769159924 80.1404483359266,12.9421774243896 80.1400155527755,12.9426003082575 80.1395827660312,12.9430231922837 80.1389764876561,12.9435739926093 80.1383903899338,12.9438828819618 80.1378593337856,12.9440642630849 80.1355442683989,12.944635665683 80.1355426038207,12.9446360762861 80.1354367822802,12.9446621937943 80.1349544184137,12.9447812458929 80.13280867378,12.9450968250795 80.1327564044068,12.9450912456151 80.1327512417889,12.9450908971721 80.1321921608988,12.945053237316 80.1317014193439,12.945076329105 80.1304820497705,12.9451337083741 80.1296739136628,12.9451058968524 80.1296437554221,12.9450674210467 80.1295892222944,12.9449958702851 80.1295755355628,12.9451184942018 80.1294835732305,12.9459424088479 80.1292339466844,12.9470206770258 80.1285983221456,12.9481261984266 80.1279927219985,12.948880941769 80.1273274737165,12.9493778501226 80.1269842211582,12.9494999553564 80.1257117342021,12.9495097746197 80.1197352471084,12.949456010296 80.1197234414489,12.9494559043642 80.1173999058474,12.9501574888315 80.1172017563604,12.9495483941921 80.1168832155573,12.9485692177021 80.1163211720233,12.9469926118259 80.1159375860071,12.9469859144184 80.1141617083186,12.9472994597069 80.1131104270096,12.9471484853999 80.1125145646001,12.9469351927127 80.1124859469701,12.9469249487409 80.1112240879821,12.9465981420937 80.1112150060146,12.9465957896803 80.1107754441764,12.9465455756735 80.110612749397,12.9465769966368 80.1085823798868,12.9469691087398 80.1066577941878,12.9475524479243 80.1045221205667,12.9486689383842 80.1035365941398,12.9493782782273 80.1035320405796,12.9496482711912 80.1035365887499,12.9500595695815 80.103439800668,12.9504979200625 80.1034811438323,12.9509905853191 80.1036561625991,12.9518809718169 80.1037620362418,12.9526312599593 80.10416667787,12.9533591823264 80.10416667787,12.9534760101152 80.1041869402695,12.9535030581813 80.1045831592936,12.9540319533878 80.1048565256177,12.9548447816209 80.1048871734402,12.9549359107494 80.1053156976785,12.9555732437988 80.1056565436502,12.9563460819197 80.1057071816827,12.9571370594368 80.1059559171001,12.9579234576429 80.1061216787279,12.9588454523795 80.1063012986656,12.959659065048 80.1064670477169,12.9605584296103 80.106821773558,12.9615889368958 80.1071351562348,12.9617968524242 80.107267702655,12.9619361948275 80.107522175612,12.9622037142347 80.1080382855905,12.9621811492883 80.1085636464198,12.962181210568 80.1087663252125,12.9624795621353 80.1088723497722,12.9627733681506 80.1089183596845,12.9631710662065 80.1092177924232,12.9637089104243 80.1094435345625,12.9642151193928 80.1097338449095,12.9647665504314 80.1100978467542,12.9651145760454 80.1105309649769,12.9655395070834 80.1110977821582,12.9656479926037 80.1118903513603,12.9658017526375 80.1123240013857,12.9661355461261 80.1124893991958,12.966262857087 80.1130700755853,12.9666063626218 80.1136875505622,12.96701321657 80.1145676902331,12.9675511417754 80.1151667012376,12.9675060321092 80.1155492200553,12.9674517674371 80.1159318421792,12.9667513233314 80.1166598557501,12.9672982299007 80.1172957183425,12.9689027086729 80.1173105809688,12.9689932688971 80.1174062425634,12.9695761441751 80.1176734626144,12.9703897007548 80.1179130352158,12.971365982296 80.1180672256444,12.9716153823416 80.1180907992341,12.9716535126427 80.1186088046579,12.9724913763433 80.1192447166576,12.9731377675806 80.1194150884395,12.9741410937879 80.1195349183085,12.9746699372611 80.1195625244355,12.9752032028993 80.1194472544148,12.9759986137853 80.1193274056812,12.9769432443416 80.1191889591262,12.9784843849732 80.1192648784459,12.9790783603977 80.1192689765602,12.9791104188972 80.1193639913678,12.9798537866154 80.1194376478312,12.9805769829423 80.1197602292565,12.9813136471647 80.1202764146934,12.9817204840552 80.1207371875521,12.9823170532983 80.1208201074427,12.9828549033827 80.1208246960372,12.9831396595862 80.1202762476068,12.9838582183847 80.120119461047,12.9845858681982 80.1204696683622,12.9854356069825 80.1209950965651,12.9850966249764 80.1215896070101,12.9847848377326 80.1225758350211,12.9846448411168 80.1239077509232,12.9850290667884 80.1244101202711,12.9854448689851 80.1247602449413,12.98657927131 80.1250275817733,12.987031313378 80.12603675635,12.9884459296067 80.1263990927181,12.9891533161058 80.1264050602265,12.9891649658694 80.1265252341503,12.9893995803834 80.1269123307827,12.9901453375978 80.1272718509324,12.9907193548913 80.1277649604464,12.9910719597548 80.1281659252701,12.9911307324353 80.128562300601,12.9912165805786 80.1292904992248,12.9909816010204 80.1299864213805,12.990791829102 80.1303182455717,12.9905748545727 80.132111007096,12.9903082961597 80.1329198573643,12.9901349413475 80.1329544784354,12.990127520331 80.1344891198426,12.9904846663459 80.1350284018639,12.9905433822693 80.1355169362581,12.9910134032652 80.1355814658382,12.9916597507078 80.1355122928664,12.992396409204 80.1354708248362,12.9927625265817 80.1354892447911,12.9929025851466 80.1355306858718,12.9933545544342 80.135655134878,12.99371164504 80.1359178498778,12.9940144587527 80.1361022192084,12.9941771793168 80.1362127748704,12.9943941174367 80.1364939601308,12.9945115631764 80.1368902869526,12.9947195378285 80.1378028737717,12.9949364387115 80.1386969804487,12.9953205915677 80.1395910988038,12.9954381699159 80.1401164811927,12.9957907068072 80.1406465150581,12.9960844725791 80.1411488691346,12.9962154593611 80.1417802832698,12.9964098820021 80.1424716698316,12.996378237128 80.1429878364039,12.9962923426275 80.1434072301657,12.9962922901093 80.1435361123578,12.9962470333563 80.1437159847221,12.9961838696064 80.1441676989694,12.9960979452783 80.1446147626386,12.9958042171605 80.1448820455715,12.9956866923794 80.1454673500814,12.9953205653085 80.1460480929463,12.9949228416552 80.1464398437501,12.9947194397937 80.1468499830679,12.9944437615868 80.1472786303753,12.9942946487925 80.1473938069712,12.9942403847168 80.1477993891354,12.9941093128627 80.1480528451996,12.9940188685777 80.1482095482161,12.9939421062757 80.1483155584028,12.9938652144036 80.1487994529985,12.9935759643777 80.1494124525686,12.9933093076495 80.1495883130569,12.9932661747429 80.149384813204,12.9928527997624 80.1492372972579,12.9922020140563 80.1491127799798,12.9909591262179</coordinates></LinearRing></outerBoundaryIs></Polygon></MultiGeometry>
  </Placemark>
  <Placemark id="india_acs_map__ac.19">
	<Style><LineStyle><color>ff0000ff</color></LineStyle><PolyStyle><fill>0</fill></PolyStyle></Style>
	<ExtendedData><SchemaData schemaUrl="#india_acs_map__ac">
		<SimpleData name="id">ac.2382</SimpleData>
		<SimpleData name="tessellate">-1</SimpleData>
		<SimpleData name="extrude">0</SimpleData>
		<SimpleData name="visibility">-1</SimpleData>
		<SimpleData name="OBJECTID_1">2382</SimpleData>
		<SimpleData name="OBJECTID">2382</SimpleData>
		<SimpleData name="st_code">22</SimpleData>
		<SimpleData name="st_name">TAMIL NADU</SimpleData>
		<SimpleData name="dt_code">603</SimpleData>
		<SimpleData name="dist_name">Chennai</SimpleData>
		<SimpleData name="ac_no">17</SimpleData>
		<SimpleData name="ac_name">Royapuram</SimpleData>
		<SimpleData name="pc_no">2</SimpleData>
		<SimpleData name="pc_name">Chennai North</SimpleData>
		<SimpleData name="pc_id">332</SimpleData>
		<SimpleData name="status"></SimpleData>
		<SimpleData name="State_LGD">33</SimpleData>
		<SimpleData name="Dist_LGD">568</SimpleData>
		<SimpleData name="SHAPE_Leng">0</SimpleData>
		<SimpleData name="Type"></SimpleData>
		<SimpleData name="Phase"></SimpleData>
		<SimpleData name="Poll_Day"></SimpleData>
		<SimpleData name="DOA"></SimpleData>
		<SimpleData name="DOIN"></SimpleData>
		<SimpleData name="LDFN"></SimpleData>
		<SimpleData name="DSN"></SimpleData>
		<SimpleData name="LDWC"></SimpleData>
		<SimpleData name="DOCV"></SimpleData>
		<SimpleData name="Shape_Le_1">18513.7820324</SimpleData>
		<SimpleData name="Shape_Ar_1">5511183.85805</SimpleData>
		<SimpleData name="Shape_Length">18513.7820323786</SimpleData>
		<SimpleData name="Shape_Area">5511183.85804812</SimpleData>
	</SchemaData></ExtendedData>
      <MultiGeometry><Polygon><outerBoundaryIs><LinearRing><coordinates>80.2700203398696,13.1138807682513 80.2706649322899,13.1139132370981 80.2709118504155,13.1139139387582 80.2712382065616,13.1139148661395 80.2715444081059,13.1138437307338 80.271732254815,13.1138097833165 80.2718657830938,13.1137777099057 80.2721031736874,13.1137043513679 80.2723845386108,13.113670162462 80.2719807818232,13.1127902492559 80.2724301721289,13.1127220566624 80.2745059847144,13.1124830368537 80.2762751735474,13.1122431454183 80.2774017696098,13.1120009212793 80.2786230669678,13.1116874681335 80.2794678354744,13.111442414906 80.27963536858,13.1118292843512 80.2797830111885,13.1123519935778 80.279921148723,13.1127808669136 80.2799555281473,13.1128798443071 80.280029567293,13.113095562761 80.2800491361931,13.113236586391 80.2801079255386,13.1135881582373 80.2801323480362,13.1139051513827 80.2801661893696,13.1144650607306 80.2802204979184,13.1146781881336 80.2803435500443,13.1150274071056 80.2803974839957,13.1152035159559 80.2806437050285,13.1158010466215 80.2807274459793,13.116016792259 80.2808459867659,13.1163289818105 80.2809247519483,13.1164727087121 80.2809837488046,13.1166462968778 80.2810578795785,13.1168594801322 80.2811709702862,13.1170727743112 80.2812306830998,13.1171419061905 80.2817185123165,13.1178790620632 80.2820736370096,13.1183749794706 80.2825277758099,13.1190075812154 80.2829667339802,13.1196401402136 80.2837906301313,13.1208036895678 80.2845767449381,13.1205239876698 80.2857232791082,13.1201063716169 80.2856148237074,13.1198236208889 80.285284933589,13.1189484819965 80.2852062501532,13.1187352856805 80.285507936765,13.1186301637984 80.2859872212067,13.1185270671992 80.2865257477448,13.1183876301217 80.2866052297828,13.1183508391221 80.2864276598006,13.1178924432594 80.2862159727022,13.1171859903407 80.286566731583,13.1170881065264 80.2872738332724,13.1168771430344 80.2879312653131,13.1167375370446 80.287916204159,13.1166360782989 80.2878477642124,13.1163164246657 80.28784788818,13.1162099386866 80.2878235025133,13.1158610004809 80.2878091213839,13.1156109698337 80.2877993252557,13.1153335708444 80.2877651749019,13.1151899710101 80.2876270202994,13.1146992343737 80.2875679830189,13.1145601275821 80.2880822253999,13.1144180854685 80.2880430453788,13.1141730559588 80.2879884808102,13.1141034306832 80.2877813993742,13.1137859189845 80.2880036479654,13.1136800644543 80.2881276558988,13.1136433996093 80.2888787346129,13.113469578353 80.2891504830712,13.1134384042845 80.2896398457121,13.1133703256065 80.2896740068457,13.1135808599116 80.2896890239823,13.1137193347126 80.2896738038265,13.1137542795153 80.2896490561387,13.113791226058 80.2897178823608,13.114138262571 80.2901181923127,13.1140699303693 80.291615665925,13.1138338313727 80.2917577201141,13.1148843923903 80.2919342938647,13.1161201357521 80.2919634486873,13.1163605728301 80.29200304373,13.1166081390574 80.2920125757535,13.1166776358916 80.292012451786,13.116784122543 80.2921098049083,13.1179085899311 80.2922033392923,13.1184037636378 80.2922719993261,13.1189683354232 80.2925515200082,13.1205141953112 80.2925514418548,13.1205811294386 80.2925614796298,13.1206506277743 80.2926251989295,13.1211137707465 80.2926594031823,13.1212872882709 80.2926841149374,13.1213563209806 80.2926986263225,13.1214953014465 80.2927478800513,13.1217799119538 80.292782084304,13.1219534298828 80.2928510335953,13.122270548721 80.292890332194,13.1224141636665 80.2929591602128,13.1228352341053 80.2930674593068,13.1232518525615 80.2930819626071,13.1233979313982 80.2931161632666,13.1235739843856 80.2945595915365,13.1232560921079 80.2958198066075,13.1229797664446 80.2958545516461,13.1231233678528 80.295991986698,13.1237205888174 80.2960414865651,13.123794762354 80.2960412844442,13.1239681826268 80.2959915770663,13.1240719925727 80.2956947431537,13.1243535906091 80.2958180773506,13.1244604273749 80.2960405469273,13.1245994918207 80.296148699596,13.1247088209262 80.2961486645617,13.1247387381566 80.2962725826635,13.1247786426638 80.2962872566437,13.1247786846566 80.2963120142129,13.1248086718664 80.2963317043857,13.1248457444757 80.296376230281,13.1248458713288 80.29653397175,13.1249528058637 80.2966032956388,13.1250245005826 80.2967807245855,13.1250944744541 80.2972746560579,13.1254472829986 80.2972847755796,13.1254473118686 80.2973793430262,13.1253948219189 80.2973166972132,13.1250180818192 80.2972845123732,13.1248779214244 80.2972475916151,13.1248146777065 80.2971323153062,13.1247603810576 80.2970401292934,13.1247422716737 80.2969524833661,13.1247286817613 80.2968280217835,13.1247015797959 80.296726599293,13.1246427260291 80.2967081802364,13.1245433010736 80.2967081784398,13.1244122239827 80.2967082943224,13.1242495331992 80.2967359570433,13.1241320782673 80.296795995047,13.1240281449926 80.2968605821193,13.1239332611471 80.2970773581738,13.1237796378972 80.2977831671874,13.1230295973492 80.2981890098632,13.1227766659697 80.2983965197955,13.1226998763041 80.2986501627092,13.1226728126087 80.298850946955,13.1226759201002 80.2989498999768,13.1226774502248 80.2993187158931,13.1227860251842 80.2996092346492,13.1229308138852 80.2998305148566,13.1231116176716 80.3000195401552,13.123292486939 80.3009322383654,13.1243277063948 80.3023011774336,13.1262670123794 80.3031445553482,13.1276683379795 80.3041955132637,13.1291827357394 80.3046748839437,13.1298788854047 80.3048730837364,13.1301908123956 80.3049099137648,13.1302947281912 80.3049375486378,13.1304213107703 80.3049651547648,13.1305343045677 80.3049974491993,13.1305931193054 80.3050343241434,13.1306338058333 80.3050942866886,13.1306653853909 80.3051864780913,13.1306834890892 80.3052740997641,13.130683576572 80.3053571130795,13.1306474391604 80.3054216839821,13.130588694422 80.3054770552379,13.1305073195949 80.305532430087,13.1303853640329 80.3055648017765,13.1302271309642 80.3055694397784,13.1300237539098 80.3055372549384,13.1298882128548 80.3053620115927,13.1296350295854 80.3044816841739,13.1283015439359 80.3036105519103,13.1269815367305 80.3025273606457,13.1254671219029 80.3017114702805,13.1243731916422 80.3011584512219,13.1234962090087 80.3008404476113,13.1229086100404 80.3006607019095,13.1225740911162 80.3005870256831,13.1223525824196 80.3004949223154,13.1219864496997 80.3004534578785,13.1217017370729 80.3004166970205,13.1214124870854 80.3004121632232,13.121109672891 80.3004260547708,13.120951483716 80.3004630482925,13.1207481366033 80.3005046169339,13.1205673345778 80.3005830236886,13.1203685206981 80.3007629849861,13.1199482010434 80.3010767853794,13.1193200749232 80.3015474055703,13.1184299293098 80.3017227926463,13.117905720345 80.3018197208655,13.1175124773689 80.3018570746116,13.1161114411928 80.3019033306622,13.1156640471686 80.3019495507802,13.1153702818063 80.3020095564446,13.115126218242 80.3020835003689,13.1148324863578 80.3027340701791,13.1134904208473 80.3030523882,13.1128260612085 80.3031078052699,13.1127266673446 80.3034214331868,13.1123290827385 80.304819172243,13.1106572768732 80.3048929293177,13.1105352003503 80.304948358964,13.1103996642976 80.3049668256313,13.1102233542801 80.3049668588689,13.1100697285886 80.3049438781674,13.1099567323833 80.304897756864,13.1097849960398 80.3044740404091,13.1083476421703 80.3044371672617,13.1082210875958 80.3043360115708,13.1072221984167 80.3041473204453,13.1062550147387 80.3040781726263,13.1061600514175 80.3039583328759,13.1060832189421 80.3038707201862,13.1060379306674 80.303635564601,13.1060107960199 80.3033865408245,13.1060649401989 80.3031328547916,13.1062275179002 80.3029991225953,13.106349537941 80.3029069168196,13.1064443865753 80.3028238370288,13.1066567886241 80.3027868560835,13.1068195487913 80.3027821641828,13.1071268067618 80.3028097631233,13.10745229487 80.3028327851474,13.1075426460382 80.3028788480602,13.1076466274016 80.3029618371211,13.1077325050837 80.3030955306899,13.1078048723798 80.3031923663826,13.1078410831421 80.3032844975981,13.1078817419388 80.3033629160308,13.1079902753109 80.303408931333,13.1081574800062 80.3034135738263,13.1082523988112 80.3033581342986,13.1083834950154 80.3032797122726,13.1085280445979 80.3031782367814,13.1086952882986 80.3031136524041,13.1087856407603 80.3030767370358,13.1088940529967 80.3030812672398,13.1091924175941 80.3031043000437,13.1092872983789 80.3031411345636,13.1093550658461 80.3032194505884,13.1094590700659 80.3033209054182,13.1095359426078 80.3034269057234,13.1096218633756 80.3034637950406,13.1096716059973 80.3035144600226,13.1097665198436 80.3035329150118,13.10983876493 80.3035375422339,13.1098840463808 80.3035328647062,13.1099427523222 80.302993147002,13.1107425349506 80.3025502856518,13.1113345042337 80.3020059218609,13.1120845673354 80.3019782762081,13.112120675105 80.3019459889601,13.1121478265766 80.301899859572,13.1121839737072 80.3018583942368,13.1121975573139 80.3018260773444,13.1122110306832 80.3017892131801,13.1122155460115 80.3017108342733,13.1122109983121 80.3016462894218,13.1121929256243 80.301595576829,13.1121612378311 80.3015309825702,13.1121206103629 80.3014848711484,13.1120798534035 80.3014618643956,13.1120392294215 80.300927462023,13.1106018143559 80.3005681978931,13.1094221053745 80.300181141685,13.108423165077 80.3001350850603,13.1083643844058 80.3001120360868,13.1083463149351 80.3000290092967,13.108328188594 80.2999368098092,13.1083416954217 80.2998630114119,13.1083597832659 80.2997753681796,13.1083868660348 80.2996785486566,13.1084003816083 80.2996140352461,13.1083958950819 80.2995586487189,13.1083822421476 80.2994849275768,13.1083506002336 80.299411158824,13.1082964040631 80.2993512016687,13.1082195337587 80.2993051899599,13.1081381060316 80.2992867179027,13.1080568033895 80.2992409199929,13.1071709303281 80.2992593642023,13.1070669960091 80.2992870933985,13.1070263589505 80.2993239988853,13.1069991990395 80.2995776031714,13.1069676969338 80.2996514069586,13.1069089404125 80.299683650189,13.1068185653888 80.2996653137775,13.1067146169223 80.2992874644027,13.1057788880157 80.2988591575567,13.1044093906902 80.2986244385527,13.1030308031304 80.298278985122,13.1018962856547 80.2982744486298,13.1018058982913 80.2983762322431,13.1007890329165 80.2984085239826,13.1006353462149 80.298440804044,13.1004772199931 80.2984731577673,13.1003958142028 80.2987406320414,13.1002016071869 80.2992709425879,13.1000209877963 80.3001978027385,13.0998540391801 80.3009493970856,13.0996599131061 80.3013874937716,13.0994431548206 80.3015535383687,13.0992669078244 80.3017011737907,13.0990816400628 80.3017519088413,13.0989551778426 80.3017519851981,13.0988195829163 80.3017289299363,13.0986703580656 80.2974769180323,13.1000692843373 80.2961653193271,13.1004742985825 80.2945199596628,13.1011736399085 80.2931580067925,13.1018213390745 80.2906756409639,13.1027079085855 80.2866790317733,13.1045439221331 80.2859048061693,13.1047615797203 80.2847400254191,13.1050277837851 80.2841397846209,13.1050828407213 80.2827963604017,13.1052062909473 80.2809865883792,13.1053749630225 80.2802647983366,13.105583885572 80.2799103204306,13.1056573453968 80.2794045545526,13.1055442587986 80.2779795893567,13.1050005186632 80.2758560151442,13.1043121159874 80.275034133016,13.1041360938324 80.2734662144175,13.1038090693465 80.2730361495684,13.1037706321841 80.2725167939768,13.1039801046723 80.2711889546295,13.10497792736 80.2715938217348,13.106338150923 80.271016922761,13.1074948514126 80.2697755777008,13.1096637616158 80.2694428273465,13.1114036307269 80.2700180833016,13.1138715530543 80.2700203398696,13.1138807682513</coordinates></LinearRing></outerBoundaryIs></Polygon></MultiGeometry>
  </Placemark>
  <Placemark id="india_acs_map__ac.20">
	<Style><LineStyle><color>ff0000ff</color></LineStyle><PolyStyle><fill>0</fill></PolyStyle></Style>
	<ExtendedData><SchemaData schemaUrl="#india_acs_map__ac">
		<SimpleData name="id">ac.2383</SimpleData>
		<SimpleData name="tessellate">-1</SimpleData>
		<SimpleData name="extrude">0</SimpleData>
		<SimpleData name="visibility">-1</SimpleData>
		<SimpleData name="OBJECTID_1">2383</SimpleData>
		<SimpleData name="OBJECTID">2383</SimpleData>
		<SimpleData name="st_code">22</SimpleData>
		<SimpleData name="st_name">TAMIL NADU</SimpleData>
		<SimpleData name="dt_code">603</SimpleData>
		<SimpleData name="dist_name">Chennai</SimpleData>
		<SimpleData name="ac_no">19</SimpleData>
		<SimpleData name="ac_name">Chepauk-Thiruvallikeni</SimpleData>
		<SimpleData name="pc_no">4</SimpleData>
		<SimpleData name="pc_name">Chennai central</SimpleData>
		<SimpleData name="pc_id">334</SimpleData>
		<SimpleData name="status"></SimpleData>
		<SimpleData name="State_LGD">33</SimpleData>
		<SimpleData name="Dist_LGD">568</SimpleData>
		<SimpleData name="SHAPE_Leng">0</SimpleData>
		<SimpleData name="Type"></SimpleData>
		<SimpleData name="Phase"></SimpleData>
		<SimpleData name="Poll_Day"></SimpleData>
		<SimpleData name="DOA"></SimpleData>
		<SimpleData name="DOIN"></SimpleData>
		<SimpleData name="LDFN"></SimpleData>
		<SimpleData name="DSN"></SimpleData>
		<SimpleData name="LDWC"></SimpleData>
		<SimpleData name="DOCV"></SimpleData>
		<SimpleData name="Shape_Le_1">17896.6914543</SimpleData>
		<SimpleData name="Shape_Ar_1">10203064.6301</SimpleData>
		<SimpleData name="Shape_Length">17896.6914543136</SimpleData>
		<SimpleData name="Shape_Area">10203064.6300643</SimpleData>
	</SchemaData></ExtendedData>
      <MultiGeometry><Polygon><outerBoundaryIs><LinearRing><coordinates>80.2825516674032,13.0470923958496 80.2807782016912,13.0474027211538 80.2777534762132,13.0478124635147 80.2771406518146,13.0478827262221 80.2762069123656,13.0480580569203 80.2746103024751,13.0482639563474 80.2746543810095,13.0486479390112 80.2746534386767,13.0494552049219 80.2731909885807,13.0495970866883 80.2728596252252,13.0496260617863 80.2728112752017,13.0489251426246 80.2727918715915,13.0486426454125 80.2724259680134,13.0487110753839 80.2723121227208,13.0487107515897 80.2720206769033,13.0487864914125 80.271269637715,13.0488512913509 80.2707904377149,13.0488823825736 80.2703552524688,13.0489181618031 80.2702661997798,13.0489179088938 80.2695795464412,13.048950438803 80.2691201174622,13.048949132251 80.2683837935766,13.0490535259974 80.2678054258573,13.0491558334189 80.2671779274785,13.049226054614 80.265670446634,13.0492912394888 80.2657605656233,13.0483777413024 80.2657952585595,13.0481324142513 80.2658845187594,13.0479546831459 80.2660185024841,13.0476082229455 80.2660975991448,13.047467480324 80.2661327699848,13.0473215420094 80.2661968001016,13.0470098706605 80.2662518129296,13.0466956382984 80.2663114287251,13.0463388253224 80.266450393608,13.0460598204195 80.2665143087405,13.045921062585 80.2671134455091,13.0450069831106 80.2675691006657,13.044339441628 80.2676578092999,13.0442012621677 80.2676777069835,13.0440598437525 80.2677471907724,13.0439190737324 80.267796982592,13.043743258774 80.2678911260338,13.0432830999408 80.2679359726277,13.0430083911512 80.2679514011927,13.0427954617214 80.267936671517,13.0424095341562 80.2679222876926,13.0421615319991 80.2678532117389,13.0419534335066 80.2677992418549,13.0418072416468 80.2675380845338,13.0410017666981 80.2670837148665,13.0410004749815 80.2657688112593,13.0413136617799 80.265679720841,13.0413458610092 80.2652055325418,13.0414185462056 80.2645232701684,13.0415900282253 80.2640789248013,13.0412373595748 80.2639504055285,13.041236994639 80.2638320506932,13.0411991340761 80.2630315107396,13.0412663286512 80.2629525775722,13.0412661046139 80.2627498053547,13.0412335815702 80.2625373376203,13.0411954540872 80.2617915984922,13.0410549020986 80.261173962717,13.0409121787905 80.2605664464634,13.0407689775695 80.259455093913,13.0405234346849 80.2591390621045,13.0403465811364 80.2587682222838,13.0403085095263 80.2582445341176,13.0403070217727 80.2575922835595,13.0403421843877 80.2570488270671,13.0403705567174 80.2568261966919,13.0403699239847 80.2562679772861,13.0404748236882 80.2561789245971,13.0404745707703 80.2561050516397,13.0404743607346 80.246750589159,13.0403014698265 80.2469622043921,13.0411215366193 80.2469679751695,13.0411435097908 80.2469731297026,13.0411656238588 80.2469776599066,13.0411878508186 80.2469806854325,13.0412119208339 80.2471052314567,13.0420427444919 80.2473783633205,13.0438647382598 80.2473781971322,13.0438703452596 80.2473787711557,13.0438743822644 80.2473793254162,13.0438784218946 80.2473798626087,13.0438824650252 80.2478178766497,13.0472361499885 80.247854658169,13.0473992696646 80.247924703405,13.0475572592592 80.2480240471939,13.0476993503941 80.2481466456706,13.0478184309756 80.2485861491184,13.0480294929459 80.249279697925,13.0485810719864 80.2495328952744,13.0492546131995 80.2499977177384,13.0506468704353 80.2502322454012,13.0517226430802 80.2503452247178,13.0524248765946 80.2503471462142,13.0524368182943 80.250980964241,13.0523945734133 80.2513463764407,13.0526427123237 80.2525363342734,13.0535466263796 80.2534018134389,13.0541872564286 80.254002105441,13.0546772078153 80.2544552291451,13.0550877283296 80.2552021998634,13.0556505225857 80.2558728658848,13.0561771392193 80.2564278387792,13.0567176004214 80.2569470120128,13.0571445132237 80.2575403528512,13.0576329185917 80.2578535585598,13.057872863178 80.2584761692052,13.0582433467175 80.2590890645707,13.0587556081998 80.259730770704,13.0593034030729 80.2601924005555,13.059637970282 80.2607692671899,13.0601146744141 80.261143869155,13.0604051339722 80.2614107119135,13.060611516655 80.261724985719,13.0609292001239 80.2630637018678,13.0620148040649 80.2646749336361,13.0631401733409 80.2651089465808,13.0636519127528 80.2665146051845,13.0649835730909 80.2672864610329,13.0655317190491 80.267979222017,13.0659378322296 80.2684720332903,13.066370857117 80.2688098618209,13.0670241255691 80.2690761350475,13.0674290287213 80.2693925306738,13.067997151917 80.2694780179495,13.0682911890328 80.2690097387683,13.0683826807482 80.2690766623586,13.0691570836586 80.2690791731498,13.069186145717 80.2690836234037,13.0695296678781 80.2690788946721,13.0697601757964 80.2690512059001,13.0699182718462 80.2689865442676,13.0700674686 80.2688942279991,13.0702481458164 80.2688158095664,13.0704018068379 80.2687419833214,13.0705418748608 80.2686798827858,13.0708418565987 80.268580183264,13.0710320011846 80.2685450726111,13.0713823679573 80.2682262542286,13.0719861713123 80.2679235848599,13.0723661671873 80.2674624913027,13.0728885340082 80.266969399755,13.0734047307484 80.2669001962405,13.0734995938147 80.2665606492328,13.0739487856147 80.266162858157,13.074364974024 80.2658677346367,13.074663005928 80.2654360348538,13.0751953274272 80.2645589162172,13.0747886825883 80.2643777520755,13.07473674273 80.2639594201224,13.0746168070994 80.263998989114,13.0759002723875 80.2640177315641,13.0768929744268 80.2640218763909,13.0775678970743 80.2640222635647,13.0776310041777 80.2635784994077,13.078326898903 80.2642248058135,13.0782738966469 80.2651432918691,13.0781417947763 80.2654586202967,13.0790715272024 80.2657172335889,13.0797004227638 80.2662465155644,13.0803967806537 80.2673954410499,13.0811817544058 80.2682173510258,13.0813205738025 80.2694318068146,13.0813364209963 80.2710269955703,13.0809438686159 80.2721865328542,13.0802739996257 80.2732136557703,13.0794579557403 80.2737977026387,13.0787399281288 80.2738904824379,13.0778790433494 80.2739407449747,13.0774126593588 80.2740819727138,13.076705793676 80.2742485428253,13.0759843743396 80.2743593805584,13.0751622042074 80.2742160247104,13.074743469939 80.2738990712303,13.0743596993521 80.2740231663004,13.0739488066154 80.2746492839685,13.0732983662214 80.2746812406364,13.0732651683692 80.2750218862838,13.072953896395 80.2753625319311,13.0726426231531 80.2764742105699,13.0717886911461 80.2772203512449,13.071251910971 80.2785241696415,13.0703515321376 80.2797986212132,13.0696035077194 80.2804927718911,13.0695416280018 80.2813024378298,13.0695297002548 80.282052246326,13.0695938253419 80.2834833667782,13.0696616098514 80.283888260833,13.0696343705684 80.2841776486102,13.0695536327522 80.2847424957861,13.0692077681242 80.2852636839409,13.0689610468073 80.286529190089,13.0688014643125 80.287057501884,13.0685902118275 80.2890914826216,13.0686022288749 80.2883025399183,13.0673822492532 80.2880872128464,13.0670610747441 80.2879084481048,13.0667944350225 80.2874936932432,13.0662376883044 80.2874062889627,13.065785651654 80.2872036344245,13.0652658267278 80.2869917461035,13.0648816029971 80.2868627183843,13.0645832538842 80.2867937133974,13.064361770042 80.2867522768083,13.0641584357186 80.2867246607998,13.0639369611211 80.2867201782066,13.0637335538173 80.2867248772938,13.0635030490223 80.2867249114298,13.06329510501 80.2866927319797,13.0631008101404 80.2866374945729,13.0628792995915 80.2864947585624,13.0625176725941 80.2862230370536,13.0618306214061 80.2860479527098,13.0615502968808 80.2860248570238,13.0615051491872 80.2858222330284,13.0609943871619 80.2857439753941,13.0607185823346 80.2856749461527,13.060438413186 80.2856105908457,13.0597784880772 80.2855371733342,13.0588880897314 80.2854821407433,13.0583140973821 80.2852519106208,13.0576270590036 80.2845564951149,13.0557782522699 80.2842433379153,13.0548290136929 80.2840453968374,13.0542053149919 80.2837646283954,13.0530075067773 80.2834654543715,13.0517961530789 80.2833918715699,13.051452605377 80.2833504646252,13.0510774761927 80.2831067436038,13.0496944030987 80.2830970031711,13.0496473096059 80.2828122327345,13.0482705897644 80.2825516674032,13.0470923958496</coordinates></LinearRing></outerBoundaryIs></Polygon></MultiGeometry>
  </Placemark>
  <Placemark id="india_acs_map__ac.21">
	<Style><LineStyle><color>ff0000ff</color></LineStyle><PolyStyle><fill>0</fill></PolyStyle></Style>
	<ExtendedData><SchemaData schemaUrl="#india_acs_map__ac">
		<SimpleData name="id">ac.2384</SimpleData>
		<SimpleData name="tessellate">-1</SimpleData>
		<SimpleData name="extrude">0</SimpleData>
		<SimpleData name="visibility">-1</SimpleData>
		<SimpleData name="OBJECTID_1">2384</SimpleData>
		<SimpleData name="OBJECTID">2384</SimpleData>
		<SimpleData name="st_code">22</SimpleData>
		<SimpleData name="st_name">TAMIL NADU</SimpleData>
		<SimpleData name="dt_code">603</SimpleData>
		<SimpleData name="dist_name">Chennai</SimpleData>
		<SimpleData name="ac_no">22</SimpleData>
		<SimpleData name="ac_name">Virugampakkam</SimpleData>
		<SimpleData name="pc_no">3</SimpleData>
		<SimpleData name="pc_name">Chennai South</SimpleData>
		<SimpleData name="pc_id">333</SimpleData>
		<SimpleData name="status"></SimpleData>
		<SimpleData name="State_LGD">33</SimpleData>
		<SimpleData name="Dist_LGD">568</SimpleData>
		<SimpleData name="SHAPE_Leng">0</SimpleData>
		<SimpleData name="Type"></SimpleData>
		<SimpleData name="Phase"></SimpleData>
		<SimpleData name="Poll_Day"></SimpleData>
		<SimpleData name="DOA"></SimpleData>
		<SimpleData name="DOIN"></SimpleData>
		<SimpleData name="LDFN"></SimpleData>
		<SimpleData name="DSN"></SimpleData>
		<SimpleData name="LDWC"></SimpleData>
		<SimpleData name="DOCV"></SimpleData>
		<SimpleData name="Shape_Le_1">11588.226405</SimpleData>
		<SimpleData name="Shape_Ar_1">5248095.87085</SimpleData>
		<SimpleData name="Shape_Length">11588.2264049781</SimpleData>
		<SimpleData name="Shape_Area">5248095.87084661</SimpleData>
	</SchemaData></ExtendedData>
      <MultiGeometry><Polygon><outerBoundaryIs><LinearRing><coordinates>80.1999370575585,13.0572657936039 80.1997658593265,13.0533905089577 80.1982803611553,13.0531010860266 80.1982803611553,13.0468784145346 80.1997658593265,13.0465889839787 80.1993202096057,13.0419580516379 80.203356054513,13.0417701040401 80.202411958387,13.0284898711237 80.2015140239886,13.0284622903551 80.2004783886369,13.0282799127301 80.2000032876494,13.0286568032355 80.1984271332963,13.0286581947881 80.1981954757509,13.0287258828747 80.1979269576343,13.0286284540683 80.1976758470714,13.0286286746163 80.1976344347368,13.0286625646134 80.197579129058,13.0286783889291 80.1975007223034,13.0286874979092 80.1973393606238,13.0286738983278 80.1972057344287,13.0286422838273 80.197090432967,13.0285836241842 80.1967446812956,13.0285791353315 80.196684771751,13.0286018780339 80.1965903561197,13.0285972596534 80.196200756781,13.0285341374019 80.1961593399548,13.0285114822125 80.1961270410288,13.0284799595862 80.1959585853534,13.0284430046449 80.1958978969695,13.0295570608932 80.1958784286806,13.0295555809517 80.1949103717911,13.0290858841832 80.1946567127077,13.0288599208275 80.1932183518343,13.0281822491967 80.1930984887277,13.0280738723948 80.192955484121,13.0279654229045 80.1929186999067,13.0279699747821 80.1927757599787,13.0278298852614 80.1927758237591,13.0277982452725 80.1927434700358,13.0277033524124 80.191719980805,13.0267770771622 80.1915724567741,13.0266641119607 80.1913649621132,13.0266098672208 80.1913327646968,13.0265873851445 80.1912865257142,13.0264292237495 80.191097521975,13.0261174123092 80.1908715938844,13.0258597823779 80.190567318328,13.0256248172614 80.1902721597734,13.025272413804 80.190138464408,13.025050956015 80.1900370158663,13.0249108307102 80.1898434217361,13.0248296328095 80.189552968557,13.0245855252025 80.189491616318,13.0245019483879 80.1896736320626,13.0280385356238 80.1896782089789,13.0281063324037 80.1886216446777,13.0280809325718 80.1886265521741,13.0284697609857 80.187479254436,13.0284949962418 80.1875768536966,13.0303982035943 80.1876323893441,13.0317841764002 80.1876324504296,13.0317857158405 80.187457649055,13.0330784091507 80.186932075325,13.0330468433472 80.1869415525513,13.0333925896713 80.1867016799126,13.0333858560855 80.186709536578,13.033517292251 80.1867941974037,13.0349315417808 80.1867873872755,13.0350541300552 80.1867115649739,13.0364094819713 80.1870808641839,13.0384740212222 80.1873067895795,13.0390397448039 80.1873160215657,13.0390532974326 80.1872288885764,13.0403855033854 80.18722057916,13.0405125539648 80.187205580888,13.0407418576218 80.1870863277374,13.0425651150497 80.1868637171252,13.0431249457147 80.1862566895551,13.0428093405717 80.1858605747356,13.0448522823868 80.1857041304339,13.0458555932796 80.185547582826,13.046849956314 80.1852253849814,13.0490872022935 80.1849768579732,13.0507866818776 80.1849080712769,13.0527346193853 80.1849081440405,13.0528205013157 80.1849035141235,13.0534313578797 80.1849029553714,13.053505028389 80.1848901561752,13.055193287737 80.1851254321346,13.0558530763286 80.1860384654164,13.0554694330196 80.1867412471075,13.055132215623 80.1880094958122,13.0550713753946 80.1922402095591,13.0561339883812 80.1926287003768,13.0562315577447 80.1963058354147,13.0571929914295 80.1970973742492,13.0576144192346 80.1985229511978,13.0574032201853 80.1999370575585,13.0572657936039</coordinates></LinearRing></outerBoundaryIs></Polygon></MultiGeometry>
  </Placemark>
  <Placemark id="india_acs_map__ac.22">
	<Style><LineStyle><color>ff0000ff</color></LineStyle><PolyStyle><fill>0</fill></PolyStyle></Style>
	<ExtendedData><SchemaData schemaUrl="#india_acs_map__ac">
		<SimpleData name="id">ac.2385</SimpleData>
		<SimpleData name="tessellate">-1</SimpleData>
		<SimpleData name="extrude">0</SimpleData>
		<SimpleData name="visibility">-1</SimpleData>
		<SimpleData name="OBJECTID_1">2385</SimpleData>
		<SimpleData name="OBJECTID">2385</SimpleData>
		<SimpleData name="st_code">22</SimpleData>
		<SimpleData name="st_name">TAMIL NADU</SimpleData>
		<SimpleData name="dt_code">603</SimpleData>
		<SimpleData name="dist_name">Chennai</SimpleData>
		<SimpleData name="ac_no">18</SimpleData>
		<SimpleData name="ac_name">Harbour</SimpleData>
		<SimpleData name="pc_no">2</SimpleData>
		<SimpleData name="pc_name">Chennai North</SimpleData>
		<SimpleData name="pc_id">332</SimpleData>
		<SimpleData name="status"></SimpleData>
		<SimpleData name="State_LGD">33</SimpleData>
		<SimpleData name="Dist_LGD">568</SimpleData>
		<SimpleData name="SHAPE_Leng">0</SimpleData>
		<SimpleData name="Type"></SimpleData>
		<SimpleData name="Phase"></SimpleData>
		<SimpleData name="Poll_Day"></SimpleData>
		<SimpleData name="DOA"></SimpleData>
		<SimpleData name="DOIN"></SimpleData>
		<SimpleData name="LDFN"></SimpleData>
		<SimpleData name="DSN"></SimpleData>
		<SimpleData name="LDWC"></SimpleData>
		<SimpleData name="DOCV"></SimpleData>
		<SimpleData name="Shape_Le_1">20699.2971145</SimpleData>
		<SimpleData name="Shape_Ar_1">9937147.43546</SimpleData>
		<SimpleData name="Shape_Length">20699.2971144988</SimpleData>
		<SimpleData name="Shape_Area">9937147.43545714</SimpleData>
	</SchemaData></ExtendedData>
      <MultiGeometry><Polygon><outerBoundaryIs><LinearRing><coordinates>80.2694667710421,13.0813278170841 80.2694578076522,13.0813604827239 80.2694377779163,13.0815389177865 80.2694374536245,13.0818162883489 80.2696096400032,13.0825520406173 80.2697522978602,13.0830103369084 80.2699298121469,13.0830828462181 80.2699940722324,13.0830830290926 80.2702363927803,13.0831207344853 80.2707206215494,13.0831915803929 80.2709825900492,13.0832268060273 80.2715507178725,13.0833029613851 80.2721729539203,13.0834061453605 80.2728053445241,13.0834794403004 80.2739912374802,13.0835872686797 80.2738368628969,13.0844975417398 80.2732054245073,13.0879423554817 80.2728864794623,13.0902613294283 80.2728454138774,13.091630830191 80.2728097283028,13.0923685270817 80.2728828655399,13.0933565220126 80.2729315757879,13.0936735840872 80.2731383446101,13.0946918770241 80.272757354725,13.0951142040962 80.2726337312706,13.0952548206759 80.2725542115033,13.0953240636791 80.2722279092562,13.0957095296608 80.2720891069684,13.095850103028 80.2722029145317,13.0958823721396 80.2725387973114,13.0959578673723 80.2727365982521,13.0959903753316 80.2728401991572,13.0960971561692 80.2728992804551,13.0961987397516 80.2729086858161,13.0963772576901 80.2728782661657,13.0972959967372 80.2728183808756,13.0979590841329 80.2727666540849,13.099716975727 80.2727665301174,13.0998234618444 80.2726958946883,13.1009499876 80.2726106742122,13.1020019317712 80.2725012324611,13.1025634632007 80.2722481447063,13.1035135146058 80.271990876192,13.1041440950013 80.2719705589953,13.1042109714639 80.2719038312376,13.1044407242636 80.2725167939768,13.1039801046723 80.2730361495684,13.1037706321841 80.2734662144175,13.1038090693465 80.275034133016,13.1041360938324 80.2758560151442,13.1043121159874 80.2779795893567,13.1050005186632 80.2794045545526,13.1055442587986 80.2799103204306,13.1056573453968 80.2802647983366,13.105583885572 80.2809865883792,13.1053749630225 80.2827963604017,13.1052062909473 80.2841397846209,13.1050828407213 80.2847400254191,13.1050277837851 80.2859048061693,13.1047615797203 80.2866790317733,13.1045439221331 80.2906756409639,13.1027079085855 80.2931580067925,13.1018213390745 80.2945199596628,13.1011736399085 80.2961653193271,13.1004742985825 80.2974769180323,13.1000692843373 80.3017289299363,13.0986703580656 80.3016413810271,13.0985664674042 80.3015307678729,13.0984805567762 80.3014108921898,13.0984262779377 80.3012541649188,13.0983810433758 80.3010835721514,13.098376414926 80.3009544033967,13.0984261388217 80.3008483545825,13.0984848719945 80.300709997859,13.0986022753021 80.3006224058306,13.0986926725911 80.3005854491398,13.0987378572241 80.3005439784147,13.0987469102486 80.3005070684364,13.0987287805758 80.3004794533262,13.0986926060955 80.3000832262173,13.0977976121514 80.3000002200884,13.0976574791186 80.2999034571593,13.0976077708167 80.2997374026807,13.0976076605735 80.2996267877299,13.0976482869377 80.2995299358675,13.0977296463893 80.2994514832988,13.0978154934083 80.2994007509432,13.0979013753953 80.2993730433065,13.0980369358295 80.2993960473643,13.0981635166387 80.299492766276,13.0984076057765 80.2995527333128,13.0985341102752 80.2997094111764,13.0988143962618 80.2997370514394,13.0989048275956 80.2997323721151,13.0989635309062 80.2996908645591,13.0989996677242 80.299640153763,13.0990087391129 80.2995802352352,13.0989906567062 80.2995340995589,13.0989364051033 80.2994696643019,13.0987510347249 80.2993913042596,13.0985792791883 80.2993267701879,13.0984346686418 80.2992346263959,13.0983848598782 80.2991285973447,13.0983667809255 80.2990501923867,13.0983893159641 80.2989533162698,13.0984164173289 80.2988703191241,13.0984525481026 80.2987781115517,13.0985022842322 80.2986720375847,13.0985926273114 80.2985889730653,13.0986830141046 80.2985612690219,13.0987779059401 80.2985750419919,13.0989089441948 80.298635007232,13.0990355403047 80.2986856452646,13.099121393868 80.2987870443989,13.0993067797165 80.2987962108081,13.0994016870607 80.2987593098128,13.0994739535632 80.2986348069077,13.0995462191696 80.2985195701247,13.0995868548383 80.2984411364207,13.0995958920828 80.298358168021,13.0995597413532 80.2983167080757,13.0994873637585 80.2982061057013,13.0991031776037 80.2981738570809,13.0990172864115 80.2981093724166,13.0989810962247 80.2980032975512,13.0989855724235 80.2971687015668,13.0992564811629 80.2970349720654,13.0992926240625 80.2969657595677,13.0992925846902 80.2969104224479,13.0992563752952 80.296873539419,13.0992067241871 80.296108816194,13.0972675662042 80.2955931374068,13.0953239236864 80.2951601817792,13.0939091800718 80.2948884198462,13.0930775160089 80.2948792687084,13.0930323373372 80.2948838123871,13.0929961882691 80.2949484147308,13.0929148097547 80.2953219333276,13.0927521900144 80.2965716039738,13.0923684973329 80.2985313766825,13.0915511040392 80.3002006602795,13.0910544746038 80.3003113470955,13.0910499877613 80.300670946297,13.0911224290832 80.3007723364482,13.0911766544081 80.3019108154252,13.0922842977243 80.3023532734318,13.0928539158453 80.3025329832011,13.0931884034296 80.3028509427942,13.0939116273325 80.3030536215869,13.0944812023176 80.3031089021129,13.0946619683892 80.3032883711336,13.0955207156617 80.3033987049117,13.0965828648165 80.303347809961,13.0972291507692 80.3033201454435,13.0973828282225 80.3032924261288,13.0974686631132 80.3032186151551,13.0975635624163 80.3030202895983,13.0976810020359 80.3028911801324,13.0977578100105 80.3026698729757,13.0978029265693 80.302411631586,13.0978616161434 80.3022179170815,13.0979745172828 80.3021164218274,13.0980874979904 80.3020749582888,13.0982276194042 80.3020702421336,13.0983541651177 80.3021025320765,13.098458081242 80.3021347214081,13.0985575587386 80.3022038818035,13.0986614896511 80.3022638263824,13.0987338272412 80.3023053123788,13.0987744997915 80.3023652506696,13.0988016396114 80.302457452852,13.0987926609589 80.302545049372,13.0987474605871 80.3026603885629,13.0984989472002 80.3027157481406,13.0984175827531 80.3027849875877,13.0983453378141 80.30287255087,13.0983272212359 80.3029186613936,13.0983273061054 80.3029601482883,13.0983679795978 80.303098343315,13.0987295487748 80.3031628432508,13.0989420012277 80.3033286947101,13.099357861331 80.3034807902675,13.0996516501848 80.3036789586191,13.0999274088464 80.303978548563,13.1004382765975 80.3040983002786,13.1007727136341 80.3040843710018,13.1009535372077 80.3040289835763,13.1011071852136 80.3039459199553,13.1013240234029 80.3038905370214,13.1016494973116 80.3038720155568,13.1017579590629 80.3038443402596,13.101907019305 80.3037934309358,13.102377049138 80.3037842420688,13.1024855823129 80.3037888288666,13.102512656104 80.3037980527679,13.10258953869 80.3038348369822,13.1026347506055 80.3039040189372,13.1026618707514 80.3040654354139,13.1026935063973 80.3042083304262,13.1027071552726 80.3043005883042,13.1026800613795 80.3043466548103,13.1026167402092 80.3043836761798,13.1024315178399 80.3044436414199,13.1021738774048 80.3045175467166,13.10182589834 80.3046514576777,13.1012383945905 80.3046929427759,13.1011931999172 80.3047713153945,13.1011977451955 80.3048312222442,13.1012520566704 80.305057088351,13.1015142608414 80.3054995634257,13.1020295375732 80.3061127157094,13.1025856688821 80.3066012743581,13.1031688717787 80.3072281142718,13.1038921801093 80.307684347045,13.1046470097193 80.3080577497592,13.105135256264 80.3082881568498,13.1055646592559 80.3087812960081,13.106287978044 80.3090901062601,13.1068575226485 80.3092928416467,13.1071829988641 80.3096569153566,13.1078338572633 80.309827394038,13.1083220861114 80.3098919981783,13.1083672366052 80.3099795354094,13.1083762892755 80.3101132460462,13.1083718368701 80.3102516000747,13.1083764327604 80.3103945831218,13.1083854574334 80.3105006112748,13.1083990893697 80.3106388916414,13.1084126521876 80.3107542353239,13.1083765342497 80.3107911542855,13.1082725593191 80.3107865477247,13.1081550862565 80.3107542910195,13.108028522834 80.3107082748191,13.1079065193741 80.3106298932173,13.1077754360393 80.3101320666497,13.1072781280237 80.3100629296105,13.1071063539392 80.309933883925,13.1068396892937 80.3095882939504,13.106188703152 80.3090305416686,13.1053343650559 80.3088047043078,13.1050496104041 80.3086111290422,13.1047693148929 80.3083484463818,13.1044121746914 80.3077907938129,13.1035126379309 80.3069473251685,13.1024864423677 80.3062282390549,13.1017495623475 80.3057072988351,13.1013561903049 80.3052555693164,13.1009176544075 80.3049236651751,13.1005921786563 80.3046748516044,13.1002305693425 80.3043891630895,13.099570580973 80.3040942398935,13.0989965721827 80.3039283767561,13.0985761853914 80.3039099585978,13.0984360090546 80.3039377102519,13.0982372227871 80.3040485641546,13.0975863713865 80.3041224964008,13.0971661169297 80.3041640812119,13.0967865101358 80.3041873942902,13.0960362096744 80.3040906987347,13.0955526400848 80.3039939376021,13.0952497721892 80.3039019276592,13.0947526068624 80.3037959498119,13.0944181476508 80.3035702579782,13.0935502619478 80.3031417849439,13.0925739293129 80.3027823285745,13.0919320427252 80.3019112529047,13.0909510190899 80.3017637441452,13.0908063148179 80.3017315054063,13.0907249539545 80.3017407436807,13.0906391595875 80.3017914966976,13.0906075337676 80.302165019786,13.0904539553341 80.3022526441537,13.0903816748104 80.3023125483084,13.0903093601416 80.3023310607898,13.0901963749915 80.302335728436,13.0901331433585 80.3023172797351,13.0900201432531 80.3022020160027,13.0899161308218 80.3019807681347,13.0898980232484 80.3016717800163,13.0899838082487 80.3013582113883,13.0900876246575 80.3011922826738,13.0901417705877 80.3010677366496,13.0901462871958 80.3009571558347,13.0901146341886 80.3009156734315,13.0900739602083 80.3004823971054,13.0895133820244 80.3002243937693,13.0890748976641 80.2998557108036,13.0884285010712 80.2994409541454,13.0877956037378 80.299026171436,13.087235077245 80.2986528585533,13.0867513626335 80.2984547683551,13.086498162098 80.2982980482706,13.0862766673059 80.2981459877475,13.0859873231865 80.297864830335,13.085603141353 80.2974731837357,13.0850968199121 80.2970168880804,13.0844728835734 80.2966390360107,13.0838898184118 80.2961459381748,13.0831619801112 80.2956160165988,13.0823211806518 80.2952427728865,13.0816837622497 80.2951392321685,13.081508402053 80.2948557292547,13.0810282567247 80.2943073904188,13.0801648529106 80.2938142988711,13.0794280478817 80.2932568367451,13.0784380423386 80.2926487033489,13.077249154373 80.2920128919605,13.0758976560686 80.291722657072,13.0752195892597 80.2914186581967,13.074496354269 80.2912435774461,13.074098556576 80.2910916525687,13.0737278833218 80.2910224733086,13.0735606473852 80.2908566541886,13.0731718872719 80.2905158378614,13.0722453081164 80.2902625363075,13.0715491486002 80.2899124233154,13.0708575285825 80.2896314662271,13.070143313005 80.2892399606634,13.0691353291149 80.2891616661982,13.0689365025941 80.2891294103913,13.0687963662814 80.2890914826216,13.0686022288749 80.287057501884,13.0685902118275 80.286529190089,13.0688014643125 80.2852636839409,13.0689610468073 80.2847424957861,13.0692077681242 80.2841776486102,13.0695536327522 80.283888260833,13.0696343705684 80.2834833667782,13.0696616098514 80.282052246326,13.0695938253419 80.2813024378298,13.0695297002548 80.2804927718911,13.0695416280018 80.2797986212132,13.0696035077194 80.2785241696415,13.0703515321376 80.2772203512449,13.071251910971 80.2764742105699,13.0717886911461 80.2753625319311,13.0726426231531 80.2750218862838,13.072953896395 80.2746812406364,13.0732651683692 80.2746492839685,13.0732983662214 80.2740231663004,13.0739488066154 80.2738990712303,13.0743596993521 80.2742160247104,13.074743469939 80.2743593805584,13.0751622042074 80.2742485428253,13.0759843743396 80.2740819727138,13.076705793676 80.2739407449747,13.0774126593588 80.2738904824379,13.0778790433494 80.2737977026387,13.0787399281288 80.2732136557703,13.0794579557403 80.2723827940825,13.0801180714821 80.2721865328542,13.0802739996257 80.2710269955703,13.0809438686159 80.2694667710421,13.0813278170841</coordinates></LinearRing></outerBoundaryIs></Polygon></MultiGeometry>
  </Placemark>
  <Placemark id="india_acs_map__ac.23">
	<Style><LineStyle><color>ff0000ff</color></LineStyle><PolyStyle><fill>0</fill></PolyStyle></Style>
	<ExtendedData><SchemaData schemaUrl="#india_acs_map__ac">
		<SimpleData name="id">ac.2386</SimpleData>
		<SimpleData name="tessellate">-1</SimpleData>
		<SimpleData name="extrude">0</SimpleData>
		<SimpleData name="visibility">-1</SimpleData>
		<SimpleData name="OBJECTID_1">2386</SimpleData>
		<SimpleData name="OBJECTID">2386</SimpleData>
		<SimpleData name="st_code">22</SimpleData>
		<SimpleData name="st_name">TAMIL NADU</SimpleData>
		<SimpleData name="dt_code">603</SimpleData>
		<SimpleData name="dist_name">Chennai</SimpleData>
		<SimpleData name="ac_no">15</SimpleData>
		<SimpleData name="ac_name">Thiru-Vi-Ka-Nagar</SimpleData>
		<SimpleData name="pc_no">2</SimpleData>
		<SimpleData name="pc_name">Chennai North</SimpleData>
		<SimpleData name="pc_id">332</SimpleData>
		<SimpleData name="status"></SimpleData>
		<SimpleData name="State_LGD">33</SimpleData>
		<SimpleData name="Dist_LGD">568</SimpleData>
		<SimpleData name="SHAPE_Leng">0</SimpleData>
		<SimpleData name="Type"></SimpleData>
		<SimpleData name="Phase"></SimpleData>
		<SimpleData name="Poll_Day"></SimpleData>
		<SimpleData name="DOA"></SimpleData>
		<SimpleData name="DOIN"></SimpleData>
		<SimpleData name="LDFN"></SimpleData>
		<SimpleData name="DSN"></SimpleData>
		<SimpleData name="LDWC"></SimpleData>
		<SimpleData name="DOCV"></SimpleData>
		<SimpleData name="Shape_Le_1">9995.34815208</SimpleData>
		<SimpleData name="Shape_Ar_1">5052151.19165</SimpleData>
		<SimpleData name="Shape_Length">9995.34815208479</SimpleData>
		<SimpleData name="Shape_Area">5052151.19164974</SimpleData>
	</SchemaData></ExtendedData>
      <MultiGeometry><Polygon><outerBoundaryIs><LinearRing><coordinates>80.2443425894628,13.1123584852881 80.2460211670297,13.1118537149303 80.2465915990317,13.1126870530952 80.252010696763,13.1133814997008 80.2601393433598,13.1147703861548 80.2705740721906,13.1159092912883 80.270529075578,13.1156931212389 80.2703080711535,13.1150558312124 80.2700180833016,13.1138715530543 80.2694428273465,13.1114036307269 80.2697755777008,13.1096637616158 80.271016922761,13.1074948514126 80.2715938217348,13.106338150923 80.2711889546295,13.10497792736 80.2711794208094,13.1049458974188 80.2708059758744,13.1047965940392 80.270414320292,13.104263085344 80.2701240602507,13.1037387175757 80.269437047586,13.1037203389171 80.2688099372794,13.1037607210437 80.2683673382372,13.1036882615663 80.2683075948809,13.1032317605935 80.2681881728471,13.1022554497187 80.2681883668832,13.1017311791657 80.2674782818887,13.1017715266214 80.2660257770412,13.1018568026512 80.26458257874,13.1019284603563 80.2644905831701,13.1015125993453 80.2642379661324,13.0994290306723 80.2635001815862,13.0995733037833 80.2628776032803,13.0997537756377 80.2622274422035,13.0998619241214 80.2615587982897,13.0999203752217 80.2608440672086,13.0999426738849 80.2603092866453,13.0998836707041 80.2602763921362,13.0998773037808 80.2598693789557,13.0997985287314 80.2593765155801,13.0996092200272 80.258251196922,13.0987693271353 80.2568108435854,13.098974345179 80.255516901267,13.0992613160821 80.2545691112686,13.0994943309002 80.2536604635621,13.0987330389185 80.2521794641537,13.0983742336924 80.2514758110967,13.0979640555689 80.2495416349838,13.0977470551806 80.2480368023726,13.0975038175858 80.2472955197867,13.0968409275776 80.2462013753639,13.096872282238 80.2452973440996,13.0969810575752 80.2438511373406,13.0972620330381 80.242662997698,13.0974967348948 80.2428821947122,13.0981368325944 80.2434654977756,13.0998401652876 80.2438079508333,13.101893148153 80.2435555979003,13.103221617576 80.2430358793893,13.1035427012275 80.2426291940939,13.1041370921193 80.242412020984,13.1048188948855 80.2424360338499,13.1055201548122 80.2424468648373,13.10583645492 80.2430120776275,13.1071905896002 80.2433116585883,13.1085236709369 80.2436995385516,13.1093543737968 80.2443230196644,13.1104246217087 80.2444825784251,13.1120381331784 80.2443425894628,13.1123584852881</coordinates></LinearRing></outerBoundaryIs></Polygon></MultiGeometry>
  </Placemark>
  <Placemark id="india_acs_map__ac.24">
	<Style><LineStyle><color>ff0000ff</color></LineStyle><PolyStyle><fill>0</fill></PolyStyle></Style>
	<ExtendedData><SchemaData schemaUrl="#india_acs_map__ac">
		<SimpleData name="id">ac.2387</SimpleData>
		<SimpleData name="tessellate">-1</SimpleData>
		<SimpleData name="extrude">0</SimpleData>
		<SimpleData name="visibility">-1</SimpleData>
		<SimpleData name="OBJECTID_1">2387</SimpleData>
		<SimpleData name="OBJECTID">2387</SimpleData>
		<SimpleData name="st_code">22</SimpleData>
		<SimpleData name="st_name">TAMIL NADU</SimpleData>
		<SimpleData name="dt_code">603</SimpleData>
		<SimpleData name="dist_name">Chennai</SimpleData>
		<SimpleData name="ac_no">13</SimpleData>
		<SimpleData name="ac_name">Kolathur</SimpleData>
		<SimpleData name="pc_no">1</SimpleData>
		<SimpleData name="pc_name">Thiruvallur</SimpleData>
		<SimpleData name="pc_id">331</SimpleData>
		<SimpleData name="status"></SimpleData>
		<SimpleData name="State_LGD">33</SimpleData>
		<SimpleData name="Dist_LGD">568</SimpleData>
		<SimpleData name="SHAPE_Leng">0</SimpleData>
		<SimpleData name="Type"></SimpleData>
		<SimpleData name="Phase"></SimpleData>
		<SimpleData name="Poll_Day"></SimpleData>
		<SimpleData name="DOA"></SimpleData>
		<SimpleData name="DOIN"></SimpleData>
		<SimpleData name="LDFN"></SimpleData>
		<SimpleData name="DSN"></SimpleData>
		<SimpleData name="LDWC"></SimpleData>
		<SimpleData name="DOCV"></SimpleData>
		<SimpleData name="Shape_Le_1">17178.5655209</SimpleData>
		<SimpleData name="Shape_Ar_1">7620746.65687</SimpleData>
		<SimpleData name="Shape_Length">17178.5655208555</SimpleData>
		<SimpleData name="Shape_Area">7620746.65686873</SimpleData>
	</SchemaData></ExtendedData>
      <MultiGeometry><Polygon><outerBoundaryIs><LinearRing><coordinates>80.2434654977756,13.0998401652876 80.2379495868096,13.1006032859608 80.2378509212487,13.1006030051066 80.2371839625744,13.1007425843791 80.2364966319061,13.1008471180741 80.2352957811023,13.1009821379272 80.2349400320801,13.1010206787672 80.2348858924146,13.1010205247788 80.2344411913146,13.1010466433034 80.234149617038,13.1010828314367 80.2336404752912,13.1011904062553 80.233477006164,13.1012218881021 80.2331166649541,13.101292868794 80.2329040732522,13.1013617347532 80.2327062354805,13.1013611721715 80.2323600669909,13.1014271228367 80.2318114595587,13.101534078053 80.2312927067366,13.1016390908745 80.2314543998945,13.1026942728342 80.2314842994204,13.1027293460673 80.2315140650973,13.1027294300604 80.2316719305338,13.1027298788983 80.2317063369075,13.1027299768903 80.2317462688185,13.1027645715329 80.2317798981494,13.1034309671671 80.2320911131914,13.1033993989851 80.2321356390868,13.1033995258493 80.2321797140279,13.1037860439715 80.2322084879648,13.1042764707806 80.2322328251225,13.1046674968682 80.2322820465118,13.1049794890918 80.2322958985335,13.1056828457378 80.232339436282,13.1065297895985 80.2323534131695,13.1071266606514 80.2323678958086,13.1077235320065 80.2323672023092,13.1083173187381 80.2324006600619,13.1091297525283 80.2324550629339,13.1093378092342 80.2324696093532,13.1094468721558 80.2324147151028,13.1096596889417 80.2324678055361,13.110991933621 80.2321414089659,13.1110254877229 80.2304416194802,13.1111966133968 80.2273680561935,13.1113983166027 80.2267203223646,13.1114659461297 80.226680485675,13.1117827565322 80.2267050330385,13.1119932633247 80.226803204526,13.1124169526681 80.2269950379583,13.113226794617 80.2259972091036,13.1133304454941 80.2258974592761,13.1137510363033 80.2253837657658,13.1138560631586 80.2249441572152,13.1138548138182 80.2247659305645,13.1138842249344 80.2245387457308,13.1138835792669 80.2243262348773,13.1138829755941 80.2240889709462,13.1139218538701 80.2239112509453,13.1139512658531 80.2237426677092,13.1140298911408 80.2233772348482,13.1141277333029 80.223204143866,13.1141667935168 80.2229272956719,13.114232941099 80.2225416147844,13.1143383317013 80.2220820241086,13.1144759644354 80.2206586731854,13.1149323474338 80.2200997863313,13.1151756780381 80.2198726095825,13.1152419662052 80.2195019790693,13.1153844164132 80.2188889920756,13.1155931117418 80.2185230480733,13.1156960232214 80.2180436342742,13.1159101687939 80.2176330826298,13.1160824231642 80.2171633284148,13.1162570439635 80.2167385232018,13.1165032909778 80.2162981187439,13.1166754600695 80.2158187920814,13.1168150660946 80.2154183985862,13.1169548960089 80.2150624896639,13.1171298407678 80.2150032520591,13.1171621254615 80.214538514935,13.1173732706831 80.2140688038393,13.1175108754723 80.2136040667152,13.1177225269468 80.2135203607988,13.1174768638205 80.2133337986806,13.1165605509148 80.2130936143264,13.1150518181196 80.2127621979703,13.1150508758696 80.2125648318142,13.1150802325999 80.2121741293443,13.1151531559102 80.2117591481072,13.1152189112793 80.2117343555037,13.1152188404138 80.2113142682425,13.1153241334816 80.210864371287,13.1153923244787 80.210577944357,13.115428527125 80.2104195291516,13.1154650937171 80.2099797121918,13.1155677952785 80.2095100424186,13.1156704119336 80.20909497135,13.1158132424668 80.2090949336207,13.1158451878794 80.2087142734174,13.1159850743376 80.2086849263554,13.115984991224 80.2085760568311,13.1160566868087 80.2084870508545,13.1160909147524 80.2082494949709,13.1162317144453 80.2077803309491,13.1163343325731 80.2073553083438,13.1163331243647 80.2072611963431,13.1163328575264 80.2071377372803,13.1163325066998 80.2068953331891,13.1163662989152 80.2065791360905,13.1164049528295 80.2065397512536,13.116261337873 80.2065252021392,13.1161548098758 80.2063823879753,13.115904414702 80.2063378908261,13.1158054079048 80.2063036084199,13.1156988237177 80.2062592478145,13.1155572232025 80.2059393038429,13.1143976402512 80.2058753716424,13.1141175513647 80.2049315611808,13.1142512734783 80.201501496982,13.114701953517 80.2004661454979,13.1148335887126 80.2007010154188,13.1153586161181 80.2007102950157,13.1153813560732 80.2007182028851,13.1153971599557 80.2007219892841,13.1154047268165 80.2007275489573,13.1154150766789 80.2007281822696,13.1154162507715 80.2007343635771,13.1154277546036 80.2007471304339,13.1154489853798 80.2016331864093,13.1169371377507 80.202509441765,13.1184088168987 80.2024787705863,13.1184088247726 80.2023123091709,13.1184088711408 80.2022491414367,13.1184088886382 80.2022374956774,13.1184088921377 80.2021665826689,13.1184089113849 80.2021557678512,13.1184089140095 80.2021539918818,13.1184089148844 80.2021359348463,13.1184089192587 80.2019885114267,13.1188744749725 80.2022319378007,13.1191288407789 80.2022484048182,13.1191501797193 80.2023506869964,13.119282718023 80.2023515529724,13.1192845193781 80.2023524737455,13.1192864799593 80.2024110412071,13.1194113009748 80.2024349184274,13.1194621868191 80.2024416746566,13.1194929323134 80.2024765050352,13.1196513210219 80.2024769128703,13.1196531766161 80.202477359333,13.1196553016695 80.2024771033131,13.1197141426326 80.2024765194082,13.1198482378954 80.2024713172644,13.1198939155675 80.2024667098053,13.1199343527803 80.2020000224388,13.124031004009 80.2019985545916,13.1240448607899 80.2019973041367,13.1240587403161 80.2019962719725,13.1240726355888 80.2019955128961,13.1240855798968 80.2019954554039,13.1240865588561 80.2018983367419,13.1260380069665 80.2019341426908,13.1260314167599 80.2019699118088,13.1260248344268 80.2019721135795,13.1260244276239 80.2020134477607,13.1260177368098 80.2020148491325,13.1260175093501 80.2020600209166,13.1260120765629 80.2021054109913,13.1260088343874 80.2021286989167,13.1260075492401 80.2021519518078,13.1260062999615 80.2021619222092,13.1260063008363 80.2025784701081,13.1260077819489 80.2025831620088,13.126007798571 80.2025841070365,13.1260078020703 80.2026340174337,13.1260079814136 80.2026349948007,13.1260079831632 80.202651851687,13.1260080444024 80.2026675236955,13.1260081003925 80.2026776890312,13.1260081353863 80.2027060856757,13.1260082359934 80.2027352719392,13.1260083401 80.2027362843406,13.1260083435994 80.2027488068557,13.1260083882165 80.2027503178219,13.1260083943404 80.2027789650964,13.1260084958224 80.2027799514466,13.1260084993218 80.2028069440242,13.1260085946799 80.2028134280639,13.1260086183007 80.202815832854,13.1260086270491 80.2028261562932,13.1260086629178 80.2033324557705,13.1260104895941 80.203348834753,13.1260105928258 80.2033556754239,13.1260106479411 80.2033569546249,13.1260106575644 80.2033710006827,13.1260107520476 80.2033847997038,13.1260108447812 80.2033883543373,13.1260108701517 80.2034228559325,13.1260139592293 80.2034434677766,13.1260158051521 80.2034699240601,13.1260197542023 80.2034981805674,13.1260239718297 80.2035522339946,13.1260352853241 80.2041763825557,13.1261865153393 80.2042963184259,13.1263220680599 80.2043335374248,13.1267718546255 80.2043703261306,13.1272169617198 80.2053064892343,13.1274019510866 80.2053065269635,13.1274019537111 80.2061240253131,13.1278575848449 80.2061413250689,13.1278672255639 80.2138987716206,13.1311912424302 80.2148233275925,13.1310801884263 80.2157478808694,13.1309691816129 80.2179151464424,13.1306566108619 80.2179424839731,13.1306533643736 80.217950689185,13.1306523968133 80.2179696903499,13.1306501572525 80.2207602744406,13.1303211882895 80.2223147084285,13.1299485761981 80.2223306499315,13.1299447549364 80.2223464611788,13.1299409879143 80.2230680580836,13.1292184167034 80.2238860954224,13.1283992675634 80.2249667318783,13.1276517650275 80.2263571388851,13.1266899720002 80.2264194783726,13.1266907322384 80.2266400255546,13.1266935466069 80.2266994580938,13.1266943059702 80.2311361187045,13.1267508837807 80.2311760272593,13.1267514174345 80.231619545278,13.1267442201065 80.2328112943513,13.1267249403297 80.2328227739224,13.1267247539882 80.2328372197304,13.1267245204053 80.2342263915538,13.1267020395782 80.2346114633835,13.1266958238221 80.2347152619179,13.1246074398329 80.2356234568735,13.1245015689657 80.2354324939088,13.1218084682586 80.2348962086673,13.1162192570318 80.2342396030767,13.1137419120898 80.2335085837428,13.1138483081492 80.233225582089,13.1122840589566 80.2355745552844,13.1116613323655 80.2362597506573,13.1134499773255 80.2370132673991,13.1129346203959 80.2388617343524,13.111709225045 80.2399790301567,13.1122389266795 80.243519246674,13.1126060747918 80.244265971254,13.1125338182697 80.2444825784251,13.1120381331784 80.2443230196644,13.1104246217087 80.2436995385516,13.1093543737968 80.2433116585883,13.1085236709369 80.2430120776275,13.1071905896002 80.2424468648373,13.10583645492 80.2424360338499,13.1055201548122 80.242412020984,13.1048188948855 80.2426291940939,13.1041370921193 80.2430358793893,13.1035427012275 80.2435555979003,13.103221617576 80.2438079508333,13.101893148153 80.2434654977756,13.0998401652876</coordinates></LinearRing></outerBoundaryIs></Polygon></MultiGeometry>
  </Placemark>
</Folder>
</Document></kml>
